<?xml version="1.0" encoding="UTF-8"?>
<?xml-stylesheet type="text/xsl" href="http://findbugs.sourceforge.net/xsl/default.xsl"?>

<BugCollection version="3.0.1" sequence="0" timestamp="1555494811874" analysisTimestamp="1555494811347" release="">
  <Project projectName="fescar-all[fescar-config]">
    <Jar>C:\Users\Subhodip_PC\Desktop\PROJECT\Seta_Downloads\seata-0.2.2\config\target\classes\com\alibaba\fescar\config\AbstractConfiguration.class</Jar>
    <Jar>C:\Users\Subhodip_PC\Desktop\PROJECT\Seta_Downloads\seata-0.2.2\config\target\classes\com\alibaba\fescar\config\ConfigChangeListener.class</Jar>
    <Jar>C:\Users\Subhodip_PC\Desktop\PROJECT\Seta_Downloads\seata-0.2.2\config\target\classes\com\alibaba\fescar\config\ConfigFuture$ConfigOperation.class</Jar>
    <Jar>C:\Users\Subhodip_PC\Desktop\PROJECT\Seta_Downloads\seata-0.2.2\config\target\classes\com\alibaba\fescar\config\ConfigFuture.class</Jar>
    <Jar>C:\Users\Subhodip_PC\Desktop\PROJECT\Seta_Downloads\seata-0.2.2\config\target\classes\com\alibaba\fescar\config\ConfigType.class</Jar>
    <Jar>C:\Users\Subhodip_PC\Desktop\PROJECT\Seta_Downloads\seata-0.2.2\config\target\classes\com\alibaba\fescar\config\Configuration.class</Jar>
    <Jar>C:\Users\Subhodip_PC\Desktop\PROJECT\Seta_Downloads\seata-0.2.2\config\target\classes\com\alibaba\fescar\config\ConfigurationFactory$1.class</Jar>
    <Jar>C:\Users\Subhodip_PC\Desktop\PROJECT\Seta_Downloads\seata-0.2.2\config\target\classes\com\alibaba\fescar\config\ConfigurationFactory.class</Jar>
    <Jar>C:\Users\Subhodip_PC\Desktop\PROJECT\Seta_Downloads\seata-0.2.2\config\target\classes\com\alibaba\fescar\config\FileConfiguration$ConfigChangeRunnable.class</Jar>
    <Jar>C:\Users\Subhodip_PC\Desktop\PROJECT\Seta_Downloads\seata-0.2.2\config\target\classes\com\alibaba\fescar\config\FileConfiguration$ConfigOperateRunnable.class</Jar>
    <Jar>C:\Users\Subhodip_PC\Desktop\PROJECT\Seta_Downloads\seata-0.2.2\config\target\classes\com\alibaba\fescar\config\FileConfiguration.class</Jar>
    <Jar>C:\Users\Subhodip_PC\Desktop\PROJECT\Seta_Downloads\seata-0.2.2\config\target\classes\com\alibaba\fescar\config\NacosConfiguration.class</Jar>
    <Jar>C:\Users\Subhodip_PC\Desktop\PROJECT\Seta_Downloads\seata-0.2.2\config\target\test-classes\com\alibaba\fescar\config\FileConfigurationTest$1.class</Jar>
    <Jar>C:\Users\Subhodip_PC\Desktop\PROJECT\Seta_Downloads\seata-0.2.2\config\target\test-classes\com\alibaba\fescar\config\FileConfigurationTest.class</Jar>
    <Jar>C:\Users\Subhodip_PC\Desktop\PROJECT\Seta_Downloads\seata-0.2.2\config\target\test-classes\com\alibaba\fescar\config\NacosConfigurationTest.class</Jar>
    <AuxClasspathEntry>C:/Users/Subhodip_PC/Desktop/PROJECT/Seta_Downloads/seata-0.2.2/config/target/classes</AuxClasspathEntry>
    <AuxClasspathEntry>C:/Users/Subhodip_PC/Desktop/PROJECT/Seta_Downloads/seata-0.2.2/config/target/test-classes</AuxClasspathEntry>
    <AuxClasspathEntry>C:/Users/Subhodip_PC/Desktop/PROJECT/Seta_Downloads/seata-0.2.2/common/target/classes</AuxClasspathEntry>
    <AuxClasspathEntry>C:/Users/Subhodip_PC/Desktop/PROJECT/Seta_Downloads/seata-0.2.2/common/target/test-classes</AuxClasspathEntry>
    <SrcDir>C:/Users/Subhodip_PC/Desktop/PROJECT/Seta_Downloads/seata-0.2.2/config/src/main/java</SrcDir>
    <SrcDir>C:/Users/Subhodip_PC/Desktop/PROJECT/Seta_Downloads/seata-0.2.2/config/src/main/resources</SrcDir>
    <SrcDir>C:/Users/Subhodip_PC/Desktop/PROJECT/Seta_Downloads/seata-0.2.2/config/src/test/java</SrcDir>
  </Project>
  <BugInstance type="NP_NULL_ON_SOME_PATH_EXCEPTION" priority="2" rank="11" abbrev="NP" category="CORRECTNESS" instanceHash="9e1fd75d058c2537880df30708aaa5f8" instanceOccurrenceNum="0" instanceOccurrenceMax="0" cweid="476">
    <ShortMessage>Possible null pointer dereference in method on exception path</ShortMessage>
    <LongMessage>Possible null pointer dereference of configType in com.alibaba.fescar.config.ConfigurationFactory.getInstance() on exception path</LongMessage>
    <Class classname="com.alibaba.fescar.config.ConfigurationFactory" primary="true">
      <SourceLine classname="com.alibaba.fescar.config.ConfigurationFactory" sourcefile="ConfigurationFactory.java" sourcepath="com/alibaba/fescar/config/ConfigurationFactory.java" relSourcepath="main\java\com\alibaba\fescar\config\ConfigurationFactory.java">
        <Message>In ConfigurationFactory.java</Message>
      </SourceLine>
      <Message>In class com.alibaba.fescar.config.ConfigurationFactory</Message>
    </Class>
    <Method classname="com.alibaba.fescar.config.ConfigurationFactory" name="getInstance" signature="()Lcom/alibaba/fescar/config/Configuration;" isStatic="true" primary="true">
      <SourceLine classname="com.alibaba.fescar.config.ConfigurationFactory" start="50" end="75" startBytecode="0" endBytecode="373" sourcefile="ConfigurationFactory.java" sourcepath="com/alibaba/fescar/config/ConfigurationFactory.java" relSourcepath="main\java\com\alibaba\fescar\config\ConfigurationFactory.java"/>
      <Message>In method com.alibaba.fescar.config.ConfigurationFactory.getInstance()</Message>
    </Method>
    <LocalVariable name="configType" register="0" pc="16" role="LOCAL_VARIABLE_VALUE_OF">
      <Message>Value loaded from configType</Message>
    </LocalVariable>
    <SourceLine classname="com.alibaba.fescar.config.ConfigurationFactory" primary="true" start="58" end="58" startBytecode="36" endBytecode="36" sourcefile="ConfigurationFactory.java" sourcepath="com/alibaba/fescar/config/ConfigurationFactory.java" relSourcepath="main\java\com\alibaba\fescar\config\ConfigurationFactory.java" role="SOURCE_LINE_DEREF">
      <Message>Dereferenced at ConfigurationFactory.java:[line 58]</Message>
    </SourceLine>
    <SourceLine classname="com.alibaba.fescar.config.ConfigurationFactory" start="50" end="50" startBytecode="0" endBytecode="0" sourcefile="ConfigurationFactory.java" sourcepath="com/alibaba/fescar/config/ConfigurationFactory.java" relSourcepath="main\java\com\alibaba\fescar\config\ConfigurationFactory.java" role="SOURCE_LINE_NULL_VALUE">
      <Message>Null value at ConfigurationFactory.java:[line 50]</Message>
    </SourceLine>
    <SourceLine classname="com.alibaba.fescar.config.ConfigurationFactory" start="54" end="54" startBytecode="19" endBytecode="19" sourcefile="ConfigurationFactory.java" sourcepath="com/alibaba/fescar/config/ConfigurationFactory.java" relSourcepath="main\java\com\alibaba\fescar\config\ConfigurationFactory.java" role="SOURCE_LINE_KNOWN_NULL">
      <Message>Known null at ConfigurationFactory.java:[line 54]</Message>
    </SourceLine>
    <SourceLine classname="com.alibaba.fescar.config.ConfigurationFactory" start="55" end="55" startBytecode="24" endBytecode="24" sourcefile="ConfigurationFactory.java" sourcepath="com/alibaba/fescar/config/ConfigurationFactory.java" relSourcepath="main\java\com\alibaba\fescar\config\ConfigurationFactory.java" role="SOURCE_LINE_KNOWN_NULL">
      <Message>Known null at ConfigurationFactory.java:[line 55]</Message>
    </SourceLine>
    <Property name="edu.umd.cs.findbugs.detect.NullDerefProperty.ALWAYS_ON_EXCEPTION_PATH" value="true"/>
  </BugInstance>
  <BugInstance type="ST_WRITE_TO_STATIC_FROM_INSTANCE_METHOD" priority="2" rank="17" abbrev="ST" category="STYLE" instanceHash="aad2bd1f5a1d2caa400e28d5181f9592" instanceOccurrenceNum="0" instanceOccurrenceMax="0">
    <ShortMessage>Write to static field from instance method</ShortMessage>
    <LongMessage>Write to static field com.alibaba.fescar.config.NacosConfiguration.configService from instance method new com.alibaba.fescar.config.NacosConfiguration()</LongMessage>
    <Class classname="com.alibaba.fescar.config.NacosConfiguration" primary="true">
      <SourceLine classname="com.alibaba.fescar.config.NacosConfiguration" sourcefile="NacosConfiguration.java" sourcepath="com/alibaba/fescar/config/NacosConfiguration.java" relSourcepath="main\java\com\alibaba\fescar\config\NacosConfiguration.java">
        <Message>In NacosConfiguration.java</Message>
      </SourceLine>
      <Message>In class com.alibaba.fescar.config.NacosConfiguration</Message>
    </Class>
    <Method classname="com.alibaba.fescar.config.NacosConfiguration" name="&lt;init&gt;" signature="()V" isStatic="false" primary="true">
      <SourceLine classname="com.alibaba.fescar.config.NacosConfiguration" start="49" end="53" startBytecode="0" endBytecode="92" sourcefile="NacosConfiguration.java" sourcepath="com/alibaba/fescar/config/NacosConfiguration.java" relSourcepath="main\java\com\alibaba\fescar\config\NacosConfiguration.java"/>
      <Message>In method new com.alibaba.fescar.config.NacosConfiguration()</Message>
    </Method>
    <Field classname="com.alibaba.fescar.config.NacosConfiguration" name="configService" signature="Lcom/alibaba/nacos/api/config/ConfigService;" isStatic="true" primary="true">
      <SourceLine classname="com.alibaba.fescar.config.NacosConfiguration" sourcefile="NacosConfiguration.java" sourcepath="com/alibaba/fescar/config/NacosConfiguration.java" relSourcepath="main\java\com\alibaba\fescar\config\NacosConfiguration.java">
        <Message>In NacosConfiguration.java</Message>
      </SourceLine>
      <Message>Field com.alibaba.fescar.config.NacosConfiguration.configService</Message>
    </Field>
    <SourceLine classname="com.alibaba.fescar.config.NacosConfiguration" primary="true" start="51" end="51" startBytecode="17" endBytecode="17" sourcefile="NacosConfiguration.java" sourcepath="com/alibaba/fescar/config/NacosConfiguration.java" relSourcepath="main\java\com\alibaba\fescar\config\NacosConfiguration.java">
      <Message>At NacosConfiguration.java:[line 51]</Message>
    </SourceLine>
    <SourceLine classname="com.alibaba.fescar.config.NacosConfiguration" primary="true" start="51" end="51" startBytecode="17" endBytecode="17" sourcefile="NacosConfiguration.java" sourcepath="com/alibaba/fescar/config/NacosConfiguration.java" relSourcepath="main\java\com\alibaba\fescar\config\NacosConfiguration.java">
      <Message>At NacosConfiguration.java:[line 51]</Message>
    </SourceLine>
  </BugInstance>
  <BugCategory category="CORRECTNESS">
    <Description>Correctness</Description>
  </BugCategory>
  <BugCategory category="STYLE">
    <Description>Dodgy code</Description>
  </BugCategory>
  <BugPattern type="ST_WRITE_TO_STATIC_FROM_INSTANCE_METHOD" abbrev="ST" category="STYLE">
    <ShortDescription>Write to static field from instance method</ShortDescription>
    <Details><![CDATA[

  <p> This instance method writes to a static field. This is tricky to get
correct if multiple instances are being manipulated,
and generally bad practice.
</p>

    ]]></Details>
  </BugPattern>
  <BugPattern type="NP_NULL_ON_SOME_PATH_EXCEPTION" abbrev="NP" category="CORRECTNESS">
    <ShortDescription>Possible null pointer dereference in method on exception path</ShortDescription>
    <Details><![CDATA[

<p> A reference value which is null on some exception control path is
dereferenced here.&nbsp; This may lead to a <code>NullPointerException</code>
when the code is executed.&nbsp;
Note that because FindBugs currently does not prune infeasible exception paths,
this may be a false warning.</p>

<p> Also note that FindBugs considers the default case of a switch statement to
be an exception path, since the default case is often infeasible.</p>

    ]]></Details>
  </BugPattern>
  <BugCode abbrev="ST">
    <Description>Misuse of static fields</Description>
  </BugCode>
  <BugCode abbrev="NP" cweid="476">
    <Description>Null pointer dereference</Description>
  </BugCode>
  <Errors errors="0" missingClasses="0"></Errors>
  <FindBugsSummary timestamp="Wed, 17 Apr 2019 04:30:20 -0500" total_classes="15" referenced_classes="63" total_bugs="2" total_size="536" num_packages="1" java_version="1.8.0_152-release" vm_version="25.152-b28" cpu_seconds="24.89" clock_seconds="129.81" peak_mbytes="1237.75" alloc_mbytes="2320.00" gc_seconds="0.05" priority_2="2">
    <FileStats path="com/alibaba/fescar/config/AbstractConfiguration.java" bugCount="0" size="40"/>
    <FileStats path="com/alibaba/fescar/config/ConfigChangeListener.java" bugCount="0" size="3"/>
    <FileStats path="com/alibaba/fescar/config/ConfigFuture.java" bugCount="0" size="81"/>
    <FileStats path="com/alibaba/fescar/config/ConfigType.java" bugCount="0" size="17"/>
    <FileStats path="com/alibaba/fescar/config/Configuration.java" bugCount="0" size="23"/>
    <FileStats path="com/alibaba/fescar/config/ConfigurationFactory.java" bugCount="1" size="36" bugHash="35f75315c0088d30909688457ea81054"/>
    <FileStats path="com/alibaba/fescar/config/FileConfiguration.java" bugCount="0" size="148"/>
    <FileStats path="com/alibaba/fescar/config/FileConfigurationTest.java" bugCount="0" size="105"/>
    <FileStats path="com/alibaba/fescar/config/NacosConfiguration.java" bugCount="1" size="64" bugHash="97c2287096cbd05c0c4b67acf093252e"/>
    <FileStats path="com/alibaba/fescar/config/NacosConfigurationTest.java" bugCount="0" size="19"/>
    <PackageStats package="com.alibaba.fescar.config" total_bugs="2" total_types="15" total_size="536" priority_2="2">
      <ClassStats class="com.alibaba.fescar.config.AbstractConfiguration" sourceFile="AbstractConfiguration.java" interface="false" size="40" bugs="0"/>
      <ClassStats class="com.alibaba.fescar.config.ConfigChangeListener" sourceFile="ConfigChangeListener.java" interface="true" size="3" bugs="0"/>
      <ClassStats class="com.alibaba.fescar.config.ConfigFuture" sourceFile="ConfigFuture.java" interface="false" size="66" bugs="0"/>
      <ClassStats class="com.alibaba.fescar.config.ConfigFuture$ConfigOperation" sourceFile="ConfigFuture.java" interface="false" size="15" bugs="0"/>
      <ClassStats class="com.alibaba.fescar.config.ConfigType" sourceFile="ConfigType.java" interface="false" size="17" bugs="0"/>
      <ClassStats class="com.alibaba.fescar.config.Configuration" sourceFile="Configuration.java" interface="true" size="23" bugs="0"/>
      <ClassStats class="com.alibaba.fescar.config.ConfigurationFactory" sourceFile="ConfigurationFactory.java" interface="false" size="32" bugs="1" priority_2="1"/>
      <ClassStats class="com.alibaba.fescar.config.ConfigurationFactory$1" sourceFile="ConfigurationFactory.java" interface="false" size="4" bugs="0"/>
      <ClassStats class="com.alibaba.fescar.config.FileConfiguration" sourceFile="FileConfiguration.java" interface="false" size="75" bugs="0"/>
      <ClassStats class="com.alibaba.fescar.config.FileConfiguration$ConfigChangeRunnable" sourceFile="FileConfiguration.java" interface="false" size="44" bugs="0"/>
      <ClassStats class="com.alibaba.fescar.config.FileConfiguration$ConfigOperateRunnable" sourceFile="FileConfiguration.java" interface="false" size="29" bugs="0"/>
      <ClassStats class="com.alibaba.fescar.config.FileConfigurationTest" sourceFile="FileConfigurationTest.java" interface="false" size="97" bugs="0"/>
      <ClassStats class="com.alibaba.fescar.config.FileConfigurationTest$1" sourceFile="FileConfigurationTest.java" interface="false" size="8" bugs="0"/>
      <ClassStats class="com.alibaba.fescar.config.NacosConfiguration" sourceFile="NacosConfiguration.java" interface="false" size="64" bugs="1" priority_2="1"/>
      <ClassStats class="com.alibaba.fescar.config.NacosConfigurationTest" sourceFile="NacosConfigurationTest.java" interface="false" size="19" bugs="0"/>
    </PackageStats>
    <FindBugsProfile>
      <ClassProfile name="edu.umd.cs.findbugs.FindBugs2" totalMilliseconds="104" invocations="2" avgMicrosecondsPerInvocation="52310" maxMicrosecondsPerInvocation="94738" standardDeviationMircosecondsPerInvocation="42427"/>
      <ClassProfile name="edu.umd.cs.findbugs.classfile.engine.ClassDataAnalysisEngine" totalMilliseconds="87" invocations="495" avgMicrosecondsPerInvocation="177" maxMicrosecondsPerInvocation="426" standardDeviationMircosecondsPerInvocation="39"/>
      <ClassProfile name="edu.umd.cs.findbugs.classfile.engine.ClassInfoAnalysisEngine" totalMilliseconds="65" invocations="493" avgMicrosecondsPerInvocation="131" maxMicrosecondsPerInvocation="2509" standardDeviationMircosecondsPerInvocation="258"/>
      <ClassProfile name="edu.umd.cs.findbugs.classfile.engine.bcel.UnconditionalValueDerefDataflowFactory" totalMilliseconds="22" invocations="116" avgMicrosecondsPerInvocation="191" maxMicrosecondsPerInvocation="15232" standardDeviationMircosecondsPerInvocation="1404"/>
      <ClassProfile name="edu.umd.cs.findbugs.detect.FieldItemSummary" totalMilliseconds="18" invocations="63" avgMicrosecondsPerInvocation="288" maxMicrosecondsPerInvocation="3800" standardDeviationMircosecondsPerInvocation="614"/>
      <ClassProfile name="edu.umd.cs.findbugs.OpcodeStack$JumpInfoFactory" totalMilliseconds="15" invocations="275" avgMicrosecondsPerInvocation="57" maxMicrosecondsPerInvocation="449" standardDeviationMircosecondsPerInvocation="68"/>
      <ClassProfile name="edu.umd.cs.findbugs.detect.FindNoSideEffectMethods" totalMilliseconds="14" invocations="63" avgMicrosecondsPerInvocation="225" maxMicrosecondsPerInvocation="2041" standardDeviationMircosecondsPerInvocation="355"/>
      <ClassProfile name="edu.umd.cs.findbugs.classfile.engine.bcel.IsNullValueDataflowFactory" totalMilliseconds="12" invocations="116" avgMicrosecondsPerInvocation="109" maxMicrosecondsPerInvocation="1793" standardDeviationMircosecondsPerInvocation="197"/>
    </FindBugsProfile>
  </FindBugsSummary>
  <ClassFeatures></ClassFeatures>
  <History></History>
</BugCollection>
