<?xml version="1.0" encoding="UTF-8"?>
<?xml-stylesheet type="text/xsl" href="http://findbugs.sourceforge.net/xsl/default.xsl"?>

<BugCollection version="3.0.1" sequence="0" timestamp="1555494813150" analysisTimestamp="1555494812428" release="">
  <Project projectName="fescar-all[fescar-common]">
    <Jar>C:\Users\Subhodip_PC\Desktop\PROJECT\Seta_Downloads\seata-0.2.2\common\target\classes\com\alibaba\fescar\common\Constants.class</Jar>
    <Jar>C:\Users\Subhodip_PC\Desktop\PROJECT\Seta_Downloads\seata-0.2.2\common\target\classes\com\alibaba\fescar\common\exception\FrameworkErrorCode.class</Jar>
    <Jar>C:\Users\Subhodip_PC\Desktop\PROJECT\Seta_Downloads\seata-0.2.2\common\target\classes\com\alibaba\fescar\common\exception\FrameworkException.class</Jar>
    <Jar>C:\Users\Subhodip_PC\Desktop\PROJECT\Seta_Downloads\seata-0.2.2\common\target\classes\com\alibaba\fescar\common\exception\NotSupportYetException.class</Jar>
    <Jar>C:\Users\Subhodip_PC\Desktop\PROJECT\Seta_Downloads\seata-0.2.2\common\target\classes\com\alibaba\fescar\common\exception\ShouldNeverHappenException.class</Jar>
    <Jar>C:\Users\Subhodip_PC\Desktop\PROJECT\Seta_Downloads\seata-0.2.2\common\target\classes\com\alibaba\fescar\common\loader\EnhancedServiceLoader$1.class</Jar>
    <Jar>C:\Users\Subhodip_PC\Desktop\PROJECT\Seta_Downloads\seata-0.2.2\common\target\classes\com\alibaba\fescar\common\loader\EnhancedServiceLoader.class</Jar>
    <Jar>C:\Users\Subhodip_PC\Desktop\PROJECT\Seta_Downloads\seata-0.2.2\common\target\classes\com\alibaba\fescar\common\loader\EnhancedServiceNotFoundException.class</Jar>
    <Jar>C:\Users\Subhodip_PC\Desktop\PROJECT\Seta_Downloads\seata-0.2.2\common\target\classes\com\alibaba\fescar\common\loader\LoadLevel.class</Jar>
    <Jar>C:\Users\Subhodip_PC\Desktop\PROJECT\Seta_Downloads\seata-0.2.2\common\target\classes\com\alibaba\fescar\common\thread\NamedThreadFactory.class</Jar>
    <Jar>C:\Users\Subhodip_PC\Desktop\PROJECT\Seta_Downloads\seata-0.2.2\common\target\classes\com\alibaba\fescar\common\util\BlobUtils.class</Jar>
    <Jar>C:\Users\Subhodip_PC\Desktop\PROJECT\Seta_Downloads\seata-0.2.2\common\target\classes\com\alibaba\fescar\common\util\NetUtil.class</Jar>
    <Jar>C:\Users\Subhodip_PC\Desktop\PROJECT\Seta_Downloads\seata-0.2.2\common\target\classes\com\alibaba\fescar\common\util\StringUtils.class</Jar>
    <Jar>C:\Users\Subhodip_PC\Desktop\PROJECT\Seta_Downloads\seata-0.2.2\common\target\classes\com\alibaba\fescar\common\XID.class</Jar>
    <Jar>C:\Users\Subhodip_PC\Desktop\PROJECT\Seta_Downloads\seata-0.2.2\common\target\test-classes\com\alibaba\fescar\common\StringUtilsTest.class</Jar>
    <Jar>C:\Users\Subhodip_PC\Desktop\PROJECT\Seta_Downloads\seata-0.2.2\common\target\test-classes\com\alibaba\fescar\common\XIDTest.class</Jar>
    <AuxClasspathEntry>C:/Users/Subhodip_PC/Desktop/PROJECT/Seta_Downloads/seata-0.2.2/common/target/classes</AuxClasspathEntry>
    <AuxClasspathEntry>C:/Users/Subhodip_PC/Desktop/PROJECT/Seta_Downloads/seata-0.2.2/common/target/test-classes</AuxClasspathEntry>
    <SrcDir>C:/Users/Subhodip_PC/Desktop/PROJECT/Seta_Downloads/seata-0.2.2/common/src/main/java</SrcDir>
    <SrcDir>C:/Users/Subhodip_PC/Desktop/PROJECT/Seta_Downloads/seata-0.2.2/common/src/test/java</SrcDir>
    <SrcDir>C:/Users/Subhodip_PC/Desktop/PROJECT/Seta_Downloads/seata-0.2.2/common/src/test/resources</SrcDir>
  </Project>
  <BugInstance type="DM_DEFAULT_ENCODING" priority="1" rank="19" abbrev="Dm" category="I18N" instanceHash="48c33312e4728db3a43ac3a4eb615d4" instanceOccurrenceNum="0" instanceOccurrenceMax="0">
    <ShortMessage>Reliance on default encoding</ShortMessage>
    <LongMessage>Found reliance on default encoding in com.alibaba.fescar.common.StringUtilsTest.testBlob2string(): String.getBytes()</LongMessage>
    <Class classname="com.alibaba.fescar.common.StringUtilsTest" primary="true">
      <SourceLine classname="com.alibaba.fescar.common.StringUtilsTest" sourcefile="StringUtilsTest.java" sourcepath="com/alibaba/fescar/common/StringUtilsTest.java" relSourcepath="test\java\com\alibaba\fescar\common\StringUtilsTest.java">
        <Message>In StringUtilsTest.java</Message>
      </SourceLine>
      <Message>In class com.alibaba.fescar.common.StringUtilsTest</Message>
    </Class>
    <Method classname="com.alibaba.fescar.common.StringUtilsTest" name="testBlob2string" signature="()V" isStatic="false" primary="true">
      <SourceLine classname="com.alibaba.fescar.common.StringUtilsTest" start="53" end="57" startBytecode="0" endBytecode="168" sourcefile="StringUtilsTest.java" sourcepath="com/alibaba/fescar/common/StringUtilsTest.java" relSourcepath="test\java\com\alibaba\fescar\common\StringUtilsTest.java"/>
      <Message>In method com.alibaba.fescar.common.StringUtilsTest.testBlob2string()</Message>
    </Method>
    <Method classname="java.lang.String" name="getBytes" signature="()[B" isStatic="false" role="METHOD_CALLED">
      <SourceLine classname="java.lang.String" start="958" end="958" startBytecode="0" endBytecode="37" sourcefile="String.java" sourcepath="java/lang/String.java"/>
      <Message>Called method String.getBytes()</Message>
    </Method>
    <SourceLine classname="com.alibaba.fescar.common.StringUtilsTest" primary="true" start="55" end="55" startBytecode="41" endBytecode="41" sourcefile="StringUtilsTest.java" sourcepath="com/alibaba/fescar/common/StringUtilsTest.java" relSourcepath="test\java\com\alibaba\fescar\common\StringUtilsTest.java">
      <Message>At StringUtilsTest.java:[line 55]</Message>
    </SourceLine>
    <SourceLine classname="com.alibaba.fescar.common.StringUtilsTest" primary="true" start="55" end="55" startBytecode="41" endBytecode="41" sourcefile="StringUtilsTest.java" sourcepath="com/alibaba/fescar/common/StringUtilsTest.java" relSourcepath="test\java\com\alibaba\fescar\common\StringUtilsTest.java">
      <Message>At StringUtilsTest.java:[line 55]</Message>
    </SourceLine>
  </BugInstance>
  <BugInstance type="DM_DEFAULT_ENCODING" priority="1" rank="19" abbrev="Dm" category="I18N" instanceHash="9c8c57d9d71bc110b9d2a2f00419c121" instanceOccurrenceNum="0" instanceOccurrenceMax="0">
    <ShortMessage>Reliance on default encoding</ShortMessage>
    <LongMessage>Found reliance on default encoding in com.alibaba.fescar.common.StringUtilsTest.testString2blob(): String.getBytes()</LongMessage>
    <Class classname="com.alibaba.fescar.common.StringUtilsTest" primary="true">
      <SourceLine classname="com.alibaba.fescar.common.StringUtilsTest" sourcefile="StringUtilsTest.java" sourcepath="com/alibaba/fescar/common/StringUtilsTest.java" relSourcepath="test\java\com\alibaba\fescar\common\StringUtilsTest.java">
        <Message>In StringUtilsTest.java</Message>
      </SourceLine>
      <Message>In class com.alibaba.fescar.common.StringUtilsTest</Message>
    </Class>
    <Method classname="com.alibaba.fescar.common.StringUtilsTest" name="testString2blob" signature="()V" isStatic="false" primary="true">
      <SourceLine classname="com.alibaba.fescar.common.StringUtilsTest" start="44" end="49" startBytecode="0" endBytecode="185" sourcefile="StringUtilsTest.java" sourcepath="com/alibaba/fescar/common/StringUtilsTest.java" relSourcepath="test\java\com\alibaba\fescar\common\StringUtilsTest.java"/>
      <Message>In method com.alibaba.fescar.common.StringUtilsTest.testString2blob()</Message>
    </Method>
    <Method classname="java.lang.String" name="getBytes" signature="()[B" isStatic="false" role="METHOD_CALLED">
      <SourceLine classname="java.lang.String" start="958" end="958" startBytecode="0" endBytecode="37" sourcefile="String.java" sourcepath="java/lang/String.java"/>
      <Message>Called method String.getBytes()</Message>
    </Method>
    <SourceLine classname="com.alibaba.fescar.common.StringUtilsTest" primary="true" start="47" end="47" startBytecode="59" endBytecode="59" sourcefile="StringUtilsTest.java" sourcepath="com/alibaba/fescar/common/StringUtilsTest.java" relSourcepath="test\java\com\alibaba\fescar\common\StringUtilsTest.java">
      <Message>At StringUtilsTest.java:[line 47]</Message>
    </SourceLine>
    <SourceLine classname="com.alibaba.fescar.common.StringUtilsTest" primary="true" start="47" end="47" startBytecode="59" endBytecode="59" sourcefile="StringUtilsTest.java" sourcepath="com/alibaba/fescar/common/StringUtilsTest.java" relSourcepath="test\java\com\alibaba\fescar\common\StringUtilsTest.java">
      <Message>At StringUtilsTest.java:[line 47]</Message>
    </SourceLine>
  </BugInstance>
  <BugInstance type="DMI_RANDOM_USED_ONLY_ONCE" priority="1" rank="14" abbrev="DMI" category="BAD_PRACTICE" instanceHash="461f8703fbda4609576a43b9662b2371" instanceOccurrenceNum="0" instanceOccurrenceMax="0" cweid="440">
    <ShortMessage>Random object created and used only once</ShortMessage>
    <LongMessage>Random object created and used only once in com.alibaba.fescar.common.XIDTest.testGenerateXID()</LongMessage>
    <Class classname="com.alibaba.fescar.common.XIDTest" primary="true">
      <SourceLine classname="com.alibaba.fescar.common.XIDTest" sourcefile="XIDTest.java" sourcepath="com/alibaba/fescar/common/XIDTest.java" relSourcepath="test\java\com\alibaba\fescar\common\XIDTest.java">
        <Message>In XIDTest.java</Message>
      </SourceLine>
      <Message>In class com.alibaba.fescar.common.XIDTest</Message>
    </Class>
    <Method classname="com.alibaba.fescar.common.XIDTest" name="testGenerateXID" signature="()V" isStatic="false" primary="true">
      <SourceLine classname="com.alibaba.fescar.common.XIDTest" start="44" end="48" startBytecode="0" endBytecode="133" sourcefile="XIDTest.java" sourcepath="com/alibaba/fescar/common/XIDTest.java" relSourcepath="test\java\com\alibaba\fescar\common\XIDTest.java"/>
      <Message>In method com.alibaba.fescar.common.XIDTest.testGenerateXID()</Message>
    </Method>
    <Method classname="java.util.Random" name="nextLong" signature="()J" isStatic="false" role="METHOD_CALLED">
      <SourceLine classname="java.util.Random" start="424" end="424" startBytecode="0" endBytecode="42" sourcefile="Random.java" sourcepath="java/util/Random.java"/>
      <Message>Called method java.util.Random.nextLong()</Message>
    </Method>
    <SourceLine classname="com.alibaba.fescar.common.XIDTest" primary="true" start="44" end="44" startBytecode="7" endBytecode="7" sourcefile="XIDTest.java" sourcepath="com/alibaba/fescar/common/XIDTest.java" relSourcepath="test\java\com\alibaba\fescar\common\XIDTest.java">
      <Message>At XIDTest.java:[line 44]</Message>
    </SourceLine>
    <SourceLine classname="com.alibaba.fescar.common.XIDTest" primary="true" start="44" end="44" startBytecode="7" endBytecode="7" sourcefile="XIDTest.java" sourcepath="com/alibaba/fescar/common/XIDTest.java" relSourcepath="test\java\com\alibaba\fescar\common\XIDTest.java">
      <Message>At XIDTest.java:[line 44]</Message>
    </SourceLine>
  </BugInstance>
  <BugInstance type="ME_MUTABLE_ENUM_FIELD" priority="2" rank="16" abbrev="ME" category="BAD_PRACTICE" instanceHash="a7e9d7350ba9396bf81bb504cc391e40" instanceOccurrenceNum="0" instanceOccurrenceMax="0">
    <ShortMessage>Enum field is public and mutable</ShortMessage>
    <LongMessage>com.alibaba.fescar.common.exception.FrameworkErrorCode.errCode field is public and mutable</LongMessage>
    <Class classname="com.alibaba.fescar.common.exception.FrameworkErrorCode" primary="true">
      <SourceLine classname="com.alibaba.fescar.common.exception.FrameworkErrorCode" sourcefile="FrameworkErrorCode.java" sourcepath="com/alibaba/fescar/common/exception/FrameworkErrorCode.java" relSourcepath="main\java\com\alibaba\fescar\common\exception\FrameworkErrorCode.java">
        <Message>In FrameworkErrorCode.java</Message>
      </SourceLine>
      <Message>In class com.alibaba.fescar.common.exception.FrameworkErrorCode</Message>
    </Class>
    <Field classname="com.alibaba.fescar.common.exception.FrameworkErrorCode" name="errCode" signature="Ljava/lang/String;" isStatic="false" primary="true">
      <SourceLine classname="com.alibaba.fescar.common.exception.FrameworkErrorCode" sourcefile="FrameworkErrorCode.java" sourcepath="com/alibaba/fescar/common/exception/FrameworkErrorCode.java" relSourcepath="main\java\com\alibaba\fescar\common\exception\FrameworkErrorCode.java">
        <Message>In FrameworkErrorCode.java</Message>
      </SourceLine>
      <Message>Field com.alibaba.fescar.common.exception.FrameworkErrorCode.errCode</Message>
    </Field>
    <SourceLine classname="com.alibaba.fescar.common.exception.FrameworkErrorCode" sourcefile="FrameworkErrorCode.java" sourcepath="com/alibaba/fescar/common/exception/FrameworkErrorCode.java" relSourcepath="main\java\com\alibaba\fescar\common\exception\FrameworkErrorCode.java" synthetic="true">
      <Message>In FrameworkErrorCode.java</Message>
    </SourceLine>
  </BugInstance>
  <BugInstance type="ME_MUTABLE_ENUM_FIELD" priority="2" rank="16" abbrev="ME" category="BAD_PRACTICE" instanceHash="94e87a214eaf279b24308f4549a0eb78" instanceOccurrenceNum="0" instanceOccurrenceMax="0">
    <ShortMessage>Enum field is public and mutable</ShortMessage>
    <LongMessage>com.alibaba.fescar.common.exception.FrameworkErrorCode.errDispose field is public and mutable</LongMessage>
    <Class classname="com.alibaba.fescar.common.exception.FrameworkErrorCode" primary="true">
      <SourceLine classname="com.alibaba.fescar.common.exception.FrameworkErrorCode" sourcefile="FrameworkErrorCode.java" sourcepath="com/alibaba/fescar/common/exception/FrameworkErrorCode.java" relSourcepath="main\java\com\alibaba\fescar\common\exception\FrameworkErrorCode.java">
        <Message>In FrameworkErrorCode.java</Message>
      </SourceLine>
      <Message>In class com.alibaba.fescar.common.exception.FrameworkErrorCode</Message>
    </Class>
    <Field classname="com.alibaba.fescar.common.exception.FrameworkErrorCode" name="errDispose" signature="Ljava/lang/String;" isStatic="false" primary="true">
      <SourceLine classname="com.alibaba.fescar.common.exception.FrameworkErrorCode" sourcefile="FrameworkErrorCode.java" sourcepath="com/alibaba/fescar/common/exception/FrameworkErrorCode.java" relSourcepath="main\java\com\alibaba\fescar\common\exception\FrameworkErrorCode.java">
        <Message>In FrameworkErrorCode.java</Message>
      </SourceLine>
      <Message>Field com.alibaba.fescar.common.exception.FrameworkErrorCode.errDispose</Message>
    </Field>
    <SourceLine classname="com.alibaba.fescar.common.exception.FrameworkErrorCode" sourcefile="FrameworkErrorCode.java" sourcepath="com/alibaba/fescar/common/exception/FrameworkErrorCode.java" relSourcepath="main\java\com\alibaba\fescar\common\exception\FrameworkErrorCode.java" synthetic="true">
      <Message>In FrameworkErrorCode.java</Message>
    </SourceLine>
  </BugInstance>
  <BugInstance type="ME_MUTABLE_ENUM_FIELD" priority="2" rank="16" abbrev="ME" category="BAD_PRACTICE" instanceHash="5fbb27384975f7393d7e43062ebfe8bc" instanceOccurrenceNum="0" instanceOccurrenceMax="0">
    <ShortMessage>Enum field is public and mutable</ShortMessage>
    <LongMessage>com.alibaba.fescar.common.exception.FrameworkErrorCode.errMessage field is public and mutable</LongMessage>
    <Class classname="com.alibaba.fescar.common.exception.FrameworkErrorCode" primary="true">
      <SourceLine classname="com.alibaba.fescar.common.exception.FrameworkErrorCode" sourcefile="FrameworkErrorCode.java" sourcepath="com/alibaba/fescar/common/exception/FrameworkErrorCode.java" relSourcepath="main\java\com\alibaba\fescar\common\exception\FrameworkErrorCode.java">
        <Message>In FrameworkErrorCode.java</Message>
      </SourceLine>
      <Message>In class com.alibaba.fescar.common.exception.FrameworkErrorCode</Message>
    </Class>
    <Field classname="com.alibaba.fescar.common.exception.FrameworkErrorCode" name="errMessage" signature="Ljava/lang/String;" isStatic="false" primary="true">
      <SourceLine classname="com.alibaba.fescar.common.exception.FrameworkErrorCode" sourcefile="FrameworkErrorCode.java" sourcepath="com/alibaba/fescar/common/exception/FrameworkErrorCode.java" relSourcepath="main\java\com\alibaba\fescar\common\exception\FrameworkErrorCode.java">
        <Message>In FrameworkErrorCode.java</Message>
      </SourceLine>
      <Message>Field com.alibaba.fescar.common.exception.FrameworkErrorCode.errMessage</Message>
    </Field>
    <SourceLine classname="com.alibaba.fescar.common.exception.FrameworkErrorCode" sourcefile="FrameworkErrorCode.java" sourcepath="com/alibaba/fescar/common/exception/FrameworkErrorCode.java" relSourcepath="main\java\com\alibaba\fescar\common\exception\FrameworkErrorCode.java" synthetic="true">
      <Message>In FrameworkErrorCode.java</Message>
    </SourceLine>
  </BugInstance>
  <BugInstance type="DM_DEFAULT_ENCODING" priority="1" rank="19" abbrev="Dm" category="I18N" instanceHash="2d63935f6fc8dc8186bb10e01a9f4156" instanceOccurrenceNum="0" instanceOccurrenceMax="0">
    <ShortMessage>Reliance on default encoding</ShortMessage>
    <LongMessage>Found reliance on default encoding in com.alibaba.fescar.common.util.BlobUtils.blob2string(Blob): new String(byte[])</LongMessage>
    <Class classname="com.alibaba.fescar.common.util.BlobUtils" primary="true">
      <SourceLine classname="com.alibaba.fescar.common.util.BlobUtils" sourcefile="BlobUtils.java" sourcepath="com/alibaba/fescar/common/util/BlobUtils.java" relSourcepath="main\java\com\alibaba\fescar\common\util\BlobUtils.java">
        <Message>In BlobUtils.java</Message>
      </SourceLine>
      <Message>In class com.alibaba.fescar.common.util.BlobUtils</Message>
    </Class>
    <Method classname="com.alibaba.fescar.common.util.BlobUtils" name="blob2string" signature="(Ljava/sql/Blob;)Ljava/lang/String;" isStatic="true" primary="true">
      <SourceLine classname="com.alibaba.fescar.common.util.BlobUtils" start="61" end="68" startBytecode="0" endBytecode="126" sourcefile="BlobUtils.java" sourcepath="com/alibaba/fescar/common/util/BlobUtils.java" relSourcepath="main\java\com\alibaba\fescar\common\util\BlobUtils.java"/>
      <Message>In method com.alibaba.fescar.common.util.BlobUtils.blob2string(Blob)</Message>
    </Method>
    <Method classname="java.lang.String" name="&lt;init&gt;" signature="([B)V" isStatic="false" role="METHOD_CALLED">
      <SourceLine classname="java.lang.String" start="566" end="567" startBytecode="0" endBytecode="36" sourcefile="String.java" sourcepath="java/lang/String.java"/>
      <Message>Called method new String(byte[])</Message>
    </Method>
    <SourceLine classname="com.alibaba.fescar.common.util.BlobUtils" primary="true" start="66" end="66" startBytecode="24" endBytecode="24" sourcefile="BlobUtils.java" sourcepath="com/alibaba/fescar/common/util/BlobUtils.java" relSourcepath="main\java\com\alibaba\fescar\common\util\BlobUtils.java">
      <Message>At BlobUtils.java:[line 66]</Message>
    </SourceLine>
    <SourceLine classname="com.alibaba.fescar.common.util.BlobUtils" primary="true" start="66" end="66" startBytecode="24" endBytecode="24" sourcefile="BlobUtils.java" sourcepath="com/alibaba/fescar/common/util/BlobUtils.java" relSourcepath="main\java\com\alibaba\fescar\common\util\BlobUtils.java">
      <Message>At BlobUtils.java:[line 66]</Message>
    </SourceLine>
  </BugInstance>
  <BugInstance type="DM_DEFAULT_ENCODING" priority="1" rank="19" abbrev="Dm" category="I18N" instanceHash="3263b98c2d47f5dd97d308c522dbff79" instanceOccurrenceNum="0" instanceOccurrenceMax="0">
    <ShortMessage>Reliance on default encoding</ShortMessage>
    <LongMessage>Found reliance on default encoding in com.alibaba.fescar.common.util.BlobUtils.inputStream2String(InputStream): java.io.ByteArrayOutputStream.toString()</LongMessage>
    <Class classname="com.alibaba.fescar.common.util.BlobUtils" primary="true">
      <SourceLine classname="com.alibaba.fescar.common.util.BlobUtils" sourcefile="BlobUtils.java" sourcepath="com/alibaba/fescar/common/util/BlobUtils.java" relSourcepath="main\java\com\alibaba\fescar\common\util\BlobUtils.java">
        <Message>In BlobUtils.java</Message>
      </SourceLine>
      <Message>In class com.alibaba.fescar.common.util.BlobUtils</Message>
    </Class>
    <Method classname="com.alibaba.fescar.common.util.BlobUtils" name="inputStream2String" signature="(Ljava/io/InputStream;)Ljava/lang/String;" isStatic="true" primary="true">
      <SourceLine classname="com.alibaba.fescar.common.util.BlobUtils" start="80" end="87" startBytecode="0" endBytecode="175" sourcefile="BlobUtils.java" sourcepath="com/alibaba/fescar/common/util/BlobUtils.java" relSourcepath="main\java\com\alibaba\fescar\common\util\BlobUtils.java"/>
      <Message>In method com.alibaba.fescar.common.util.BlobUtils.inputStream2String(InputStream)</Message>
    </Method>
    <Method classname="java.io.ByteArrayOutputStream" name="toString" signature="()Ljava/lang/String;" isStatic="false" role="METHOD_CALLED">
      <SourceLine classname="java.io.ByteArrayOutputStream" start="221" end="221" startBytecode="0" endBytecode="40" sourcefile="ByteArrayOutputStream.java" sourcepath="java/io/ByteArrayOutputStream.java"/>
      <Message>Called method java.io.ByteArrayOutputStream.toString()</Message>
    </Method>
    <SourceLine classname="com.alibaba.fescar.common.util.BlobUtils" primary="true" start="85" end="85" startBytecode="29" endBytecode="29" sourcefile="BlobUtils.java" sourcepath="com/alibaba/fescar/common/util/BlobUtils.java" relSourcepath="main\java\com\alibaba\fescar\common\util\BlobUtils.java">
      <Message>At BlobUtils.java:[line 85]</Message>
    </SourceLine>
    <SourceLine classname="com.alibaba.fescar.common.util.BlobUtils" primary="true" start="85" end="85" startBytecode="29" endBytecode="29" sourcefile="BlobUtils.java" sourcepath="com/alibaba/fescar/common/util/BlobUtils.java" relSourcepath="main\java\com\alibaba\fescar\common\util\BlobUtils.java">
      <Message>At BlobUtils.java:[line 85]</Message>
    </SourceLine>
  </BugInstance>
  <BugInstance type="DM_DEFAULT_ENCODING" priority="1" rank="19" abbrev="Dm" category="I18N" instanceHash="8d15e1656968be14cc39a55de4fb4d21" instanceOccurrenceNum="0" instanceOccurrenceMax="0">
    <ShortMessage>Reliance on default encoding</ShortMessage>
    <LongMessage>Found reliance on default encoding in com.alibaba.fescar.common.util.BlobUtils.string2blob(String): String.getBytes()</LongMessage>
    <Class classname="com.alibaba.fescar.common.util.BlobUtils" primary="true">
      <SourceLine classname="com.alibaba.fescar.common.util.BlobUtils" sourcefile="BlobUtils.java" sourcepath="com/alibaba/fescar/common/util/BlobUtils.java" relSourcepath="main\java\com\alibaba\fescar\common\util\BlobUtils.java">
        <Message>In BlobUtils.java</Message>
      </SourceLine>
      <Message>In class com.alibaba.fescar.common.util.BlobUtils</Message>
    </Class>
    <Method classname="com.alibaba.fescar.common.util.BlobUtils" name="string2blob" signature="(Ljava/lang/String;)Ljava/sql/Blob;" isStatic="true" primary="true">
      <SourceLine classname="com.alibaba.fescar.common.util.BlobUtils" start="43" end="50" startBytecode="0" endBytecode="116" sourcefile="BlobUtils.java" sourcepath="com/alibaba/fescar/common/util/BlobUtils.java" relSourcepath="main\java\com\alibaba\fescar\common\util\BlobUtils.java"/>
      <Message>In method com.alibaba.fescar.common.util.BlobUtils.string2blob(String)</Message>
    </Method>
    <Method classname="java.lang.String" name="getBytes" signature="()[B" isStatic="false" role="METHOD_CALLED">
      <SourceLine classname="java.lang.String" start="958" end="958" startBytecode="0" endBytecode="37" sourcefile="String.java" sourcepath="java/lang/String.java"/>
      <Message>Called method String.getBytes()</Message>
    </Method>
    <SourceLine classname="com.alibaba.fescar.common.util.BlobUtils" primary="true" start="48" end="48" startBytecode="11" endBytecode="11" sourcefile="BlobUtils.java" sourcepath="com/alibaba/fescar/common/util/BlobUtils.java" relSourcepath="main\java\com\alibaba\fescar\common\util\BlobUtils.java">
      <Message>At BlobUtils.java:[line 48]</Message>
    </SourceLine>
    <SourceLine classname="com.alibaba.fescar.common.util.BlobUtils" primary="true" start="48" end="48" startBytecode="11" endBytecode="11" sourcefile="BlobUtils.java" sourcepath="com/alibaba/fescar/common/util/BlobUtils.java" relSourcepath="main\java\com\alibaba\fescar\common\util\BlobUtils.java">
      <Message>At BlobUtils.java:[line 48]</Message>
    </SourceLine>
  </BugInstance>
  <BugInstance type="DM_DEFAULT_ENCODING" priority="1" rank="19" abbrev="Dm" category="I18N" instanceHash="9483bb1473471785be6558a1322bcf54" instanceOccurrenceNum="0" instanceOccurrenceMax="0">
    <ShortMessage>Reliance on default encoding</ShortMessage>
    <LongMessage>Found reliance on default encoding in com.alibaba.fescar.common.util.StringUtils.blob2string(Blob): new String(byte[])</LongMessage>
    <Class classname="com.alibaba.fescar.common.util.StringUtils" primary="true">
      <SourceLine classname="com.alibaba.fescar.common.util.StringUtils" sourcefile="StringUtils.java" sourcepath="com/alibaba/fescar/common/util/StringUtils.java" relSourcepath="main\java\com\alibaba\fescar\common\util\StringUtils.java">
        <Message>In StringUtils.java</Message>
      </SourceLine>
      <Message>In class com.alibaba.fescar.common.util.StringUtils</Message>
    </Class>
    <Method classname="com.alibaba.fescar.common.util.StringUtils" name="blob2string" signature="(Ljava/sql/Blob;)Ljava/lang/String;" isStatic="true" primary="true">
      <SourceLine classname="com.alibaba.fescar.common.util.StringUtils" start="68" end="72" startBytecode="0" endBytecode="86" sourcefile="StringUtils.java" sourcepath="com/alibaba/fescar/common/util/StringUtils.java" relSourcepath="main\java\com\alibaba\fescar\common\util\StringUtils.java"/>
      <Message>In method com.alibaba.fescar.common.util.StringUtils.blob2string(Blob)</Message>
    </Method>
    <Method classname="java.lang.String" name="&lt;init&gt;" signature="([B)V" isStatic="false" role="METHOD_CALLED">
      <SourceLine classname="java.lang.String" start="566" end="567" startBytecode="0" endBytecode="36" sourcefile="String.java" sourcepath="java/lang/String.java"/>
      <Message>Called method new String(byte[])</Message>
    </Method>
    <SourceLine classname="com.alibaba.fescar.common.util.StringUtils" primary="true" start="72" end="72" startBytecode="24" endBytecode="24" sourcefile="StringUtils.java" sourcepath="com/alibaba/fescar/common/util/StringUtils.java" relSourcepath="main\java\com\alibaba\fescar\common\util\StringUtils.java">
      <Message>At StringUtils.java:[line 72]</Message>
    </SourceLine>
    <SourceLine classname="com.alibaba.fescar.common.util.StringUtils" primary="true" start="72" end="72" startBytecode="24" endBytecode="24" sourcefile="StringUtils.java" sourcepath="com/alibaba/fescar/common/util/StringUtils.java" relSourcepath="main\java\com\alibaba\fescar\common\util\StringUtils.java">
      <Message>At StringUtils.java:[line 72]</Message>
    </SourceLine>
  </BugInstance>
  <BugInstance type="DM_DEFAULT_ENCODING" priority="1" rank="19" abbrev="Dm" category="I18N" instanceHash="de2082f75363603ec1808a0197cfb645" instanceOccurrenceNum="0" instanceOccurrenceMax="0">
    <ShortMessage>Reliance on default encoding</ShortMessage>
    <LongMessage>Found reliance on default encoding in com.alibaba.fescar.common.util.StringUtils.inputStream2String(InputStream): java.io.ByteArrayOutputStream.toString()</LongMessage>
    <Class classname="com.alibaba.fescar.common.util.StringUtils" primary="true">
      <SourceLine classname="com.alibaba.fescar.common.util.StringUtils" sourcefile="StringUtils.java" sourcepath="com/alibaba/fescar/common/util/StringUtils.java" relSourcepath="main\java\com\alibaba\fescar\common\util\StringUtils.java">
        <Message>In StringUtils.java</Message>
      </SourceLine>
      <Message>In class com.alibaba.fescar.common.util.StringUtils</Message>
    </Class>
    <Method classname="com.alibaba.fescar.common.util.StringUtils" name="inputStream2String" signature="(Ljava/io/InputStream;)Ljava/lang/String;" isStatic="true" primary="true">
      <SourceLine classname="com.alibaba.fescar.common.util.StringUtils" start="83" end="88" startBytecode="0" endBytecode="126" sourcefile="StringUtils.java" sourcepath="com/alibaba/fescar/common/util/StringUtils.java" relSourcepath="main\java\com\alibaba\fescar\common\util\StringUtils.java"/>
      <Message>In method com.alibaba.fescar.common.util.StringUtils.inputStream2String(InputStream)</Message>
    </Method>
    <Method classname="java.io.ByteArrayOutputStream" name="toString" signature="()Ljava/lang/String;" isStatic="false" role="METHOD_CALLED">
      <SourceLine classname="java.io.ByteArrayOutputStream" start="221" end="221" startBytecode="0" endBytecode="40" sourcefile="ByteArrayOutputStream.java" sourcepath="java/io/ByteArrayOutputStream.java"/>
      <Message>Called method java.io.ByteArrayOutputStream.toString()</Message>
    </Method>
    <SourceLine classname="com.alibaba.fescar.common.util.StringUtils" primary="true" start="88" end="88" startBytecode="29" endBytecode="29" sourcefile="StringUtils.java" sourcepath="com/alibaba/fescar/common/util/StringUtils.java" relSourcepath="main\java\com\alibaba\fescar\common\util\StringUtils.java">
      <Message>At StringUtils.java:[line 88]</Message>
    </SourceLine>
    <SourceLine classname="com.alibaba.fescar.common.util.StringUtils" primary="true" start="88" end="88" startBytecode="29" endBytecode="29" sourcefile="StringUtils.java" sourcepath="com/alibaba/fescar/common/util/StringUtils.java" relSourcepath="main\java\com\alibaba\fescar\common\util\StringUtils.java">
      <Message>At StringUtils.java:[line 88]</Message>
    </SourceLine>
  </BugInstance>
  <BugInstance type="DM_DEFAULT_ENCODING" priority="1" rank="19" abbrev="Dm" category="I18N" instanceHash="1e4cc1756bedc05dee419898ede7349c" instanceOccurrenceNum="0" instanceOccurrenceMax="0">
    <ShortMessage>Reliance on default encoding</ShortMessage>
    <LongMessage>Found reliance on default encoding in com.alibaba.fescar.common.util.StringUtils.string2blob(String): String.getBytes()</LongMessage>
    <Class classname="com.alibaba.fescar.common.util.StringUtils" primary="true">
      <SourceLine classname="com.alibaba.fescar.common.util.StringUtils" sourcefile="StringUtils.java" sourcepath="com/alibaba/fescar/common/util/StringUtils.java" relSourcepath="main\java\com\alibaba\fescar\common\util\StringUtils.java">
        <Message>In StringUtils.java</Message>
      </SourceLine>
      <Message>In class com.alibaba.fescar.common.util.StringUtils</Message>
    </Class>
    <Method classname="com.alibaba.fescar.common.util.StringUtils" name="string2blob" signature="(Ljava/lang/String;)Ljava/sql/Blob;" isStatic="true" primary="true">
      <SourceLine classname="com.alibaba.fescar.common.util.StringUtils" start="54" end="57" startBytecode="0" endBytecode="76" sourcefile="StringUtils.java" sourcepath="com/alibaba/fescar/common/util/StringUtils.java" relSourcepath="main\java\com\alibaba\fescar\common\util\StringUtils.java"/>
      <Message>In method com.alibaba.fescar.common.util.StringUtils.string2blob(String)</Message>
    </Method>
    <Method classname="java.lang.String" name="getBytes" signature="()[B" isStatic="false" role="METHOD_CALLED">
      <SourceLine classname="java.lang.String" start="958" end="958" startBytecode="0" endBytecode="37" sourcefile="String.java" sourcepath="java/lang/String.java"/>
      <Message>Called method String.getBytes()</Message>
    </Method>
    <SourceLine classname="com.alibaba.fescar.common.util.StringUtils" primary="true" start="57" end="57" startBytecode="11" endBytecode="11" sourcefile="StringUtils.java" sourcepath="com/alibaba/fescar/common/util/StringUtils.java" relSourcepath="main\java\com\alibaba\fescar\common\util\StringUtils.java">
      <Message>At StringUtils.java:[line 57]</Message>
    </SourceLine>
    <SourceLine classname="com.alibaba.fescar.common.util.StringUtils" primary="true" start="57" end="57" startBytecode="11" endBytecode="11" sourcefile="StringUtils.java" sourcepath="com/alibaba/fescar/common/util/StringUtils.java" relSourcepath="main\java\com\alibaba\fescar\common\util\StringUtils.java">
      <Message>At StringUtils.java:[line 57]</Message>
    </SourceLine>
  </BugInstance>
  <BugCategory category="BAD_PRACTICE">
    <Description>Bad practice</Description>
  </BugCategory>
  <BugCategory category="I18N">
    <Description>Internationalization</Description>
  </BugCategory>
  <BugPattern type="DMI_RANDOM_USED_ONLY_ONCE" abbrev="DMI" category="BAD_PRACTICE">
    <ShortDescription>Random object created and used only once</ShortDescription>
    <Details><![CDATA[

<p> This code creates a java.util.Random object, uses it to generate one random number, and then discards
the Random object. This produces mediocre quality random numbers and is inefficient.
If possible, rewrite the code so that the Random object is created once and saved, and each time a new random number
is required invoke a method on the existing Random object to obtain it.
</p>

<p>If it is important that the generated Random numbers not be guessable, you <em>must</em> not create a new Random for each random
number; the values are too easily guessable. You should strongly consider using a java.security.SecureRandom instead
(and avoid allocating a new SecureRandom for each random number needed).
</p>

    ]]></Details>
  </BugPattern>
  <BugPattern type="ME_MUTABLE_ENUM_FIELD" abbrev="ME" category="BAD_PRACTICE">
    <ShortDescription>Enum field is public and mutable</ShortDescription>
    <Details><![CDATA[

  <p>A mutable public field is defined inside a public enum, thus can be changed by malicious code or by accident from another package.
  Though mutable enum fields may be used for lazy initialization, it's a bad practice to expose them to the outer world.
  Consider declaring this field final and/or package-private.</p>

    ]]></Details>
  </BugPattern>
  <BugPattern type="DM_DEFAULT_ENCODING" abbrev="Dm" category="I18N">
    <ShortDescription>Reliance on default encoding</ShortDescription>
    <Details><![CDATA[

<p> Found a call to a method which will perform a byte to String (or String to byte) conversion, and will assume that the default platform encoding is suitable. This will cause the application behaviour to vary between platforms. Use an alternative API and specify a charset name or Charset object explicitly.  </p>

      ]]></Details>
  </BugPattern>
  <BugCode abbrev="DMI" cweid="440">
    <Description>Dubious method invocation</Description>
  </BugCode>
  <BugCode abbrev="ME">
    <Description>Mutable enum field</Description>
  </BugCode>
  <BugCode abbrev="Dm">
    <Description>Dubious method used</Description>
  </BugCode>
  <Errors errors="0" missingClasses="0"></Errors>
  <FindBugsSummary timestamp="Wed, 17 Apr 2019 04:30:20 -0500" total_classes="16" referenced_classes="100" total_bugs="12" total_size="497" num_packages="5" java_version="1.8.0_152-release" vm_version="25.152-b28" cpu_seconds="20.83" clock_seconds="128.90" peak_mbytes="1237.75" alloc_mbytes="2320.00" gc_seconds="0.02" priority_2="3" priority_1="9">
    <FileStats path="com/alibaba/fescar/common/Constants.java" bugCount="0" size="7"/>
    <FileStats path="com/alibaba/fescar/common/StringUtilsTest.java" bugCount="2" size="29" bugHash="82847d288296724ca5ef30e93e7fe63e"/>
    <FileStats path="com/alibaba/fescar/common/XID.java" bugCount="0" size="27"/>
    <FileStats path="com/alibaba/fescar/common/XIDTest.java" bugCount="1" size="25" bugHash="c545cfd8bc772a9ea0ed738b7bcaca8a"/>
    <FileStats path="com/alibaba/fescar/common/exception/FrameworkErrorCode.java" bugCount="3" size="51" bugHash="c5b775a1b7482475d6402b6d1554bce9"/>
    <FileStats path="com/alibaba/fescar/common/exception/FrameworkException.java" bugCount="0" size="44"/>
    <FileStats path="com/alibaba/fescar/common/exception/NotSupportYetException.java" bugCount="0" size="13"/>
    <FileStats path="com/alibaba/fescar/common/exception/ShouldNeverHappenException.java" bugCount="0" size="13"/>
    <FileStats path="com/alibaba/fescar/common/loader/EnhancedServiceLoader.java" bugCount="0" size="115"/>
    <FileStats path="com/alibaba/fescar/common/loader/EnhancedServiceNotFoundException.java" bugCount="0" size="19"/>
    <FileStats path="com/alibaba/fescar/common/loader/LoadLevel.java" bugCount="0" size="3"/>
    <FileStats path="com/alibaba/fescar/common/thread/NamedThreadFactory.java" bugCount="0" size="24"/>
    <FileStats path="com/alibaba/fescar/common/util/BlobUtils.java" bugCount="3" size="24" bugHash="1f2bf5c66c830b923323d7899f4321c9"/>
    <FileStats path="com/alibaba/fescar/common/util/NetUtil.java" bugCount="0" size="83"/>
    <FileStats path="com/alibaba/fescar/common/util/StringUtils.java" bugCount="3" size="20" bugHash="bb12178ce4f1ddf0e7c3e396eb66e10d"/>
    <PackageStats package="com.alibaba.fescar.common" total_bugs="3" total_types="4" total_size="88" priority_1="3">
      <ClassStats class="com.alibaba.fescar.common.Constants" sourceFile="Constants.java" interface="false" size="7" bugs="0"/>
      <ClassStats class="com.alibaba.fescar.common.StringUtilsTest" sourceFile="StringUtilsTest.java" interface="false" size="29" bugs="2" priority_1="2"/>
      <ClassStats class="com.alibaba.fescar.common.XID" sourceFile="XID.java" interface="false" size="27" bugs="0"/>
      <ClassStats class="com.alibaba.fescar.common.XIDTest" sourceFile="XIDTest.java" interface="false" size="25" bugs="1" priority_1="1"/>
    </PackageStats>
    <PackageStats package="com.alibaba.fescar.common.exception" total_bugs="3" total_types="4" total_size="121" priority_2="3">
      <ClassStats class="com.alibaba.fescar.common.exception.FrameworkErrorCode" sourceFile="FrameworkErrorCode.java" interface="false" size="51" bugs="3" priority_2="3"/>
      <ClassStats class="com.alibaba.fescar.common.exception.FrameworkException" sourceFile="FrameworkException.java" interface="false" size="44" bugs="0"/>
      <ClassStats class="com.alibaba.fescar.common.exception.NotSupportYetException" sourceFile="NotSupportYetException.java" interface="false" size="13" bugs="0"/>
      <ClassStats class="com.alibaba.fescar.common.exception.ShouldNeverHappenException" sourceFile="ShouldNeverHappenException.java" interface="false" size="13" bugs="0"/>
    </PackageStats>
    <PackageStats package="com.alibaba.fescar.common.loader" total_bugs="0" total_types="4" total_size="137">
      <ClassStats class="com.alibaba.fescar.common.loader.EnhancedServiceLoader" sourceFile="EnhancedServiceLoader.java" interface="false" size="101" bugs="0"/>
      <ClassStats class="com.alibaba.fescar.common.loader.EnhancedServiceLoader$1" sourceFile="EnhancedServiceLoader.java" interface="false" size="14" bugs="0"/>
      <ClassStats class="com.alibaba.fescar.common.loader.EnhancedServiceNotFoundException" sourceFile="EnhancedServiceNotFoundException.java" interface="false" size="19" bugs="0"/>
      <ClassStats class="com.alibaba.fescar.common.loader.LoadLevel" sourceFile="LoadLevel.java" interface="true" size="3" bugs="0"/>
    </PackageStats>
    <PackageStats package="com.alibaba.fescar.common.thread" total_bugs="0" total_types="1" total_size="24">
      <ClassStats class="com.alibaba.fescar.common.thread.NamedThreadFactory" sourceFile="NamedThreadFactory.java" interface="false" size="24" bugs="0"/>
    </PackageStats>
    <PackageStats package="com.alibaba.fescar.common.util" total_bugs="6" total_types="3" total_size="127" priority_1="6">
      <ClassStats class="com.alibaba.fescar.common.util.BlobUtils" sourceFile="BlobUtils.java" interface="false" size="24" bugs="3" priority_1="3"/>
      <ClassStats class="com.alibaba.fescar.common.util.NetUtil" sourceFile="NetUtil.java" interface="false" size="83" bugs="0"/>
      <ClassStats class="com.alibaba.fescar.common.util.StringUtils" sourceFile="StringUtils.java" interface="false" size="20" bugs="3" priority_1="3"/>
    </PackageStats>
    <FindBugsProfile>
      <ClassProfile name="edu.umd.cs.findbugs.classfile.engine.ClassInfoAnalysisEngine" totalMilliseconds="119" invocations="783" avgMicrosecondsPerInvocation="152" maxMicrosecondsPerInvocation="12403" standardDeviationMircosecondsPerInvocation="513"/>
      <ClassProfile name="edu.umd.cs.findbugs.FindBugs2" totalMilliseconds="114" invocations="2" avgMicrosecondsPerInvocation="57153" maxMicrosecondsPerInvocation="98637" standardDeviationMircosecondsPerInvocation="41483"/>
      <ClassProfile name="edu.umd.cs.findbugs.classfile.engine.ClassDataAnalysisEngine" totalMilliseconds="108" invocations="785" avgMicrosecondsPerInvocation="138" maxMicrosecondsPerInvocation="1070" standardDeviationMircosecondsPerInvocation="66"/>
      <ClassProfile name="edu.umd.cs.findbugs.detect.FieldItemSummary" totalMilliseconds="40" invocations="100" avgMicrosecondsPerInvocation="400" maxMicrosecondsPerInvocation="4207" standardDeviationMircosecondsPerInvocation="753"/>
      <ClassProfile name="edu.umd.cs.findbugs.OpcodeStack$JumpInfoFactory" totalMilliseconds="32" invocations="349" avgMicrosecondsPerInvocation="91" maxMicrosecondsPerInvocation="776" standardDeviationMircosecondsPerInvocation="119"/>
      <ClassProfile name="edu.umd.cs.findbugs.detect.FindNoSideEffectMethods" totalMilliseconds="29" invocations="100" avgMicrosecondsPerInvocation="290" maxMicrosecondsPerInvocation="2494" standardDeviationMircosecondsPerInvocation="463"/>
      <ClassProfile name="edu.umd.cs.findbugs.classfile.engine.bcel.IsNullValueDataflowFactory" totalMilliseconds="14" invocations="91" avgMicrosecondsPerInvocation="157" maxMicrosecondsPerInvocation="3816" standardDeviationMircosecondsPerInvocation="451"/>
      <ClassProfile name="edu.umd.cs.findbugs.classfile.engine.bcel.TypeDataflowFactory" totalMilliseconds="13" invocations="93" avgMicrosecondsPerInvocation="143" maxMicrosecondsPerInvocation="3202" standardDeviationMircosecondsPerInvocation="390"/>
    </FindBugsProfile>
  </FindBugsSummary>
  <ClassFeatures></ClassFeatures>
  <History></History>
</BugCollection>
