<?xml version="1.0" encoding="UTF-8"?>
<?xml-stylesheet type="text/xsl" href="http://findbugs.sourceforge.net/xsl/default.xsl"?>

<BugCollection version="3.0.1" sequence="0" timestamp="1555494806313" analysisTimestamp="1555494805539" release="">
  <Project projectName="fescar-all[fescar-tm]">
    <Jar>C:\Users\Subhodip_PC\Desktop\PROJECT\Seta_Downloads\seata-0.2.2\tm\target\classes\com\alibaba\fescar\tm\api\DefaultFailureHandlerImpl.class</Jar>
    <Jar>C:\Users\Subhodip_PC\Desktop\PROJECT\Seta_Downloads\seata-0.2.2\tm\target\classes\com\alibaba\fescar\tm\api\DefaultGlobalTransaction.class</Jar>
    <Jar>C:\Users\Subhodip_PC\Desktop\PROJECT\Seta_Downloads\seata-0.2.2\tm\target\classes\com\alibaba\fescar\tm\api\FailureHandler.class</Jar>
    <Jar>C:\Users\Subhodip_PC\Desktop\PROJECT\Seta_Downloads\seata-0.2.2\tm\target\classes\com\alibaba\fescar\tm\api\GlobalTransaction.class</Jar>
    <Jar>C:\Users\Subhodip_PC\Desktop\PROJECT\Seta_Downloads\seata-0.2.2\tm\target\classes\com\alibaba\fescar\tm\api\GlobalTransactionContext$1.class</Jar>
    <Jar>C:\Users\Subhodip_PC\Desktop\PROJECT\Seta_Downloads\seata-0.2.2\tm\target\classes\com\alibaba\fescar\tm\api\GlobalTransactionContext.class</Jar>
    <Jar>C:\Users\Subhodip_PC\Desktop\PROJECT\Seta_Downloads\seata-0.2.2\tm\target\classes\com\alibaba\fescar\tm\api\GlobalTransactionRole.class</Jar>
    <Jar>C:\Users\Subhodip_PC\Desktop\PROJECT\Seta_Downloads\seata-0.2.2\tm\target\classes\com\alibaba\fescar\tm\api\TransactionalExecutor$Code.class</Jar>
    <Jar>C:\Users\Subhodip_PC\Desktop\PROJECT\Seta_Downloads\seata-0.2.2\tm\target\classes\com\alibaba\fescar\tm\api\TransactionalExecutor$ExecutionException.class</Jar>
    <Jar>C:\Users\Subhodip_PC\Desktop\PROJECT\Seta_Downloads\seata-0.2.2\tm\target\classes\com\alibaba\fescar\tm\api\TransactionalExecutor.class</Jar>
    <Jar>C:\Users\Subhodip_PC\Desktop\PROJECT\Seta_Downloads\seata-0.2.2\tm\target\classes\com\alibaba\fescar\tm\api\TransactionalTemplate.class</Jar>
    <Jar>C:\Users\Subhodip_PC\Desktop\PROJECT\Seta_Downloads\seata-0.2.2\tm\target\classes\com\alibaba\fescar\tm\DefaultTransactionManager$1.class</Jar>
    <Jar>C:\Users\Subhodip_PC\Desktop\PROJECT\Seta_Downloads\seata-0.2.2\tm\target\classes\com\alibaba\fescar\tm\DefaultTransactionManager$SingletonHolder.class</Jar>
    <Jar>C:\Users\Subhodip_PC\Desktop\PROJECT\Seta_Downloads\seata-0.2.2\tm\target\classes\com\alibaba\fescar\tm\DefaultTransactionManager.class</Jar>
    <Jar>C:\Users\Subhodip_PC\Desktop\PROJECT\Seta_Downloads\seata-0.2.2\tm\target\classes\com\alibaba\fescar\tm\TMClient.class</Jar>
    <Jar>C:\Users\Subhodip_PC\Desktop\PROJECT\Seta_Downloads\seata-0.2.2\tm\target\test-classes\com\alibaba\fescar\tm\api\APITest$1.class</Jar>
    <Jar>C:\Users\Subhodip_PC\Desktop\PROJECT\Seta_Downloads\seata-0.2.2\tm\target\test-classes\com\alibaba\fescar\tm\api\APITest$2$1$1.class</Jar>
    <Jar>C:\Users\Subhodip_PC\Desktop\PROJECT\Seta_Downloads\seata-0.2.2\tm\target\test-classes\com\alibaba\fescar\tm\api\APITest$2$1.class</Jar>
    <Jar>C:\Users\Subhodip_PC\Desktop\PROJECT\Seta_Downloads\seata-0.2.2\tm\target\test-classes\com\alibaba\fescar\tm\api\APITest$2.class</Jar>
    <Jar>C:\Users\Subhodip_PC\Desktop\PROJECT\Seta_Downloads\seata-0.2.2\tm\target\test-classes\com\alibaba\fescar\tm\api\APITest$3$1$1.class</Jar>
    <Jar>C:\Users\Subhodip_PC\Desktop\PROJECT\Seta_Downloads\seata-0.2.2\tm\target\test-classes\com\alibaba\fescar\tm\api\APITest$3$1.class</Jar>
    <Jar>C:\Users\Subhodip_PC\Desktop\PROJECT\Seta_Downloads\seata-0.2.2\tm\target\test-classes\com\alibaba\fescar\tm\api\APITest$3.class</Jar>
    <Jar>C:\Users\Subhodip_PC\Desktop\PROJECT\Seta_Downloads\seata-0.2.2\tm\target\test-classes\com\alibaba\fescar\tm\api\APITest$AbstractTransactionalExecutor.class</Jar>
    <Jar>C:\Users\Subhodip_PC\Desktop\PROJECT\Seta_Downloads\seata-0.2.2\tm\target\test-classes\com\alibaba\fescar\tm\api\APITest.class</Jar>
    <AuxClasspathEntry>C:/Users/Subhodip_PC/Desktop/PROJECT/Seta_Downloads/seata-0.2.2/tm/target/classes</AuxClasspathEntry>
    <AuxClasspathEntry>C:/Users/Subhodip_PC/Desktop/PROJECT/Seta_Downloads/seata-0.2.2/tm/target/test-classes</AuxClasspathEntry>
    <AuxClasspathEntry>C:/Users/Subhodip_PC/Desktop/PROJECT/Seta_Downloads/seata-0.2.2/core/target/classes</AuxClasspathEntry>
    <AuxClasspathEntry>C:/Users/Subhodip_PC/Desktop/PROJECT/Seta_Downloads/seata-0.2.2/core/target/test-classes</AuxClasspathEntry>
    <AuxClasspathEntry>C:/Users/Subhodip_PC/Desktop/PROJECT/Seta_Downloads/seata-0.2.2/config/target/classes</AuxClasspathEntry>
    <AuxClasspathEntry>C:/Users/Subhodip_PC/Desktop/PROJECT/Seta_Downloads/seata-0.2.2/config/target/test-classes</AuxClasspathEntry>
    <AuxClasspathEntry>C:/Users/Subhodip_PC/Desktop/PROJECT/Seta_Downloads/seata-0.2.2/discovery/target/classes</AuxClasspathEntry>
    <AuxClasspathEntry>C:/Users/Subhodip_PC/Desktop/PROJECT/Seta_Downloads/seata-0.2.2/discovery/target/test-classes</AuxClasspathEntry>
    <AuxClasspathEntry>C:/Users/Subhodip_PC/Desktop/PROJECT/Seta_Downloads/seata-0.2.2/common/target/classes</AuxClasspathEntry>
    <AuxClasspathEntry>C:/Users/Subhodip_PC/Desktop/PROJECT/Seta_Downloads/seata-0.2.2/common/target/test-classes</AuxClasspathEntry>
    <SrcDir>C:/Users/Subhodip_PC/Desktop/PROJECT/Seta_Downloads/seata-0.2.2/tm/src/main/java</SrcDir>
    <SrcDir>C:/Users/Subhodip_PC/Desktop/PROJECT/Seta_Downloads/seata-0.2.2/tm/src/test/java</SrcDir>
  </Project>
  <Errors errors="0" missingClasses="0"></Errors>
  <FindBugsSummary timestamp="Wed, 17 Apr 2019 04:30:22 -0500" total_classes="24" referenced_classes="83" total_bugs="0" total_size="379" num_packages="2" java_version="1.8.0_152-release" vm_version="25.152-b28" cpu_seconds="45.92" clock_seconds="135.57" peak_mbytes="1237.75" alloc_mbytes="2320.00" gc_seconds="0.15">
    <FileStats path="com/alibaba/fescar/tm/DefaultTransactionManager.java" bugCount="0" size="48"/>
    <FileStats path="com/alibaba/fescar/tm/TMClient.java" bugCount="0" size="7"/>
    <FileStats path="com/alibaba/fescar/tm/api/APITest.java" bugCount="0" size="109"/>
    <FileStats path="com/alibaba/fescar/tm/api/DefaultFailureHandlerImpl.java" bugCount="0" size="15"/>
    <FileStats path="com/alibaba/fescar/tm/api/DefaultGlobalTransaction.java" bugCount="0" size="77"/>
    <FileStats path="com/alibaba/fescar/tm/api/FailureHandler.java" bugCount="0" size="4"/>
    <FileStats path="com/alibaba/fescar/tm/api/GlobalTransaction.java" bugCount="0" size="8"/>
    <FileStats path="com/alibaba/fescar/tm/api/GlobalTransactionContext.java" bugCount="0" size="25"/>
    <FileStats path="com/alibaba/fescar/tm/api/GlobalTransactionRole.java" bugCount="0" size="11"/>
    <FileStats path="com/alibaba/fescar/tm/api/TransactionalExecutor.java" bugCount="0" size="53"/>
    <FileStats path="com/alibaba/fescar/tm/api/TransactionalTemplate.java" bugCount="0" size="22"/>
    <PackageStats package="com.alibaba.fescar.tm" total_bugs="0" total_types="4" total_size="55">
      <ClassStats class="com.alibaba.fescar.tm.DefaultTransactionManager" sourceFile="DefaultTransactionManager.java" interface="false" size="39" bugs="0"/>
      <ClassStats class="com.alibaba.fescar.tm.DefaultTransactionManager$1" sourceFile="DefaultTransactionManager.java" interface="false" size="1" bugs="0"/>
      <ClassStats class="com.alibaba.fescar.tm.DefaultTransactionManager$SingletonHolder" sourceFile="DefaultTransactionManager.java" interface="false" size="8" bugs="0"/>
      <ClassStats class="com.alibaba.fescar.tm.TMClient" sourceFile="TMClient.java" interface="false" size="7" bugs="0"/>
    </PackageStats>
    <PackageStats package="com.alibaba.fescar.tm.api" total_bugs="0" total_types="20" total_size="324">
      <ClassStats class="com.alibaba.fescar.tm.api.APITest" sourceFile="APITest.java" interface="false" size="40" bugs="0"/>
      <ClassStats class="com.alibaba.fescar.tm.api.APITest$1" sourceFile="APITest.java" interface="false" size="11" bugs="0"/>
      <ClassStats class="com.alibaba.fescar.tm.api.APITest$2" sourceFile="APITest.java" interface="false" size="8" bugs="0"/>
      <ClassStats class="com.alibaba.fescar.tm.api.APITest$2$1" sourceFile="APITest.java" interface="false" size="8" bugs="0"/>
      <ClassStats class="com.alibaba.fescar.tm.api.APITest$2$1$1" sourceFile="APITest.java" interface="false" size="6" bugs="0"/>
      <ClassStats class="com.alibaba.fescar.tm.api.APITest$3" sourceFile="APITest.java" interface="false" size="11" bugs="0"/>
      <ClassStats class="com.alibaba.fescar.tm.api.APITest$3$1" sourceFile="APITest.java" interface="false" size="11" bugs="0"/>
      <ClassStats class="com.alibaba.fescar.tm.api.APITest$3$1$1" sourceFile="APITest.java" interface="false" size="6" bugs="0"/>
      <ClassStats class="com.alibaba.fescar.tm.api.APITest$AbstractTransactionalExecutor" sourceFile="APITest.java" interface="false" size="8" bugs="0"/>
      <ClassStats class="com.alibaba.fescar.tm.api.DefaultFailureHandlerImpl" sourceFile="DefaultFailureHandlerImpl.java" interface="false" size="15" bugs="0"/>
      <ClassStats class="com.alibaba.fescar.tm.api.DefaultGlobalTransaction" sourceFile="DefaultGlobalTransaction.java" interface="false" size="77" bugs="0"/>
      <ClassStats class="com.alibaba.fescar.tm.api.FailureHandler" sourceFile="FailureHandler.java" interface="true" size="4" bugs="0"/>
      <ClassStats class="com.alibaba.fescar.tm.api.GlobalTransaction" sourceFile="GlobalTransaction.java" interface="true" size="8" bugs="0"/>
      <ClassStats class="com.alibaba.fescar.tm.api.GlobalTransactionContext" sourceFile="GlobalTransactionContext.java" interface="false" size="20" bugs="0"/>
      <ClassStats class="com.alibaba.fescar.tm.api.GlobalTransactionContext$1" sourceFile="GlobalTransactionContext.java" interface="false" size="5" bugs="0"/>
      <ClassStats class="com.alibaba.fescar.tm.api.GlobalTransactionRole" sourceFile="GlobalTransactionRole.java" interface="false" size="11" bugs="0"/>
      <ClassStats class="com.alibaba.fescar.tm.api.TransactionalExecutor" sourceFile="TransactionalExecutor.java" interface="true" size="4" bugs="0"/>
      <ClassStats class="com.alibaba.fescar.tm.api.TransactionalExecutor$Code" sourceFile="TransactionalExecutor.java" interface="false" size="15" bugs="0"/>
      <ClassStats class="com.alibaba.fescar.tm.api.TransactionalExecutor$ExecutionException" sourceFile="TransactionalExecutor.java" interface="false" size="34" bugs="0"/>
      <ClassStats class="com.alibaba.fescar.tm.api.TransactionalTemplate" sourceFile="TransactionalTemplate.java" interface="false" size="22" bugs="0"/>
    </PackageStats>
    <FindBugsProfile>
      <ClassProfile name="edu.umd.cs.findbugs.classfile.engine.ClassDataAnalysisEngine" totalMilliseconds="210" invocations="591" avgMicrosecondsPerInvocation="355" maxMicrosecondsPerInvocation="680" standardDeviationMircosecondsPerInvocation="86"/>
      <ClassProfile name="edu.umd.cs.findbugs.FindBugs2" totalMilliseconds="209" invocations="2" avgMicrosecondsPerInvocation="104822" maxMicrosecondsPerInvocation="195920" standardDeviationMircosecondsPerInvocation="91098"/>
      <ClassProfile name="edu.umd.cs.findbugs.classfile.engine.ClassInfoAnalysisEngine" totalMilliseconds="126" invocations="589" avgMicrosecondsPerInvocation="215" maxMicrosecondsPerInvocation="16206" standardDeviationMircosecondsPerInvocation="800"/>
      <ClassProfile name="edu.umd.cs.findbugs.detect.FieldItemSummary" totalMilliseconds="23" invocations="83" avgMicrosecondsPerInvocation="288" maxMicrosecondsPerInvocation="3597" standardDeviationMircosecondsPerInvocation="647"/>
      <ClassProfile name="edu.umd.cs.findbugs.detect.FindNoSideEffectMethods" totalMilliseconds="18" invocations="83" avgMicrosecondsPerInvocation="220" maxMicrosecondsPerInvocation="2988" standardDeviationMircosecondsPerInvocation="476"/>
    </FindBugsProfile>
  </FindBugsSummary>
  <ClassFeatures></ClassFeatures>
  <History></History>
</BugCollection>
