<?xml version="1.0" encoding="UTF-8"?>
<?xml-stylesheet type="text/xsl" href="http://findbugs.sourceforge.net/xsl/default.xsl"?>

<BugCollection version="3.0.1" sequence="0" timestamp="1555494812428" analysisTimestamp="1555494811874" release="">
  <Project projectName="fescar-all[fescar-discovery]">
    <Jar>C:\Users\Subhodip_PC\Desktop\PROJECT\Seta_Downloads\seata-0.2.2\discovery\target\classes\com\alibaba\fescar\discovery\loadbalance\AbstractLoadBalance.class</Jar>
    <Jar>C:\Users\Subhodip_PC\Desktop\PROJECT\Seta_Downloads\seata-0.2.2\discovery\target\classes\com\alibaba\fescar\discovery\loadbalance\LoadBalance.class</Jar>
    <Jar>C:\Users\Subhodip_PC\Desktop\PROJECT\Seta_Downloads\seata-0.2.2\discovery\target\classes\com\alibaba\fescar\discovery\loadbalance\LoadBalanceFactory.class</Jar>
    <Jar>C:\Users\Subhodip_PC\Desktop\PROJECT\Seta_Downloads\seata-0.2.2\discovery\target\classes\com\alibaba\fescar\discovery\loadbalance\RandomLoadBalance.class</Jar>
    <Jar>C:\Users\Subhodip_PC\Desktop\PROJECT\Seta_Downloads\seata-0.2.2\discovery\target\classes\com\alibaba\fescar\discovery\loadbalance\RoundRobinLoadBalance.class</Jar>
    <Jar>C:\Users\Subhodip_PC\Desktop\PROJECT\Seta_Downloads\seata-0.2.2\discovery\target\classes\com\alibaba\fescar\discovery\registry\FileRegistryServiceImpl.class</Jar>
    <Jar>C:\Users\Subhodip_PC\Desktop\PROJECT\Seta_Downloads\seata-0.2.2\discovery\target\classes\com\alibaba\fescar\discovery\registry\NacosRegistryServiceImpl$1.class</Jar>
    <Jar>C:\Users\Subhodip_PC\Desktop\PROJECT\Seta_Downloads\seata-0.2.2\discovery\target\classes\com\alibaba\fescar\discovery\registry\NacosRegistryServiceImpl.class</Jar>
    <Jar>C:\Users\Subhodip_PC\Desktop\PROJECT\Seta_Downloads\seata-0.2.2\discovery\target\classes\com\alibaba\fescar\discovery\registry\RegistryFactory$1.class</Jar>
    <Jar>C:\Users\Subhodip_PC\Desktop\PROJECT\Seta_Downloads\seata-0.2.2\discovery\target\classes\com\alibaba\fescar\discovery\registry\RegistryFactory.class</Jar>
    <Jar>C:\Users\Subhodip_PC\Desktop\PROJECT\Seta_Downloads\seata-0.2.2\discovery\target\classes\com\alibaba\fescar\discovery\registry\RegistryService.class</Jar>
    <Jar>C:\Users\Subhodip_PC\Desktop\PROJECT\Seta_Downloads\seata-0.2.2\discovery\target\test-classes\com\alibaba\fescar\discovery\loadbalance\LoadBalanceFactoryTest.class</Jar>
    <Jar>C:\Users\Subhodip_PC\Desktop\PROJECT\Seta_Downloads\seata-0.2.2\discovery\target\test-classes\com\alibaba\fescar\discovery\loadbalance\LoadBalanceTest.class</Jar>
    <AuxClasspathEntry>C:/Users/Subhodip_PC/Desktop/PROJECT/Seta_Downloads/seata-0.2.2/config/target/classes</AuxClasspathEntry>
    <AuxClasspathEntry>C:/Users/Subhodip_PC/Desktop/PROJECT/Seta_Downloads/seata-0.2.2/config/target/test-classes</AuxClasspathEntry>
    <AuxClasspathEntry>C:/Users/Subhodip_PC/Desktop/PROJECT/Seta_Downloads/seata-0.2.2/discovery/target/classes</AuxClasspathEntry>
    <AuxClasspathEntry>C:/Users/Subhodip_PC/Desktop/PROJECT/Seta_Downloads/seata-0.2.2/discovery/target/test-classes</AuxClasspathEntry>
    <AuxClasspathEntry>C:/Users/Subhodip_PC/Desktop/PROJECT/Seta_Downloads/seata-0.2.2/common/target/classes</AuxClasspathEntry>
    <AuxClasspathEntry>C:/Users/Subhodip_PC/Desktop/PROJECT/Seta_Downloads/seata-0.2.2/common/target/test-classes</AuxClasspathEntry>
    <SrcDir>C:/Users/Subhodip_PC/Desktop/PROJECT/Seta_Downloads/seata-0.2.2/discovery/src/main/java</SrcDir>
    <SrcDir>C:/Users/Subhodip_PC/Desktop/PROJECT/Seta_Downloads/seata-0.2.2/discovery/src/main/resources</SrcDir>
    <SrcDir>C:/Users/Subhodip_PC/Desktop/PROJECT/Seta_Downloads/seata-0.2.2/discovery/src/test/java</SrcDir>
  </Project>
  <BugInstance type="WMI_WRONG_MAP_ITERATOR" priority="2" rank="18" abbrev="WMI" category="PERFORMANCE" instanceHash="ff561f5ac114cf83448acc8a22a87a46" instanceOccurrenceNum="0" instanceOccurrenceMax="0">
    <ShortMessage>Inefficient use of keySet iterator instead of entrySet iterator</ShortMessage>
    <LongMessage>com.alibaba.fescar.discovery.loadbalance.LoadBalanceTest.testRandomLoadBalance_select(List) makes inefficient use of keySet iterator instead of entrySet iterator</LongMessage>
    <Class classname="com.alibaba.fescar.discovery.loadbalance.LoadBalanceTest" primary="true">
      <SourceLine classname="com.alibaba.fescar.discovery.loadbalance.LoadBalanceTest" sourcefile="LoadBalanceTest.java" sourcepath="com/alibaba/fescar/discovery/loadbalance/LoadBalanceTest.java" relSourcepath="test\java\com\alibaba\fescar\discovery\loadbalance\LoadBalanceTest.java">
        <Message>In LoadBalanceTest.java</Message>
      </SourceLine>
      <Message>In class com.alibaba.fescar.discovery.loadbalance.LoadBalanceTest</Message>
    </Class>
    <Method classname="com.alibaba.fescar.discovery.loadbalance.LoadBalanceTest" name="testRandomLoadBalance_select" signature="(Ljava/util/List;)V" isStatic="false" primary="true">
      <SourceLine classname="com.alibaba.fescar.discovery.loadbalance.LoadBalanceTest" start="22" end="28" startBytecode="0" endBytecode="271" sourcefile="LoadBalanceTest.java" sourcepath="com/alibaba/fescar/discovery/loadbalance/LoadBalanceTest.java" relSourcepath="test\java\com\alibaba\fescar\discovery\loadbalance\LoadBalanceTest.java"/>
      <Message>In method com.alibaba.fescar.discovery.loadbalance.LoadBalanceTest.testRandomLoadBalance_select(List)</Message>
    </Method>
    <SourceLine classname="com.alibaba.fescar.discovery.loadbalance.LoadBalanceTest" primary="true" start="25" end="25" startBytecode="56" endBytecode="56" sourcefile="LoadBalanceTest.java" sourcepath="com/alibaba/fescar/discovery/loadbalance/LoadBalanceTest.java" relSourcepath="test\java\com\alibaba\fescar\discovery\loadbalance\LoadBalanceTest.java">
      <Message>At LoadBalanceTest.java:[line 25]</Message>
    </SourceLine>
    <SourceLine classname="com.alibaba.fescar.discovery.loadbalance.LoadBalanceTest" primary="true" start="25" end="25" startBytecode="56" endBytecode="56" sourcefile="LoadBalanceTest.java" sourcepath="com/alibaba/fescar/discovery/loadbalance/LoadBalanceTest.java" relSourcepath="test\java\com\alibaba\fescar\discovery\loadbalance\LoadBalanceTest.java">
      <Message>At LoadBalanceTest.java:[line 25]</Message>
    </SourceLine>
  </BugInstance>
  <BugInstance type="WMI_WRONG_MAP_ITERATOR" priority="2" rank="18" abbrev="WMI" category="PERFORMANCE" instanceHash="ca97ba3928d5adf01a0b0f98c95fe7f5" instanceOccurrenceNum="0" instanceOccurrenceMax="0">
    <ShortMessage>Inefficient use of keySet iterator instead of entrySet iterator</ShortMessage>
    <LongMessage>com.alibaba.fescar.discovery.loadbalance.LoadBalanceTest.testRoundRobinLoadBalance_select(List) makes inefficient use of keySet iterator instead of entrySet iterator</LongMessage>
    <Class classname="com.alibaba.fescar.discovery.loadbalance.LoadBalanceTest" primary="true">
      <SourceLine classname="com.alibaba.fescar.discovery.loadbalance.LoadBalanceTest" sourcefile="LoadBalanceTest.java" sourcepath="com/alibaba/fescar/discovery/loadbalance/LoadBalanceTest.java" relSourcepath="test\java\com\alibaba\fescar\discovery\loadbalance\LoadBalanceTest.java">
        <Message>In LoadBalanceTest.java</Message>
      </SourceLine>
      <Message>In class com.alibaba.fescar.discovery.loadbalance.LoadBalanceTest</Message>
    </Class>
    <Method classname="com.alibaba.fescar.discovery.loadbalance.LoadBalanceTest" name="testRoundRobinLoadBalance_select" signature="(Ljava/util/List;)V" isStatic="false" primary="true">
      <SourceLine classname="com.alibaba.fescar.discovery.loadbalance.LoadBalanceTest" start="32" end="38" startBytecode="0" endBytecode="288" sourcefile="LoadBalanceTest.java" sourcepath="com/alibaba/fescar/discovery/loadbalance/LoadBalanceTest.java" relSourcepath="test\java\com\alibaba\fescar\discovery\loadbalance\LoadBalanceTest.java"/>
      <Message>In method com.alibaba.fescar.discovery.loadbalance.LoadBalanceTest.testRoundRobinLoadBalance_select(List)</Message>
    </Method>
    <SourceLine classname="com.alibaba.fescar.discovery.loadbalance.LoadBalanceTest" primary="true" start="35" end="35" startBytecode="56" endBytecode="56" sourcefile="LoadBalanceTest.java" sourcepath="com/alibaba/fescar/discovery/loadbalance/LoadBalanceTest.java" relSourcepath="test\java\com\alibaba\fescar\discovery\loadbalance\LoadBalanceTest.java">
      <Message>At LoadBalanceTest.java:[line 35]</Message>
    </SourceLine>
    <SourceLine classname="com.alibaba.fescar.discovery.loadbalance.LoadBalanceTest" primary="true" start="35" end="35" startBytecode="56" endBytecode="56" sourcefile="LoadBalanceTest.java" sourcepath="com/alibaba/fescar/discovery/loadbalance/LoadBalanceTest.java" relSourcepath="test\java\com\alibaba\fescar\discovery\loadbalance\LoadBalanceTest.java">
      <Message>At LoadBalanceTest.java:[line 35]</Message>
    </SourceLine>
  </BugInstance>
  <BugInstance type="NP_NULL_ON_SOME_PATH_EXCEPTION" priority="2" rank="11" abbrev="NP" category="CORRECTNESS" instanceHash="2b0cca67e0665ed2ef1c89da545ece1f" instanceOccurrenceNum="0" instanceOccurrenceMax="0" cweid="476">
    <ShortMessage>Possible null pointer dereference in method on exception path</ShortMessage>
    <LongMessage>Possible null pointer dereference of configType in com.alibaba.fescar.discovery.registry.RegistryFactory.getInstance() on exception path</LongMessage>
    <Class classname="com.alibaba.fescar.discovery.registry.RegistryFactory" primary="true">
      <SourceLine classname="com.alibaba.fescar.discovery.registry.RegistryFactory" sourcefile="RegistryFactory.java" sourcepath="com/alibaba/fescar/discovery/registry/RegistryFactory.java" relSourcepath="main\java\com\alibaba\fescar\discovery\registry\RegistryFactory.java">
        <Message>In RegistryFactory.java</Message>
      </SourceLine>
      <Message>In class com.alibaba.fescar.discovery.registry.RegistryFactory</Message>
    </Class>
    <Method classname="com.alibaba.fescar.discovery.registry.RegistryFactory" name="getInstance" signature="()Lcom/alibaba/fescar/discovery/registry/RegistryService;" isStatic="true" primary="true">
      <SourceLine classname="com.alibaba.fescar.discovery.registry.RegistryFactory" start="48" end="66" startBytecode="0" endBytecode="283" sourcefile="RegistryFactory.java" sourcepath="com/alibaba/fescar/discovery/registry/RegistryFactory.java" relSourcepath="main\java\com\alibaba\fescar\discovery\registry\RegistryFactory.java"/>
      <Message>In method com.alibaba.fescar.discovery.registry.RegistryFactory.getInstance()</Message>
    </Method>
    <LocalVariable name="configType" register="0" pc="16" role="LOCAL_VARIABLE_VALUE_OF">
      <Message>Value loaded from configType</Message>
    </LocalVariable>
    <SourceLine classname="com.alibaba.fescar.discovery.registry.RegistryFactory" primary="true" start="56" end="56" startBytecode="36" endBytecode="36" sourcefile="RegistryFactory.java" sourcepath="com/alibaba/fescar/discovery/registry/RegistryFactory.java" relSourcepath="main\java\com\alibaba\fescar\discovery\registry\RegistryFactory.java" role="SOURCE_LINE_DEREF">
      <Message>Dereferenced at RegistryFactory.java:[line 56]</Message>
    </SourceLine>
    <SourceLine classname="com.alibaba.fescar.discovery.registry.RegistryFactory" start="48" end="48" startBytecode="0" endBytecode="0" sourcefile="RegistryFactory.java" sourcepath="com/alibaba/fescar/discovery/registry/RegistryFactory.java" relSourcepath="main\java\com\alibaba\fescar\discovery\registry\RegistryFactory.java" role="SOURCE_LINE_NULL_VALUE">
      <Message>Null value at RegistryFactory.java:[line 48]</Message>
    </SourceLine>
    <SourceLine classname="com.alibaba.fescar.discovery.registry.RegistryFactory" start="52" end="52" startBytecode="19" endBytecode="19" sourcefile="RegistryFactory.java" sourcepath="com/alibaba/fescar/discovery/registry/RegistryFactory.java" relSourcepath="main\java\com\alibaba\fescar\discovery\registry\RegistryFactory.java" role="SOURCE_LINE_KNOWN_NULL">
      <Message>Known null at RegistryFactory.java:[line 52]</Message>
    </SourceLine>
    <SourceLine classname="com.alibaba.fescar.discovery.registry.RegistryFactory" start="53" end="53" startBytecode="24" endBytecode="24" sourcefile="RegistryFactory.java" sourcepath="com/alibaba/fescar/discovery/registry/RegistryFactory.java" relSourcepath="main\java\com\alibaba\fescar\discovery\registry\RegistryFactory.java" role="SOURCE_LINE_KNOWN_NULL">
      <Message>Known null at RegistryFactory.java:[line 53]</Message>
    </SourceLine>
    <Property name="edu.umd.cs.findbugs.detect.NullDerefProperty.ALWAYS_ON_EXCEPTION_PATH" value="true"/>
  </BugInstance>
  <BugCategory category="PERFORMANCE">
    <Description>Performance</Description>
  </BugCategory>
  <BugCategory category="CORRECTNESS">
    <Description>Correctness</Description>
  </BugCategory>
  <BugPattern type="WMI_WRONG_MAP_ITERATOR" abbrev="WMI" category="PERFORMANCE">
    <ShortDescription>Inefficient use of keySet iterator instead of entrySet iterator</ShortDescription>
    <Details><![CDATA[

<p> This method accesses the value of a Map entry, using a key that was retrieved from
a keySet iterator. It is more efficient to use an iterator on the entrySet of the map, to avoid the
Map.get(key) lookup.</p>

        ]]></Details>
  </BugPattern>
  <BugPattern type="NP_NULL_ON_SOME_PATH_EXCEPTION" abbrev="NP" category="CORRECTNESS">
    <ShortDescription>Possible null pointer dereference in method on exception path</ShortDescription>
    <Details><![CDATA[

<p> A reference value which is null on some exception control path is
dereferenced here.&nbsp; This may lead to a <code>NullPointerException</code>
when the code is executed.&nbsp;
Note that because FindBugs currently does not prune infeasible exception paths,
this may be a false warning.</p>

<p> Also note that FindBugs considers the default case of a switch statement to
be an exception path, since the default case is often infeasible.</p>

    ]]></Details>
  </BugPattern>
  <BugCode abbrev="WMI">
    <Description>Inefficient Map Iterator</Description>
  </BugCode>
  <BugCode abbrev="NP" cweid="476">
    <Description>Null pointer dereference</Description>
  </BugCode>
  <Errors errors="0" missingClasses="0"></Errors>
  <FindBugsSummary timestamp="Wed, 17 Apr 2019 04:30:21 -0500" total_classes="13" referenced_classes="47" total_bugs="3" total_size="312" num_packages="2" java_version="1.8.0_152-release" vm_version="25.152-b28" cpu_seconds="16.73" clock_seconds="127.70" peak_mbytes="1237.75" alloc_mbytes="2320.00" gc_seconds="0.04" priority_2="3">
    <FileStats path="com/alibaba/fescar/discovery/loadbalance/AbstractLoadBalance.java" bugCount="0" size="10"/>
    <FileStats path="com/alibaba/fescar/discovery/loadbalance/LoadBalance.java" bugCount="0" size="2"/>
    <FileStats path="com/alibaba/fescar/discovery/loadbalance/LoadBalanceFactory.java" bugCount="0" size="6"/>
    <FileStats path="com/alibaba/fescar/discovery/loadbalance/LoadBalanceFactoryTest.java" bugCount="0" size="25"/>
    <FileStats path="com/alibaba/fescar/discovery/loadbalance/LoadBalanceTest.java" bugCount="2" size="39" bugHash="3cc05b1fbca6c69a94437b261ef02ed7"/>
    <FileStats path="com/alibaba/fescar/discovery/loadbalance/RandomLoadBalance.java" bugCount="0" size="8"/>
    <FileStats path="com/alibaba/fescar/discovery/loadbalance/RoundRobinLoadBalance.java" bugCount="0" size="14"/>
    <FileStats path="com/alibaba/fescar/discovery/registry/FileRegistryServiceImpl.java" bugCount="0" size="43"/>
    <FileStats path="com/alibaba/fescar/discovery/registry/NacosRegistryServiceImpl.java" bugCount="0" size="132"/>
    <FileStats path="com/alibaba/fescar/discovery/registry/RegistryFactory.java" bugCount="1" size="24" bugHash="c5530957ed2153b4274f094612a16b47"/>
    <FileStats path="com/alibaba/fescar/discovery/registry/RegistryService.java" bugCount="0" size="9"/>
    <PackageStats package="com.alibaba.fescar.discovery.loadbalance" total_bugs="2" total_types="7" total_size="104" priority_2="2">
      <ClassStats class="com.alibaba.fescar.discovery.loadbalance.AbstractLoadBalance" sourceFile="AbstractLoadBalance.java" interface="false" size="10" bugs="0"/>
      <ClassStats class="com.alibaba.fescar.discovery.loadbalance.LoadBalance" sourceFile="LoadBalance.java" interface="true" size="2" bugs="0"/>
      <ClassStats class="com.alibaba.fescar.discovery.loadbalance.LoadBalanceFactory" sourceFile="LoadBalanceFactory.java" interface="false" size="6" bugs="0"/>
      <ClassStats class="com.alibaba.fescar.discovery.loadbalance.LoadBalanceFactoryTest" sourceFile="LoadBalanceFactoryTest.java" interface="false" size="25" bugs="0"/>
      <ClassStats class="com.alibaba.fescar.discovery.loadbalance.LoadBalanceTest" sourceFile="LoadBalanceTest.java" interface="false" size="39" bugs="2" priority_2="2"/>
      <ClassStats class="com.alibaba.fescar.discovery.loadbalance.RandomLoadBalance" sourceFile="RandomLoadBalance.java" interface="false" size="8" bugs="0"/>
      <ClassStats class="com.alibaba.fescar.discovery.loadbalance.RoundRobinLoadBalance" sourceFile="RoundRobinLoadBalance.java" interface="false" size="14" bugs="0"/>
    </PackageStats>
    <PackageStats package="com.alibaba.fescar.discovery.registry" total_bugs="1" total_types="6" total_size="208" priority_2="1">
      <ClassStats class="com.alibaba.fescar.discovery.registry.FileRegistryServiceImpl" sourceFile="FileRegistryServiceImpl.java" interface="false" size="43" bugs="0"/>
      <ClassStats class="com.alibaba.fescar.discovery.registry.NacosRegistryServiceImpl" sourceFile="NacosRegistryServiceImpl.java" interface="false" size="115" bugs="0"/>
      <ClassStats class="com.alibaba.fescar.discovery.registry.NacosRegistryServiceImpl$1" sourceFile="NacosRegistryServiceImpl.java" interface="false" size="17" bugs="0"/>
      <ClassStats class="com.alibaba.fescar.discovery.registry.RegistryFactory" sourceFile="RegistryFactory.java" interface="false" size="20" bugs="1" priority_2="1"/>
      <ClassStats class="com.alibaba.fescar.discovery.registry.RegistryFactory$1" sourceFile="RegistryFactory.java" interface="false" size="4" bugs="0"/>
      <ClassStats class="com.alibaba.fescar.discovery.registry.RegistryService" sourceFile="RegistryService.java" interface="true" size="9" bugs="0"/>
    </PackageStats>
    <FindBugsProfile>
      <ClassProfile name="edu.umd.cs.findbugs.FindBugs2" totalMilliseconds="125" invocations="2" avgMicrosecondsPerInvocation="62758" maxMicrosecondsPerInvocation="113978" standardDeviationMircosecondsPerInvocation="51220"/>
      <ClassProfile name="edu.umd.cs.findbugs.classfile.engine.ClassDataAnalysisEngine" totalMilliseconds="119" invocations="502" avgMicrosecondsPerInvocation="238" maxMicrosecondsPerInvocation="745" standardDeviationMircosecondsPerInvocation="71"/>
      <ClassProfile name="edu.umd.cs.findbugs.classfile.engine.ClassInfoAnalysisEngine" totalMilliseconds="71" invocations="500" avgMicrosecondsPerInvocation="143" maxMicrosecondsPerInvocation="3903" standardDeviationMircosecondsPerInvocation="334"/>
      <ClassProfile name="edu.umd.cs.findbugs.classfile.engine.bcel.UnconditionalValueDerefDataflowFactory" totalMilliseconds="22" invocations="52" avgMicrosecondsPerInvocation="429" maxMicrosecondsPerInvocation="15480" standardDeviationMircosecondsPerInvocation="2116"/>
      <ClassProfile name="edu.umd.cs.findbugs.detect.FieldItemSummary" totalMilliseconds="17" invocations="47" avgMicrosecondsPerInvocation="370" maxMicrosecondsPerInvocation="3034" standardDeviationMircosecondsPerInvocation="694"/>
      <ClassProfile name="edu.umd.cs.findbugs.OpcodeStack$JumpInfoFactory" totalMilliseconds="16" invocations="198" avgMicrosecondsPerInvocation="81" maxMicrosecondsPerInvocation="563" standardDeviationMircosecondsPerInvocation="89"/>
    </FindBugsProfile>
  </FindBugsSummary>
  <ClassFeatures></ClassFeatures>
  <History></History>
</BugCollection>
