<?xml version="1.0" encoding="UTF-8"?>
<?xml-stylesheet type="text/xsl" href="http://findbugs.sourceforge.net/xsl/default.xsl"?>

<BugCollection version="3.0.1" sequence="0" timestamp="1555500175983" analysisTimestamp="1555500175515" release="">
  <Project projectName="fescar-all[fescar-dubbo-alibaba]">
    <Jar>C:\Users\Subhodip_PC\Desktop\PROJECT\Seta_Downloads\seata-0.4.1\dubbo-alibaba\target\classes\com\alibaba\fescar\dubbo\alibaba\TransactionPropagationFilter.class</Jar>
    <AuxClasspathEntry>C:/Users/Subhodip_PC/Desktop/PROJECT/Seta_Downloads/seata-0.4.1/tm/target/classes</AuxClasspathEntry>
    <AuxClasspathEntry>C:/Users/Subhodip_PC/Desktop/PROJECT/Seta_Downloads/seata-0.4.1/tm/target/test-classes</AuxClasspathEntry>
    <AuxClasspathEntry>C:/Users/Subhodip_PC/Desktop/PROJECT/Seta_Downloads/seata-0.4.1/common/target/classes</AuxClasspathEntry>
    <AuxClasspathEntry>C:/Users/Subhodip_PC/Desktop/PROJECT/Seta_Downloads/seata-0.4.1/common/target/test-classes</AuxClasspathEntry>
    <AuxClasspathEntry>C:/Users/Subhodip_PC/Desktop/PROJECT/Seta_Downloads/seata-0.4.1/dubbo-alibaba/target/classes</AuxClasspathEntry>
    <AuxClasspathEntry>C:/Users/Subhodip_PC/Desktop/PROJECT/Seta_Downloads/seata-0.4.1/discovery/target/classes</AuxClasspathEntry>
    <AuxClasspathEntry>C:/Users/Subhodip_PC/Desktop/PROJECT/Seta_Downloads/seata-0.4.1/discovery/target/test-classes</AuxClasspathEntry>
    <AuxClasspathEntry>C:/Users/Subhodip_PC/Desktop/PROJECT/Seta_Downloads/seata-0.4.1/core/target/classes</AuxClasspathEntry>
    <AuxClasspathEntry>C:/Users/Subhodip_PC/Desktop/PROJECT/Seta_Downloads/seata-0.4.1/core/target/test-classes</AuxClasspathEntry>
    <AuxClasspathEntry>C:/Users/Subhodip_PC/Desktop/PROJECT/Seta_Downloads/seata-0.4.1/config/target/classes</AuxClasspathEntry>
    <AuxClasspathEntry>C:/Users/Subhodip_PC/Desktop/PROJECT/Seta_Downloads/seata-0.4.1/config/target/test-classes</AuxClasspathEntry>
    <SrcDir>C:/Users/Subhodip_PC/Desktop/PROJECT/Seta_Downloads/seata-0.4.1/dubbo-alibaba/src/main/java</SrcDir>
    <SrcDir>C:/Users/Subhodip_PC/Desktop/PROJECT/Seta_Downloads/seata-0.4.1/dubbo-alibaba/src/main/resources</SrcDir>
  </Project>
  <Errors errors="0" missingClasses="0"></Errors>
  <FindBugsSummary timestamp="Wed, 17 Apr 2019 06:22:41 -0500" total_classes="1" referenced_classes="11" total_bugs="0" total_size="30" num_packages="1" java_version="1.8.0_152-release" vm_version="25.152-b28" cpu_seconds="9.61" clock_seconds="100.39" peak_mbytes="1336.48" alloc_mbytes="2320.00" gc_seconds="0.04">
    <FileStats path="com/alibaba/fescar/dubbo/alibaba/TransactionPropagationFilter.java" bugCount="0" size="30"/>
    <PackageStats package="com.alibaba.fescar.dubbo.alibaba" total_bugs="0" total_types="1" total_size="30">
      <ClassStats class="com.alibaba.fescar.dubbo.alibaba.TransactionPropagationFilter" sourceFile="TransactionPropagationFilter.java" interface="false" size="30" bugs="0"/>
    </PackageStats>
    <FindBugsProfile>
      <ClassProfile name="edu.umd.cs.findbugs.FindBugs2" totalMilliseconds="207" invocations="2" avgMicrosecondsPerInvocation="103919" maxMicrosecondsPerInvocation="203071" standardDeviationMircosecondsPerInvocation="99152"/>
      <ClassProfile name="edu.umd.cs.findbugs.classfile.engine.ClassDataAnalysisEngine" totalMilliseconds="133" invocations="318" avgMicrosecondsPerInvocation="420" maxMicrosecondsPerInvocation="788" standardDeviationMircosecondsPerInvocation="130"/>
      <ClassProfile name="edu.umd.cs.findbugs.classfile.engine.ClassInfoAnalysisEngine" totalMilliseconds="61" invocations="318" avgMicrosecondsPerInvocation="193" maxMicrosecondsPerInvocation="4694" standardDeviationMircosecondsPerInvocation="445"/>
    </FindBugsProfile>
  </FindBugsSummary>
  <ClassFeatures></ClassFeatures>
  <History></History>
</BugCollection>
