<?xml version="1.0" encoding="UTF-8"?>
<?xml-stylesheet type="text/xsl" href="http://findbugs.sourceforge.net/xsl/default.xsl"?>

<BugCollection version="3.0.1" sequence="0" timestamp="1555500164750" analysisTimestamp="1555500163876" release="">
  <Project projectName="fescar-all[fescar-tm]">
    <Jar>C:\Users\Subhodip_PC\Desktop\PROJECT\Seta_Downloads\seata-0.4.1\tm\target\classes\com\alibaba\fescar\tm\api\DefaultFailureHandlerImpl.class</Jar>
    <Jar>C:\Users\Subhodip_PC\Desktop\PROJECT\Seta_Downloads\seata-0.4.1\tm\target\classes\com\alibaba\fescar\tm\api\DefaultGlobalTransaction.class</Jar>
    <Jar>C:\Users\Subhodip_PC\Desktop\PROJECT\Seta_Downloads\seata-0.4.1\tm\target\classes\com\alibaba\fescar\tm\api\FailureHandler.class</Jar>
    <Jar>C:\Users\Subhodip_PC\Desktop\PROJECT\Seta_Downloads\seata-0.4.1\tm\target\classes\com\alibaba\fescar\tm\api\GlobalTransaction.class</Jar>
    <Jar>C:\Users\Subhodip_PC\Desktop\PROJECT\Seta_Downloads\seata-0.4.1\tm\target\classes\com\alibaba\fescar\tm\api\GlobalTransactionContext$1.class</Jar>
    <Jar>C:\Users\Subhodip_PC\Desktop\PROJECT\Seta_Downloads\seata-0.4.1\tm\target\classes\com\alibaba\fescar\tm\api\GlobalTransactionContext.class</Jar>
    <Jar>C:\Users\Subhodip_PC\Desktop\PROJECT\Seta_Downloads\seata-0.4.1\tm\target\classes\com\alibaba\fescar\tm\api\GlobalTransactionRole.class</Jar>
    <Jar>C:\Users\Subhodip_PC\Desktop\PROJECT\Seta_Downloads\seata-0.4.1\tm\target\classes\com\alibaba\fescar\tm\api\transaction\TransactionHook.class</Jar>
    <Jar>C:\Users\Subhodip_PC\Desktop\PROJECT\Seta_Downloads\seata-0.4.1\tm\target\classes\com\alibaba\fescar\tm\api\transaction\TransactionHookAdapter.class</Jar>
    <Jar>C:\Users\Subhodip_PC\Desktop\PROJECT\Seta_Downloads\seata-0.4.1\tm\target\classes\com\alibaba\fescar\tm\api\transaction\TransactionHookManager.class</Jar>
    <Jar>C:\Users\Subhodip_PC\Desktop\PROJECT\Seta_Downloads\seata-0.4.1\tm\target\classes\com\alibaba\fescar\tm\api\TransactionalExecutor$Code.class</Jar>
    <Jar>C:\Users\Subhodip_PC\Desktop\PROJECT\Seta_Downloads\seata-0.4.1\tm\target\classes\com\alibaba\fescar\tm\api\TransactionalExecutor$ExecutionException.class</Jar>
    <Jar>C:\Users\Subhodip_PC\Desktop\PROJECT\Seta_Downloads\seata-0.4.1\tm\target\classes\com\alibaba\fescar\tm\api\TransactionalExecutor.class</Jar>
    <Jar>C:\Users\Subhodip_PC\Desktop\PROJECT\Seta_Downloads\seata-0.4.1\tm\target\classes\com\alibaba\fescar\tm\api\TransactionalTemplate.class</Jar>
    <Jar>C:\Users\Subhodip_PC\Desktop\PROJECT\Seta_Downloads\seata-0.4.1\tm\target\classes\com\alibaba\fescar\tm\DefaultTransactionManager$1.class</Jar>
    <Jar>C:\Users\Subhodip_PC\Desktop\PROJECT\Seta_Downloads\seata-0.4.1\tm\target\classes\com\alibaba\fescar\tm\DefaultTransactionManager$SingletonHolder.class</Jar>
    <Jar>C:\Users\Subhodip_PC\Desktop\PROJECT\Seta_Downloads\seata-0.4.1\tm\target\classes\com\alibaba\fescar\tm\DefaultTransactionManager.class</Jar>
    <Jar>C:\Users\Subhodip_PC\Desktop\PROJECT\Seta_Downloads\seata-0.4.1\tm\target\classes\com\alibaba\fescar\tm\TMClient.class</Jar>
    <Jar>C:\Users\Subhodip_PC\Desktop\PROJECT\Seta_Downloads\seata-0.4.1\tm\target\test-classes\com\alibaba\fescar\tm\api\APITest$1.class</Jar>
    <Jar>C:\Users\Subhodip_PC\Desktop\PROJECT\Seta_Downloads\seata-0.4.1\tm\target\test-classes\com\alibaba\fescar\tm\api\APITest$2$1$1.class</Jar>
    <Jar>C:\Users\Subhodip_PC\Desktop\PROJECT\Seta_Downloads\seata-0.4.1\tm\target\test-classes\com\alibaba\fescar\tm\api\APITest$2$1.class</Jar>
    <Jar>C:\Users\Subhodip_PC\Desktop\PROJECT\Seta_Downloads\seata-0.4.1\tm\target\test-classes\com\alibaba\fescar\tm\api\APITest$2.class</Jar>
    <Jar>C:\Users\Subhodip_PC\Desktop\PROJECT\Seta_Downloads\seata-0.4.1\tm\target\test-classes\com\alibaba\fescar\tm\api\APITest$3$1$1.class</Jar>
    <Jar>C:\Users\Subhodip_PC\Desktop\PROJECT\Seta_Downloads\seata-0.4.1\tm\target\test-classes\com\alibaba\fescar\tm\api\APITest$3$1.class</Jar>
    <Jar>C:\Users\Subhodip_PC\Desktop\PROJECT\Seta_Downloads\seata-0.4.1\tm\target\test-classes\com\alibaba\fescar\tm\api\APITest$3.class</Jar>
    <Jar>C:\Users\Subhodip_PC\Desktop\PROJECT\Seta_Downloads\seata-0.4.1\tm\target\test-classes\com\alibaba\fescar\tm\api\APITest$AbstractTransactionalExecutor.class</Jar>
    <Jar>C:\Users\Subhodip_PC\Desktop\PROJECT\Seta_Downloads\seata-0.4.1\tm\target\test-classes\com\alibaba\fescar\tm\api\APITest.class</Jar>
    <Jar>C:\Users\Subhodip_PC\Desktop\PROJECT\Seta_Downloads\seata-0.4.1\tm\target\test-classes\com\alibaba\fescar\tm\api\transaction\TransactionHookManagerTest.class</Jar>
    <Jar>C:\Users\Subhodip_PC\Desktop\PROJECT\Seta_Downloads\seata-0.4.1\tm\target\test-classes\com\alibaba\fescar\tm\api\TransactionTemplateTest.class</Jar>
    <AuxClasspathEntry>C:/Users/Subhodip_PC/Desktop/PROJECT/Seta_Downloads/seata-0.4.1/tm/target/classes</AuxClasspathEntry>
    <AuxClasspathEntry>C:/Users/Subhodip_PC/Desktop/PROJECT/Seta_Downloads/seata-0.4.1/tm/target/test-classes</AuxClasspathEntry>
    <AuxClasspathEntry>C:/Users/Subhodip_PC/Desktop/PROJECT/Seta_Downloads/seata-0.4.1/common/target/classes</AuxClasspathEntry>
    <AuxClasspathEntry>C:/Users/Subhodip_PC/Desktop/PROJECT/Seta_Downloads/seata-0.4.1/common/target/test-classes</AuxClasspathEntry>
    <AuxClasspathEntry>C:/Users/Subhodip_PC/Desktop/PROJECT/Seta_Downloads/seata-0.4.1/discovery/target/classes</AuxClasspathEntry>
    <AuxClasspathEntry>C:/Users/Subhodip_PC/Desktop/PROJECT/Seta_Downloads/seata-0.4.1/discovery/target/test-classes</AuxClasspathEntry>
    <AuxClasspathEntry>C:/Users/Subhodip_PC/Desktop/PROJECT/Seta_Downloads/seata-0.4.1/core/target/classes</AuxClasspathEntry>
    <AuxClasspathEntry>C:/Users/Subhodip_PC/Desktop/PROJECT/Seta_Downloads/seata-0.4.1/core/target/test-classes</AuxClasspathEntry>
    <AuxClasspathEntry>C:/Users/Subhodip_PC/Desktop/PROJECT/Seta_Downloads/seata-0.4.1/config/target/classes</AuxClasspathEntry>
    <AuxClasspathEntry>C:/Users/Subhodip_PC/Desktop/PROJECT/Seta_Downloads/seata-0.4.1/config/target/test-classes</AuxClasspathEntry>
    <SrcDir>C:/Users/Subhodip_PC/Desktop/PROJECT/Seta_Downloads/seata-0.4.1/tm/src/main/java</SrcDir>
    <SrcDir>C:/Users/Subhodip_PC/Desktop/PROJECT/Seta_Downloads/seata-0.4.1/tm/src/test/java</SrcDir>
  </Project>
  <Errors errors="0" missingClasses="0"></Errors>
  <FindBugsSummary timestamp="Wed, 17 Apr 2019 06:22:33 -0500" total_classes="29" referenced_classes="89" total_bugs="0" total_size="572" num_packages="3" java_version="1.8.0_152-release" vm_version="25.152-b28" cpu_seconds="31.11" clock_seconds="113.70" peak_mbytes="1336.57" alloc_mbytes="2320.00" gc_seconds="0.62">
    <FileStats path="com/alibaba/fescar/tm/DefaultTransactionManager.java" bugCount="0" size="48"/>
    <FileStats path="com/alibaba/fescar/tm/TMClient.java" bugCount="0" size="7"/>
    <FileStats path="com/alibaba/fescar/tm/api/APITest.java" bugCount="0" size="109"/>
    <FileStats path="com/alibaba/fescar/tm/api/DefaultFailureHandlerImpl.java" bugCount="0" size="15"/>
    <FileStats path="com/alibaba/fescar/tm/api/DefaultGlobalTransaction.java" bugCount="0" size="77"/>
    <FileStats path="com/alibaba/fescar/tm/api/FailureHandler.java" bugCount="0" size="4"/>
    <FileStats path="com/alibaba/fescar/tm/api/GlobalTransaction.java" bugCount="0" size="8"/>
    <FileStats path="com/alibaba/fescar/tm/api/GlobalTransactionContext.java" bugCount="0" size="25"/>
    <FileStats path="com/alibaba/fescar/tm/api/GlobalTransactionRole.java" bugCount="0" size="11"/>
    <FileStats path="com/alibaba/fescar/tm/api/TransactionTemplateTest.java" bugCount="0" size="48"/>
    <FileStats path="com/alibaba/fescar/tm/api/TransactionalExecutor.java" bugCount="0" size="53"/>
    <FileStats path="com/alibaba/fescar/tm/api/TransactionalTemplate.java" bugCount="0" size="95"/>
    <FileStats path="com/alibaba/fescar/tm/api/transaction/TransactionHook.java" bugCount="0" size="8"/>
    <FileStats path="com/alibaba/fescar/tm/api/transaction/TransactionHookAdapter.java" bugCount="0" size="17"/>
    <FileStats path="com/alibaba/fescar/tm/api/transaction/TransactionHookManager.java" bugCount="0" size="22"/>
    <FileStats path="com/alibaba/fescar/tm/api/transaction/TransactionHookManagerTest.java" bugCount="0" size="25"/>
    <PackageStats package="com.alibaba.fescar.tm" total_bugs="0" total_types="4" total_size="55">
      <ClassStats class="com.alibaba.fescar.tm.DefaultTransactionManager" sourceFile="DefaultTransactionManager.java" interface="false" size="39" bugs="0"/>
      <ClassStats class="com.alibaba.fescar.tm.DefaultTransactionManager$1" sourceFile="DefaultTransactionManager.java" interface="false" size="1" bugs="0"/>
      <ClassStats class="com.alibaba.fescar.tm.DefaultTransactionManager$SingletonHolder" sourceFile="DefaultTransactionManager.java" interface="false" size="8" bugs="0"/>
      <ClassStats class="com.alibaba.fescar.tm.TMClient" sourceFile="TMClient.java" interface="false" size="7" bugs="0"/>
    </PackageStats>
    <PackageStats package="com.alibaba.fescar.tm.api" total_bugs="0" total_types="21" total_size="445">
      <ClassStats class="com.alibaba.fescar.tm.api.APITest" sourceFile="APITest.java" interface="false" size="40" bugs="0"/>
      <ClassStats class="com.alibaba.fescar.tm.api.APITest$1" sourceFile="APITest.java" interface="false" size="11" bugs="0"/>
      <ClassStats class="com.alibaba.fescar.tm.api.APITest$2" sourceFile="APITest.java" interface="false" size="8" bugs="0"/>
      <ClassStats class="com.alibaba.fescar.tm.api.APITest$2$1" sourceFile="APITest.java" interface="false" size="8" bugs="0"/>
      <ClassStats class="com.alibaba.fescar.tm.api.APITest$2$1$1" sourceFile="APITest.java" interface="false" size="6" bugs="0"/>
      <ClassStats class="com.alibaba.fescar.tm.api.APITest$3" sourceFile="APITest.java" interface="false" size="11" bugs="0"/>
      <ClassStats class="com.alibaba.fescar.tm.api.APITest$3$1" sourceFile="APITest.java" interface="false" size="11" bugs="0"/>
      <ClassStats class="com.alibaba.fescar.tm.api.APITest$3$1$1" sourceFile="APITest.java" interface="false" size="6" bugs="0"/>
      <ClassStats class="com.alibaba.fescar.tm.api.APITest$AbstractTransactionalExecutor" sourceFile="APITest.java" interface="false" size="8" bugs="0"/>
      <ClassStats class="com.alibaba.fescar.tm.api.DefaultFailureHandlerImpl" sourceFile="DefaultFailureHandlerImpl.java" interface="false" size="15" bugs="0"/>
      <ClassStats class="com.alibaba.fescar.tm.api.DefaultGlobalTransaction" sourceFile="DefaultGlobalTransaction.java" interface="false" size="77" bugs="0"/>
      <ClassStats class="com.alibaba.fescar.tm.api.FailureHandler" sourceFile="FailureHandler.java" interface="true" size="4" bugs="0"/>
      <ClassStats class="com.alibaba.fescar.tm.api.GlobalTransaction" sourceFile="GlobalTransaction.java" interface="true" size="8" bugs="0"/>
      <ClassStats class="com.alibaba.fescar.tm.api.GlobalTransactionContext" sourceFile="GlobalTransactionContext.java" interface="false" size="20" bugs="0"/>
      <ClassStats class="com.alibaba.fescar.tm.api.GlobalTransactionContext$1" sourceFile="GlobalTransactionContext.java" interface="false" size="5" bugs="0"/>
      <ClassStats class="com.alibaba.fescar.tm.api.GlobalTransactionRole" sourceFile="GlobalTransactionRole.java" interface="false" size="11" bugs="0"/>
      <ClassStats class="com.alibaba.fescar.tm.api.TransactionTemplateTest" sourceFile="TransactionTemplateTest.java" interface="false" size="48" bugs="0"/>
      <ClassStats class="com.alibaba.fescar.tm.api.TransactionalExecutor" sourceFile="TransactionalExecutor.java" interface="true" size="4" bugs="0"/>
      <ClassStats class="com.alibaba.fescar.tm.api.TransactionalExecutor$Code" sourceFile="TransactionalExecutor.java" interface="false" size="15" bugs="0"/>
      <ClassStats class="com.alibaba.fescar.tm.api.TransactionalExecutor$ExecutionException" sourceFile="TransactionalExecutor.java" interface="false" size="34" bugs="0"/>
      <ClassStats class="com.alibaba.fescar.tm.api.TransactionalTemplate" sourceFile="TransactionalTemplate.java" interface="false" size="95" bugs="0"/>
    </PackageStats>
    <PackageStats package="com.alibaba.fescar.tm.api.transaction" total_bugs="0" total_types="4" total_size="72">
      <ClassStats class="com.alibaba.fescar.tm.api.transaction.TransactionHook" sourceFile="TransactionHook.java" interface="true" size="8" bugs="0"/>
      <ClassStats class="com.alibaba.fescar.tm.api.transaction.TransactionHookAdapter" sourceFile="TransactionHookAdapter.java" interface="false" size="17" bugs="0"/>
      <ClassStats class="com.alibaba.fescar.tm.api.transaction.TransactionHookManager" sourceFile="TransactionHookManager.java" interface="false" size="22" bugs="0"/>
      <ClassStats class="com.alibaba.fescar.tm.api.transaction.TransactionHookManagerTest" sourceFile="TransactionHookManagerTest.java" interface="false" size="25" bugs="0"/>
    </PackageStats>
    <FindBugsProfile>
      <ClassProfile name="edu.umd.cs.findbugs.FindBugs2" totalMilliseconds="332" invocations="2" avgMicrosecondsPerInvocation="166217" maxMicrosecondsPerInvocation="323593" standardDeviationMircosecondsPerInvocation="157375"/>
      <ClassProfile name="edu.umd.cs.findbugs.classfile.engine.ClassDataAnalysisEngine" totalMilliseconds="223" invocations="607" avgMicrosecondsPerInvocation="368" maxMicrosecondsPerInvocation="1059" standardDeviationMircosecondsPerInvocation="110"/>
      <ClassProfile name="edu.umd.cs.findbugs.classfile.engine.ClassInfoAnalysisEngine" totalMilliseconds="74" invocations="605" avgMicrosecondsPerInvocation="123" maxMicrosecondsPerInvocation="2640" standardDeviationMircosecondsPerInvocation="256"/>
      <ClassProfile name="edu.umd.cs.findbugs.detect.FieldItemSummary" totalMilliseconds="19" invocations="89" avgMicrosecondsPerInvocation="217" maxMicrosecondsPerInvocation="3806" standardDeviationMircosecondsPerInvocation="539"/>
      <ClassProfile name="edu.umd.cs.findbugs.detect.FindNoSideEffectMethods" totalMilliseconds="15" invocations="89" avgMicrosecondsPerInvocation="175" maxMicrosecondsPerInvocation="3051" standardDeviationMircosecondsPerInvocation="431"/>
    </FindBugsProfile>
  </FindBugsSummary>
  <ClassFeatures></ClassFeatures>
  <History></History>
</BugCollection>
