<?xml version="1.0" encoding="UTF-8"?>
<?xml-stylesheet type="text/xsl" href="http://findbugs.sourceforge.net/xsl/default.xsl"?>

<BugCollection version="3.0.1" sequence="0" timestamp="1555500172556" analysisTimestamp="1555500171917" release="">
  <Project projectName="fescar-all[fescar-config]">
    <Jar>C:\Users\Subhodip_PC\Desktop\PROJECT\Seta_Downloads\seata-0.4.1\config\target\classes\com\alibaba\fescar\config\AbstractConfiguration.class</Jar>
    <Jar>C:\Users\Subhodip_PC\Desktop\PROJECT\Seta_Downloads\seata-0.4.1\config\target\classes\com\alibaba\fescar\config\ApolloConfiguration$1.class</Jar>
    <Jar>C:\Users\Subhodip_PC\Desktop\PROJECT\Seta_Downloads\seata-0.4.1\config\target\classes\com\alibaba\fescar\config\ApolloConfiguration$2.class</Jar>
    <Jar>C:\Users\Subhodip_PC\Desktop\PROJECT\Seta_Downloads\seata-0.4.1\config\target\classes\com\alibaba\fescar\config\ApolloConfiguration.class</Jar>
    <Jar>C:\Users\Subhodip_PC\Desktop\PROJECT\Seta_Downloads\seata-0.4.1\config\target\classes\com\alibaba\fescar\config\ConfigChangeListener.class</Jar>
    <Jar>C:\Users\Subhodip_PC\Desktop\PROJECT\Seta_Downloads\seata-0.4.1\config\target\classes\com\alibaba\fescar\config\ConfigFuture$ConfigOperation.class</Jar>
    <Jar>C:\Users\Subhodip_PC\Desktop\PROJECT\Seta_Downloads\seata-0.4.1\config\target\classes\com\alibaba\fescar\config\ConfigFuture.class</Jar>
    <Jar>C:\Users\Subhodip_PC\Desktop\PROJECT\Seta_Downloads\seata-0.4.1\config\target\classes\com\alibaba\fescar\config\ConfigType.class</Jar>
    <Jar>C:\Users\Subhodip_PC\Desktop\PROJECT\Seta_Downloads\seata-0.4.1\config\target\classes\com\alibaba\fescar\config\Configuration.class</Jar>
    <Jar>C:\Users\Subhodip_PC\Desktop\PROJECT\Seta_Downloads\seata-0.4.1\config\target\classes\com\alibaba\fescar\config\ConfigurationFactory$1.class</Jar>
    <Jar>C:\Users\Subhodip_PC\Desktop\PROJECT\Seta_Downloads\seata-0.4.1\config\target\classes\com\alibaba\fescar\config\ConfigurationFactory.class</Jar>
    <Jar>C:\Users\Subhodip_PC\Desktop\PROJECT\Seta_Downloads\seata-0.4.1\config\target\classes\com\alibaba\fescar\config\ConfigurationKeys.class</Jar>
    <Jar>C:\Users\Subhodip_PC\Desktop\PROJECT\Seta_Downloads\seata-0.4.1\config\target\classes\com\alibaba\fescar\config\FileConfiguration$ConfigChangeRunnable.class</Jar>
    <Jar>C:\Users\Subhodip_PC\Desktop\PROJECT\Seta_Downloads\seata-0.4.1\config\target\classes\com\alibaba\fescar\config\FileConfiguration$ConfigOperateRunnable.class</Jar>
    <Jar>C:\Users\Subhodip_PC\Desktop\PROJECT\Seta_Downloads\seata-0.4.1\config\target\classes\com\alibaba\fescar\config\FileConfiguration.class</Jar>
    <Jar>C:\Users\Subhodip_PC\Desktop\PROJECT\Seta_Downloads\seata-0.4.1\config\target\classes\com\alibaba\fescar\config\NacosConfiguration.class</Jar>
    <Jar>C:\Users\Subhodip_PC\Desktop\PROJECT\Seta_Downloads\seata-0.4.1\config\target\classes\com\alibaba\fescar\config\ZookeeperConfiguration$1.class</Jar>
    <Jar>C:\Users\Subhodip_PC\Desktop\PROJECT\Seta_Downloads\seata-0.4.1\config\target\classes\com\alibaba\fescar\config\ZookeeperConfiguration$2.class</Jar>
    <Jar>C:\Users\Subhodip_PC\Desktop\PROJECT\Seta_Downloads\seata-0.4.1\config\target\classes\com\alibaba\fescar\config\ZookeeperConfiguration$3.class</Jar>
    <Jar>C:\Users\Subhodip_PC\Desktop\PROJECT\Seta_Downloads\seata-0.4.1\config\target\classes\com\alibaba\fescar\config\ZookeeperConfiguration.class</Jar>
    <Jar>C:\Users\Subhodip_PC\Desktop\PROJECT\Seta_Downloads\seata-0.4.1\config\target\test-classes\com\alibaba\fescar\config\ConfigFutureTest.class</Jar>
    <Jar>C:\Users\Subhodip_PC\Desktop\PROJECT\Seta_Downloads\seata-0.4.1\config\target\test-classes\com\alibaba\fescar\config\ConfigTypeTest.class</Jar>
    <Jar>C:\Users\Subhodip_PC\Desktop\PROJECT\Seta_Downloads\seata-0.4.1\config\target\test-classes\com\alibaba\fescar\config\ConfigurationFactoryTest.class</Jar>
    <Jar>C:\Users\Subhodip_PC\Desktop\PROJECT\Seta_Downloads\seata-0.4.1\config\target\test-classes\com\alibaba\fescar\config\FileConfigurationTest$1.class</Jar>
    <Jar>C:\Users\Subhodip_PC\Desktop\PROJECT\Seta_Downloads\seata-0.4.1\config\target\test-classes\com\alibaba\fescar\config\FileConfigurationTest.class</Jar>
    <Jar>C:\Users\Subhodip_PC\Desktop\PROJECT\Seta_Downloads\seata-0.4.1\config\target\test-classes\com\alibaba\fescar\config\NacosConfigurationTest.class</Jar>
    <AuxClasspathEntry>C:/Users/Subhodip_PC/Desktop/PROJECT/Seta_Downloads/seata-0.4.1/common/target/classes</AuxClasspathEntry>
    <AuxClasspathEntry>C:/Users/Subhodip_PC/Desktop/PROJECT/Seta_Downloads/seata-0.4.1/common/target/test-classes</AuxClasspathEntry>
    <AuxClasspathEntry>C:/Users/Subhodip_PC/Desktop/PROJECT/Seta_Downloads/seata-0.4.1/config/target/classes</AuxClasspathEntry>
    <AuxClasspathEntry>C:/Users/Subhodip_PC/Desktop/PROJECT/Seta_Downloads/seata-0.4.1/config/target/test-classes</AuxClasspathEntry>
    <SrcDir>C:/Users/Subhodip_PC/Desktop/PROJECT/Seta_Downloads/seata-0.4.1/config/src/main/java</SrcDir>
    <SrcDir>C:/Users/Subhodip_PC/Desktop/PROJECT/Seta_Downloads/seata-0.4.1/config/src/main/resources</SrcDir>
    <SrcDir>C:/Users/Subhodip_PC/Desktop/PROJECT/Seta_Downloads/seata-0.4.1/config/src/test/java</SrcDir>
  </Project>
  <BugInstance type="ST_WRITE_TO_STATIC_FROM_INSTANCE_METHOD" priority="2" rank="17" abbrev="ST" category="STYLE" instanceHash="aad2bd1f5a1d2caa400e28d5181f9592" instanceOccurrenceNum="0" instanceOccurrenceMax="0">
    <ShortMessage>Write to static field from instance method</ShortMessage>
    <LongMessage>Write to static field com.alibaba.fescar.config.NacosConfiguration.configService from instance method new com.alibaba.fescar.config.NacosConfiguration()</LongMessage>
    <Class classname="com.alibaba.fescar.config.NacosConfiguration" primary="true">
      <SourceLine classname="com.alibaba.fescar.config.NacosConfiguration" sourcefile="NacosConfiguration.java" sourcepath="com/alibaba/fescar/config/NacosConfiguration.java" relSourcepath="main\java\com\alibaba\fescar\config\NacosConfiguration.java">
        <Message>In NacosConfiguration.java</Message>
      </SourceLine>
      <Message>In class com.alibaba.fescar.config.NacosConfiguration</Message>
    </Class>
    <Method classname="com.alibaba.fescar.config.NacosConfiguration" name="&lt;init&gt;" signature="()V" isStatic="false" primary="true">
      <SourceLine classname="com.alibaba.fescar.config.NacosConfiguration" start="51" end="55" startBytecode="0" endBytecode="92" sourcefile="NacosConfiguration.java" sourcepath="com/alibaba/fescar/config/NacosConfiguration.java" relSourcepath="main\java\com\alibaba\fescar\config\NacosConfiguration.java"/>
      <Message>In method new com.alibaba.fescar.config.NacosConfiguration()</Message>
    </Method>
    <Field classname="com.alibaba.fescar.config.NacosConfiguration" name="configService" signature="Lcom/alibaba/nacos/api/config/ConfigService;" isStatic="true" primary="true">
      <SourceLine classname="com.alibaba.fescar.config.NacosConfiguration" sourcefile="NacosConfiguration.java" sourcepath="com/alibaba/fescar/config/NacosConfiguration.java" relSourcepath="main\java\com\alibaba\fescar\config\NacosConfiguration.java">
        <Message>In NacosConfiguration.java</Message>
      </SourceLine>
      <Message>Field com.alibaba.fescar.config.NacosConfiguration.configService</Message>
    </Field>
    <SourceLine classname="com.alibaba.fescar.config.NacosConfiguration" primary="true" start="53" end="53" startBytecode="17" endBytecode="17" sourcefile="NacosConfiguration.java" sourcepath="com/alibaba/fescar/config/NacosConfiguration.java" relSourcepath="main\java\com\alibaba\fescar\config\NacosConfiguration.java">
      <Message>At NacosConfiguration.java:[line 53]</Message>
    </SourceLine>
    <SourceLine classname="com.alibaba.fescar.config.NacosConfiguration" primary="true" start="53" end="53" startBytecode="17" endBytecode="17" sourcefile="NacosConfiguration.java" sourcepath="com/alibaba/fescar/config/NacosConfiguration.java" relSourcepath="main\java\com\alibaba\fescar\config\NacosConfiguration.java">
      <Message>At NacosConfiguration.java:[line 53]</Message>
    </SourceLine>
  </BugInstance>
  <BugInstance type="LI_LAZY_INIT_UPDATE_STATIC" priority="1" rank="6" abbrev="LI" category="MT_CORRECTNESS" instanceHash="b37160a2319e1f3d8654dfc5ceb3c82f" instanceOccurrenceNum="0" instanceOccurrenceMax="0" cweid="543">
    <ShortMessage>Incorrect lazy initialization and update of static field</ShortMessage>
    <LongMessage>Incorrect lazy initialization and update of static field com.alibaba.fescar.config.ZookeeperConfiguration.zkClient in new com.alibaba.fescar.config.ZookeeperConfiguration()</LongMessage>
    <Class classname="com.alibaba.fescar.config.ZookeeperConfiguration" primary="true">
      <SourceLine classname="com.alibaba.fescar.config.ZookeeperConfiguration" sourcefile="ZookeeperConfiguration.java" sourcepath="com/alibaba/fescar/config/ZookeeperConfiguration.java" relSourcepath="main\java\com\alibaba\fescar\config\ZookeeperConfiguration.java">
        <Message>In ZookeeperConfiguration.java</Message>
      </SourceLine>
      <Message>In class com.alibaba.fescar.config.ZookeeperConfiguration</Message>
    </Class>
    <Method classname="com.alibaba.fescar.config.ZookeeperConfiguration" name="&lt;init&gt;" signature="()V" isStatic="false" primary="true">
      <SourceLine classname="com.alibaba.fescar.config.ZookeeperConfiguration" start="62" end="71" startBytecode="0" endBytecode="25" sourcefile="ZookeeperConfiguration.java" sourcepath="com/alibaba/fescar/config/ZookeeperConfiguration.java" relSourcepath="main\java\com\alibaba\fescar\config\ZookeeperConfiguration.java"/>
      <Message>In method new com.alibaba.fescar.config.ZookeeperConfiguration()</Message>
    </Method>
    <Field classname="com.alibaba.fescar.config.ZookeeperConfiguration" name="zkClient" signature="Lorg/I0Itec/zkclient/ZkClient;" isStatic="true" primary="true" role="FIELD_ON">
      <SourceLine classname="com.alibaba.fescar.config.ZookeeperConfiguration" sourcefile="ZookeeperConfiguration.java" sourcepath="com/alibaba/fescar/config/ZookeeperConfiguration.java" relSourcepath="main\java\com\alibaba\fescar\config\ZookeeperConfiguration.java">
        <Message>In ZookeeperConfiguration.java</Message>
      </SourceLine>
      <Message>On field com.alibaba.fescar.config.ZookeeperConfiguration.zkClient</Message>
    </Field>
    <SourceLine classname="com.alibaba.fescar.config.ZookeeperConfiguration" primary="true" start="63" end="66" startBytecode="4" endBytecode="47" sourcefile="ZookeeperConfiguration.java" sourcepath="com/alibaba/fescar/config/ZookeeperConfiguration.java" relSourcepath="main\java\com\alibaba\fescar\config\ZookeeperConfiguration.java">
      <Message>At ZookeeperConfiguration.java:[lines 63-66]</Message>
    </SourceLine>
  </BugInstance>
  <BugCategory category="STYLE">
    <Description>Dodgy code</Description>
  </BugCategory>
  <BugCategory category="MT_CORRECTNESS">
    <Description>Multithreaded correctness</Description>
  </BugCategory>
  <BugPattern type="ST_WRITE_TO_STATIC_FROM_INSTANCE_METHOD" abbrev="ST" category="STYLE">
    <ShortDescription>Write to static field from instance method</ShortDescription>
    <Details><![CDATA[

  <p> This instance method writes to a static field. This is tricky to get
correct if multiple instances are being manipulated,
and generally bad practice.
</p>

    ]]></Details>
  </BugPattern>
  <BugPattern type="LI_LAZY_INIT_UPDATE_STATIC" abbrev="LI" category="MT_CORRECTNESS" cweid="543">
    <ShortDescription>Incorrect lazy initialization and update of static field</ShortDescription>
    <Details><![CDATA[

<p> This method contains an unsynchronized lazy initialization of a static field.
After the field is set, the object stored into that location is further updated or accessed.
The setting of the field is visible to other threads as soon as it is set. If the
futher accesses in the method that set the field serve to initialize the object, then
you have a <em>very serious</em> multithreading bug, unless something else prevents
any other thread from accessing the stored object until it is fully initialized.
</p>
<p>Even if you feel confident that the method is never called by multiple
threads, it might be better to not set the static field until the value
you are setting it to is fully populated/initialized.

    ]]></Details>
  </BugPattern>
  <BugCode abbrev="ST">
    <Description>Misuse of static fields</Description>
  </BugCode>
  <BugCode abbrev="LI">
    <Description>Unsynchronized Lazy Initialization</Description>
  </BugCode>
  <Errors errors="0" missingClasses="0"></Errors>
  <FindBugsSummary timestamp="Wed, 17 Apr 2019 06:22:30 -0500" total_classes="26" referenced_classes="78" total_bugs="2" total_size="842" num_packages="1" java_version="1.8.0_152-release" vm_version="25.152-b28" cpu_seconds="19.70" clock_seconds="105.92" peak_mbytes="1336.61" alloc_mbytes="2320.00" gc_seconds="0.13" priority_2="1" priority_1="1">
    <FileStats path="com/alibaba/fescar/config/AbstractConfiguration.java" bugCount="0" size="38"/>
    <FileStats path="com/alibaba/fescar/config/ApolloConfiguration.java" bugCount="0" size="89"/>
    <FileStats path="com/alibaba/fescar/config/ConfigChangeListener.java" bugCount="0" size="3"/>
    <FileStats path="com/alibaba/fescar/config/ConfigFuture.java" bugCount="0" size="81"/>
    <FileStats path="com/alibaba/fescar/config/ConfigFutureTest.java" bugCount="0" size="63"/>
    <FileStats path="com/alibaba/fescar/config/ConfigType.java" bugCount="0" size="20"/>
    <FileStats path="com/alibaba/fescar/config/ConfigTypeTest.java" bugCount="0" size="18"/>
    <FileStats path="com/alibaba/fescar/config/Configuration.java" bugCount="0" size="23"/>
    <FileStats path="com/alibaba/fescar/config/ConfigurationFactory.java" bugCount="0" size="42"/>
    <FileStats path="com/alibaba/fescar/config/ConfigurationFactoryTest.java" bugCount="0" size="18"/>
    <FileStats path="com/alibaba/fescar/config/ConfigurationKeys.java" bugCount="0" size="7"/>
    <FileStats path="com/alibaba/fescar/config/FileConfiguration.java" bugCount="0" size="148"/>
    <FileStats path="com/alibaba/fescar/config/FileConfigurationTest.java" bugCount="0" size="106"/>
    <FileStats path="com/alibaba/fescar/config/NacosConfiguration.java" bugCount="1" size="64" bugHash="e4476e74973562b14377accb9d3cc516"/>
    <FileStats path="com/alibaba/fescar/config/NacosConfigurationTest.java" bugCount="0" size="19"/>
    <FileStats path="com/alibaba/fescar/config/ZookeeperConfiguration.java" bugCount="1" size="103" bugHash="365ed4ed53daf1e569824ac81ec0efbf"/>
    <PackageStats package="com.alibaba.fescar.config" total_bugs="2" total_types="26" total_size="842" priority_2="1" priority_1="1">
      <ClassStats class="com.alibaba.fescar.config.AbstractConfiguration" sourceFile="AbstractConfiguration.java" interface="false" size="38" bugs="0"/>
      <ClassStats class="com.alibaba.fescar.config.ApolloConfiguration" sourceFile="ApolloConfiguration.java" interface="false" size="68" bugs="0"/>
      <ClassStats class="com.alibaba.fescar.config.ApolloConfiguration$1" sourceFile="ApolloConfiguration.java" interface="false" size="10" bugs="0"/>
      <ClassStats class="com.alibaba.fescar.config.ApolloConfiguration$2" sourceFile="ApolloConfiguration.java" interface="false" size="11" bugs="0"/>
      <ClassStats class="com.alibaba.fescar.config.ConfigChangeListener" sourceFile="ConfigChangeListener.java" interface="true" size="3" bugs="0"/>
      <ClassStats class="com.alibaba.fescar.config.ConfigFuture" sourceFile="ConfigFuture.java" interface="false" size="66" bugs="0"/>
      <ClassStats class="com.alibaba.fescar.config.ConfigFuture$ConfigOperation" sourceFile="ConfigFuture.java" interface="false" size="15" bugs="0"/>
      <ClassStats class="com.alibaba.fescar.config.ConfigFutureTest" sourceFile="ConfigFutureTest.java" interface="false" size="63" bugs="0"/>
      <ClassStats class="com.alibaba.fescar.config.ConfigType" sourceFile="ConfigType.java" interface="false" size="20" bugs="0"/>
      <ClassStats class="com.alibaba.fescar.config.ConfigTypeTest" sourceFile="ConfigTypeTest.java" interface="false" size="18" bugs="0"/>
      <ClassStats class="com.alibaba.fescar.config.Configuration" sourceFile="Configuration.java" interface="true" size="23" bugs="0"/>
      <ClassStats class="com.alibaba.fescar.config.ConfigurationFactory" sourceFile="ConfigurationFactory.java" interface="false" size="38" bugs="0"/>
      <ClassStats class="com.alibaba.fescar.config.ConfigurationFactory$1" sourceFile="ConfigurationFactory.java" interface="false" size="4" bugs="0"/>
      <ClassStats class="com.alibaba.fescar.config.ConfigurationFactoryTest" sourceFile="ConfigurationFactoryTest.java" interface="false" size="18" bugs="0"/>
      <ClassStats class="com.alibaba.fescar.config.ConfigurationKeys" sourceFile="ConfigurationKeys.java" interface="false" size="7" bugs="0"/>
      <ClassStats class="com.alibaba.fescar.config.FileConfiguration" sourceFile="FileConfiguration.java" interface="false" size="75" bugs="0"/>
      <ClassStats class="com.alibaba.fescar.config.FileConfiguration$ConfigChangeRunnable" sourceFile="FileConfiguration.java" interface="false" size="44" bugs="0"/>
      <ClassStats class="com.alibaba.fescar.config.FileConfiguration$ConfigOperateRunnable" sourceFile="FileConfiguration.java" interface="false" size="29" bugs="0"/>
      <ClassStats class="com.alibaba.fescar.config.FileConfigurationTest" sourceFile="FileConfigurationTest.java" interface="false" size="97" bugs="0"/>
      <ClassStats class="com.alibaba.fescar.config.FileConfigurationTest$1" sourceFile="FileConfigurationTest.java" interface="false" size="9" bugs="0"/>
      <ClassStats class="com.alibaba.fescar.config.NacosConfiguration" sourceFile="NacosConfiguration.java" interface="false" size="64" bugs="1" priority_2="1"/>
      <ClassStats class="com.alibaba.fescar.config.NacosConfigurationTest" sourceFile="NacosConfigurationTest.java" interface="false" size="19" bugs="0"/>
      <ClassStats class="com.alibaba.fescar.config.ZookeeperConfiguration" sourceFile="ZookeeperConfiguration.java" interface="false" size="68" bugs="1" priority_1="1"/>
      <ClassStats class="com.alibaba.fescar.config.ZookeeperConfiguration$1" sourceFile="ZookeeperConfiguration.java" interface="false" size="13" bugs="0"/>
      <ClassStats class="com.alibaba.fescar.config.ZookeeperConfiguration$2" sourceFile="ZookeeperConfiguration.java" interface="false" size="13" bugs="0"/>
      <ClassStats class="com.alibaba.fescar.config.ZookeeperConfiguration$3" sourceFile="ZookeeperConfiguration.java" interface="false" size="9" bugs="0"/>
    </PackageStats>
    <FindBugsProfile>
      <ClassProfile name="edu.umd.cs.findbugs.FindBugs2" totalMilliseconds="138" invocations="2" avgMicrosecondsPerInvocation="69063" maxMicrosecondsPerInvocation="129838" standardDeviationMircosecondsPerInvocation="60774"/>
      <ClassProfile name="edu.umd.cs.findbugs.classfile.engine.ClassDataAnalysisEngine" totalMilliseconds="93" invocations="534" avgMicrosecondsPerInvocation="174" maxMicrosecondsPerInvocation="396" standardDeviationMircosecondsPerInvocation="48"/>
      <ClassProfile name="edu.umd.cs.findbugs.classfile.engine.ClassInfoAnalysisEngine" totalMilliseconds="67" invocations="532" avgMicrosecondsPerInvocation="126" maxMicrosecondsPerInvocation="2942" standardDeviationMircosecondsPerInvocation="276"/>
      <ClassProfile name="edu.umd.cs.findbugs.detect.FindNullDeref" totalMilliseconds="23" invocations="26" avgMicrosecondsPerInvocation="892" maxMicrosecondsPerInvocation="21544" standardDeviationMircosecondsPerInvocation="4130"/>
      <ClassProfile name="edu.umd.cs.findbugs.detect.FieldItemSummary" totalMilliseconds="20" invocations="78" avgMicrosecondsPerInvocation="266" maxMicrosecondsPerInvocation="3616" standardDeviationMircosecondsPerInvocation="558"/>
      <ClassProfile name="edu.umd.cs.findbugs.OpcodeStack$JumpInfoFactory" totalMilliseconds="18" invocations="352" avgMicrosecondsPerInvocation="53" maxMicrosecondsPerInvocation="453" standardDeviationMircosecondsPerInvocation="67"/>
      <ClassProfile name="edu.umd.cs.findbugs.classfile.engine.bcel.IsNullValueDataflowFactory" totalMilliseconds="16" invocations="183" avgMicrosecondsPerInvocation="87" maxMicrosecondsPerInvocation="1702" standardDeviationMircosecondsPerInvocation="150"/>
      <ClassProfile name="edu.umd.cs.findbugs.detect.FindNoSideEffectMethods" totalMilliseconds="15" invocations="78" avgMicrosecondsPerInvocation="193" maxMicrosecondsPerInvocation="1958" standardDeviationMircosecondsPerInvocation="316"/>
      <ClassProfile name="edu.umd.cs.findbugs.ba.npe.NullDerefAndRedundantComparisonFinder" totalMilliseconds="14" invocations="172" avgMicrosecondsPerInvocation="85" maxMicrosecondsPerInvocation="703" standardDeviationMircosecondsPerInvocation="110"/>
      <ClassProfile name="edu.umd.cs.findbugs.classfile.engine.bcel.ValueNumberDataflowFactory" totalMilliseconds="11" invocations="185" avgMicrosecondsPerInvocation="62" maxMicrosecondsPerInvocation="1127" standardDeviationMircosecondsPerInvocation="121"/>
      <ClassProfile name="edu.umd.cs.findbugs.classfile.engine.bcel.TypeDataflowFactory" totalMilliseconds="11" invocations="184" avgMicrosecondsPerInvocation="63" maxMicrosecondsPerInvocation="1408" standardDeviationMircosecondsPerInvocation="123"/>
    </FindBugsProfile>
  </FindBugsSummary>
  <ClassFeatures></ClassFeatures>
  <History></History>
</BugCollection>
