<?xml version="1.0" encoding="UTF-8"?>
<?xml-stylesheet type="text/xsl" href="http://findbugs.sourceforge.net/xsl/default.xsl"?>

<BugCollection version="3.0.1" sequence="0" timestamp="1555496745796" analysisTimestamp="1555496745100" release="">
  <Project projectName="fescar-all[fescar-config]">
    <Jar>C:\Users\Subhodip_PC\Desktop\PROJECT\Seta_Downloads\seata-0.4.2\config\target\classes\com\alibaba\fescar\config\AbstractConfiguration.class</Jar>
    <Jar>C:\Users\Subhodip_PC\Desktop\PROJECT\Seta_Downloads\seata-0.4.2\config\target\classes\com\alibaba\fescar\config\ApolloConfiguration$1.class</Jar>
    <Jar>C:\Users\Subhodip_PC\Desktop\PROJECT\Seta_Downloads\seata-0.4.2\config\target\classes\com\alibaba\fescar\config\ApolloConfiguration$2.class</Jar>
    <Jar>C:\Users\Subhodip_PC\Desktop\PROJECT\Seta_Downloads\seata-0.4.2\config\target\classes\com\alibaba\fescar\config\ApolloConfiguration.class</Jar>
    <Jar>C:\Users\Subhodip_PC\Desktop\PROJECT\Seta_Downloads\seata-0.4.2\config\target\classes\com\alibaba\fescar\config\ConfigChangeListener.class</Jar>
    <Jar>C:\Users\Subhodip_PC\Desktop\PROJECT\Seta_Downloads\seata-0.4.2\config\target\classes\com\alibaba\fescar\config\ConfigFuture$ConfigOperation.class</Jar>
    <Jar>C:\Users\Subhodip_PC\Desktop\PROJECT\Seta_Downloads\seata-0.4.2\config\target\classes\com\alibaba\fescar\config\ConfigFuture.class</Jar>
    <Jar>C:\Users\Subhodip_PC\Desktop\PROJECT\Seta_Downloads\seata-0.4.2\config\target\classes\com\alibaba\fescar\config\ConfigType.class</Jar>
    <Jar>C:\Users\Subhodip_PC\Desktop\PROJECT\Seta_Downloads\seata-0.4.2\config\target\classes\com\alibaba\fescar\config\Configuration.class</Jar>
    <Jar>C:\Users\Subhodip_PC\Desktop\PROJECT\Seta_Downloads\seata-0.4.2\config\target\classes\com\alibaba\fescar\config\ConfigurationFactory$1.class</Jar>
    <Jar>C:\Users\Subhodip_PC\Desktop\PROJECT\Seta_Downloads\seata-0.4.2\config\target\classes\com\alibaba\fescar\config\ConfigurationFactory.class</Jar>
    <Jar>C:\Users\Subhodip_PC\Desktop\PROJECT\Seta_Downloads\seata-0.4.2\config\target\classes\com\alibaba\fescar\config\ConfigurationKeys.class</Jar>
    <Jar>C:\Users\Subhodip_PC\Desktop\PROJECT\Seta_Downloads\seata-0.4.2\config\target\classes\com\alibaba\fescar\config\FileConfiguration$ConfigChangeRunnable.class</Jar>
    <Jar>C:\Users\Subhodip_PC\Desktop\PROJECT\Seta_Downloads\seata-0.4.2\config\target\classes\com\alibaba\fescar\config\FileConfiguration$ConfigOperateRunnable.class</Jar>
    <Jar>C:\Users\Subhodip_PC\Desktop\PROJECT\Seta_Downloads\seata-0.4.2\config\target\classes\com\alibaba\fescar\config\FileConfiguration.class</Jar>
    <Jar>C:\Users\Subhodip_PC\Desktop\PROJECT\Seta_Downloads\seata-0.4.2\config\target\classes\com\alibaba\fescar\config\NacosConfiguration.class</Jar>
    <Jar>C:\Users\Subhodip_PC\Desktop\PROJECT\Seta_Downloads\seata-0.4.2\config\target\classes\com\alibaba\fescar\config\ZookeeperConfiguration$1.class</Jar>
    <Jar>C:\Users\Subhodip_PC\Desktop\PROJECT\Seta_Downloads\seata-0.4.2\config\target\classes\com\alibaba\fescar\config\ZookeeperConfiguration$2.class</Jar>
    <Jar>C:\Users\Subhodip_PC\Desktop\PROJECT\Seta_Downloads\seata-0.4.2\config\target\classes\com\alibaba\fescar\config\ZookeeperConfiguration$3.class</Jar>
    <Jar>C:\Users\Subhodip_PC\Desktop\PROJECT\Seta_Downloads\seata-0.4.2\config\target\classes\com\alibaba\fescar\config\ZookeeperConfiguration.class</Jar>
    <Jar>C:\Users\Subhodip_PC\Desktop\PROJECT\Seta_Downloads\seata-0.4.2\config\target\test-classes\com\alibaba\fescar\config\ConfigFutureTest.class</Jar>
    <Jar>C:\Users\Subhodip_PC\Desktop\PROJECT\Seta_Downloads\seata-0.4.2\config\target\test-classes\com\alibaba\fescar\config\ConfigTypeTest.class</Jar>
    <Jar>C:\Users\Subhodip_PC\Desktop\PROJECT\Seta_Downloads\seata-0.4.2\config\target\test-classes\com\alibaba\fescar\config\ConfigurationFactoryTest.class</Jar>
    <Jar>C:\Users\Subhodip_PC\Desktop\PROJECT\Seta_Downloads\seata-0.4.2\config\target\test-classes\com\alibaba\fescar\config\FileConfigurationTest$1.class</Jar>
    <Jar>C:\Users\Subhodip_PC\Desktop\PROJECT\Seta_Downloads\seata-0.4.2\config\target\test-classes\com\alibaba\fescar\config\FileConfigurationTest.class</Jar>
    <Jar>C:\Users\Subhodip_PC\Desktop\PROJECT\Seta_Downloads\seata-0.4.2\config\target\test-classes\com\alibaba\fescar\config\NacosConfigurationTest.class</Jar>
    <AuxClasspathEntry>C:/Users/Subhodip_PC/Desktop/PROJECT/Seta_Downloads/seata-0.4.2/common/target/classes</AuxClasspathEntry>
    <AuxClasspathEntry>C:/Users/Subhodip_PC/Desktop/PROJECT/Seta_Downloads/seata-0.4.2/common/target/test-classes</AuxClasspathEntry>
    <AuxClasspathEntry>C:/Users/Subhodip_PC/Desktop/PROJECT/Seta_Downloads/seata-0.4.2/config/target/classes</AuxClasspathEntry>
    <AuxClasspathEntry>C:/Users/Subhodip_PC/Desktop/PROJECT/Seta_Downloads/seata-0.4.2/config/target/test-classes</AuxClasspathEntry>
    <SrcDir>C:/Users/Subhodip_PC/Desktop/PROJECT/Seta_Downloads/seata-0.4.2/config/src/main/java</SrcDir>
    <SrcDir>C:/Users/Subhodip_PC/Desktop/PROJECT/Seta_Downloads/seata-0.4.2/config/src/main/resources</SrcDir>
    <SrcDir>C:/Users/Subhodip_PC/Desktop/PROJECT/Seta_Downloads/seata-0.4.2/config/src/test/java</SrcDir>
  </Project>
  <BugInstance type="ST_WRITE_TO_STATIC_FROM_INSTANCE_METHOD" priority="2" rank="17" abbrev="ST" category="STYLE" instanceHash="aad2bd1f5a1d2caa400e28d5181f9592" instanceOccurrenceNum="0" instanceOccurrenceMax="0">
    <ShortMessage>Write to static field from instance method</ShortMessage>
    <LongMessage>Write to static field com.alibaba.fescar.config.NacosConfiguration.configService from instance method new com.alibaba.fescar.config.NacosConfiguration()</LongMessage>
    <Class classname="com.alibaba.fescar.config.NacosConfiguration" primary="true">
      <SourceLine classname="com.alibaba.fescar.config.NacosConfiguration" sourcefile="NacosConfiguration.java" sourcepath="com/alibaba/fescar/config/NacosConfiguration.java" relSourcepath="main\java\com\alibaba\fescar\config\NacosConfiguration.java">
        <Message>In NacosConfiguration.java</Message>
      </SourceLine>
      <Message>In class com.alibaba.fescar.config.NacosConfiguration</Message>
    </Class>
    <Method classname="com.alibaba.fescar.config.NacosConfiguration" name="&lt;init&gt;" signature="()V" isStatic="false" primary="true">
      <SourceLine classname="com.alibaba.fescar.config.NacosConfiguration" start="51" end="55" startBytecode="0" endBytecode="92" sourcefile="NacosConfiguration.java" sourcepath="com/alibaba/fescar/config/NacosConfiguration.java" relSourcepath="main\java\com\alibaba\fescar\config\NacosConfiguration.java"/>
      <Message>In method new com.alibaba.fescar.config.NacosConfiguration()</Message>
    </Method>
    <Field classname="com.alibaba.fescar.config.NacosConfiguration" name="configService" signature="Lcom/alibaba/nacos/api/config/ConfigService;" isStatic="true" primary="true">
      <SourceLine classname="com.alibaba.fescar.config.NacosConfiguration" sourcefile="NacosConfiguration.java" sourcepath="com/alibaba/fescar/config/NacosConfiguration.java" relSourcepath="main\java\com\alibaba\fescar\config\NacosConfiguration.java">
        <Message>In NacosConfiguration.java</Message>
      </SourceLine>
      <Message>Field com.alibaba.fescar.config.NacosConfiguration.configService</Message>
    </Field>
    <SourceLine classname="com.alibaba.fescar.config.NacosConfiguration" primary="true" start="53" end="53" startBytecode="17" endBytecode="17" sourcefile="NacosConfiguration.java" sourcepath="com/alibaba/fescar/config/NacosConfiguration.java" relSourcepath="main\java\com\alibaba\fescar\config\NacosConfiguration.java">
      <Message>At NacosConfiguration.java:[line 53]</Message>
    </SourceLine>
    <SourceLine classname="com.alibaba.fescar.config.NacosConfiguration" primary="true" start="53" end="53" startBytecode="17" endBytecode="17" sourcefile="NacosConfiguration.java" sourcepath="com/alibaba/fescar/config/NacosConfiguration.java" relSourcepath="main\java\com\alibaba\fescar\config\NacosConfiguration.java">
      <Message>At NacosConfiguration.java:[line 53]</Message>
    </SourceLine>
  </BugInstance>
  <BugCategory category="STYLE">
    <Description>Dodgy code</Description>
  </BugCategory>
  <BugPattern type="ST_WRITE_TO_STATIC_FROM_INSTANCE_METHOD" abbrev="ST" category="STYLE">
    <ShortDescription>Write to static field from instance method</ShortDescription>
    <Details><![CDATA[

  <p> This instance method writes to a static field. This is tricky to get
correct if multiple instances are being manipulated,
and generally bad practice.
</p>

    ]]></Details>
  </BugPattern>
  <BugCode abbrev="ST">
    <Description>Misuse of static fields</Description>
  </BugCode>
  <Errors errors="0" missingClasses="0"></Errors>
  <FindBugsSummary timestamp="Wed, 17 Apr 2019 05:14:59 -0500" total_classes="26" referenced_classes="78" total_bugs="1" total_size="848" num_packages="1" java_version="1.8.0_152-release" vm_version="25.152-b28" cpu_seconds="14.56" clock_seconds="60.13" peak_mbytes="1307.21" alloc_mbytes="2320.00" gc_seconds="0.03" priority_2="1">
    <FileStats path="com/alibaba/fescar/config/AbstractConfiguration.java" bugCount="0" size="38"/>
    <FileStats path="com/alibaba/fescar/config/ApolloConfiguration.java" bugCount="0" size="89"/>
    <FileStats path="com/alibaba/fescar/config/ConfigChangeListener.java" bugCount="0" size="3"/>
    <FileStats path="com/alibaba/fescar/config/ConfigFuture.java" bugCount="0" size="81"/>
    <FileStats path="com/alibaba/fescar/config/ConfigFutureTest.java" bugCount="0" size="64"/>
    <FileStats path="com/alibaba/fescar/config/ConfigType.java" bugCount="0" size="20"/>
    <FileStats path="com/alibaba/fescar/config/ConfigTypeTest.java" bugCount="0" size="18"/>
    <FileStats path="com/alibaba/fescar/config/Configuration.java" bugCount="0" size="23"/>
    <FileStats path="com/alibaba/fescar/config/ConfigurationFactory.java" bugCount="0" size="42"/>
    <FileStats path="com/alibaba/fescar/config/ConfigurationFactoryTest.java" bugCount="0" size="18"/>
    <FileStats path="com/alibaba/fescar/config/ConfigurationKeys.java" bugCount="0" size="7"/>
    <FileStats path="com/alibaba/fescar/config/FileConfiguration.java" bugCount="0" size="148"/>
    <FileStats path="com/alibaba/fescar/config/FileConfigurationTest.java" bugCount="0" size="106"/>
    <FileStats path="com/alibaba/fescar/config/NacosConfiguration.java" bugCount="1" size="64" bugHash="e4476e74973562b14377accb9d3cc516"/>
    <FileStats path="com/alibaba/fescar/config/NacosConfigurationTest.java" bugCount="0" size="19"/>
    <FileStats path="com/alibaba/fescar/config/ZookeeperConfiguration.java" bugCount="0" size="108"/>
    <PackageStats package="com.alibaba.fescar.config" total_bugs="1" total_types="26" total_size="848" priority_2="1">
      <ClassStats class="com.alibaba.fescar.config.AbstractConfiguration" sourceFile="AbstractConfiguration.java" interface="false" size="38" bugs="0"/>
      <ClassStats class="com.alibaba.fescar.config.ApolloConfiguration" sourceFile="ApolloConfiguration.java" interface="false" size="68" bugs="0"/>
      <ClassStats class="com.alibaba.fescar.config.ApolloConfiguration$1" sourceFile="ApolloConfiguration.java" interface="false" size="10" bugs="0"/>
      <ClassStats class="com.alibaba.fescar.config.ApolloConfiguration$2" sourceFile="ApolloConfiguration.java" interface="false" size="11" bugs="0"/>
      <ClassStats class="com.alibaba.fescar.config.ConfigChangeListener" sourceFile="ConfigChangeListener.java" interface="true" size="3" bugs="0"/>
      <ClassStats class="com.alibaba.fescar.config.ConfigFuture" sourceFile="ConfigFuture.java" interface="false" size="66" bugs="0"/>
      <ClassStats class="com.alibaba.fescar.config.ConfigFuture$ConfigOperation" sourceFile="ConfigFuture.java" interface="false" size="15" bugs="0"/>
      <ClassStats class="com.alibaba.fescar.config.ConfigFutureTest" sourceFile="ConfigFutureTest.java" interface="false" size="64" bugs="0"/>
      <ClassStats class="com.alibaba.fescar.config.ConfigType" sourceFile="ConfigType.java" interface="false" size="20" bugs="0"/>
      <ClassStats class="com.alibaba.fescar.config.ConfigTypeTest" sourceFile="ConfigTypeTest.java" interface="false" size="18" bugs="0"/>
      <ClassStats class="com.alibaba.fescar.config.Configuration" sourceFile="Configuration.java" interface="true" size="23" bugs="0"/>
      <ClassStats class="com.alibaba.fescar.config.ConfigurationFactory" sourceFile="ConfigurationFactory.java" interface="false" size="38" bugs="0"/>
      <ClassStats class="com.alibaba.fescar.config.ConfigurationFactory$1" sourceFile="ConfigurationFactory.java" interface="false" size="4" bugs="0"/>
      <ClassStats class="com.alibaba.fescar.config.ConfigurationFactoryTest" sourceFile="ConfigurationFactoryTest.java" interface="false" size="18" bugs="0"/>
      <ClassStats class="com.alibaba.fescar.config.ConfigurationKeys" sourceFile="ConfigurationKeys.java" interface="false" size="7" bugs="0"/>
      <ClassStats class="com.alibaba.fescar.config.FileConfiguration" sourceFile="FileConfiguration.java" interface="false" size="75" bugs="0"/>
      <ClassStats class="com.alibaba.fescar.config.FileConfiguration$ConfigChangeRunnable" sourceFile="FileConfiguration.java" interface="false" size="44" bugs="0"/>
      <ClassStats class="com.alibaba.fescar.config.FileConfiguration$ConfigOperateRunnable" sourceFile="FileConfiguration.java" interface="false" size="29" bugs="0"/>
      <ClassStats class="com.alibaba.fescar.config.FileConfigurationTest" sourceFile="FileConfigurationTest.java" interface="false" size="97" bugs="0"/>
      <ClassStats class="com.alibaba.fescar.config.FileConfigurationTest$1" sourceFile="FileConfigurationTest.java" interface="false" size="9" bugs="0"/>
      <ClassStats class="com.alibaba.fescar.config.NacosConfiguration" sourceFile="NacosConfiguration.java" interface="false" size="64" bugs="1" priority_2="1"/>
      <ClassStats class="com.alibaba.fescar.config.NacosConfigurationTest" sourceFile="NacosConfigurationTest.java" interface="false" size="19" bugs="0"/>
      <ClassStats class="com.alibaba.fescar.config.ZookeeperConfiguration" sourceFile="ZookeeperConfiguration.java" interface="false" size="73" bugs="0"/>
      <ClassStats class="com.alibaba.fescar.config.ZookeeperConfiguration$1" sourceFile="ZookeeperConfiguration.java" interface="false" size="13" bugs="0"/>
      <ClassStats class="com.alibaba.fescar.config.ZookeeperConfiguration$2" sourceFile="ZookeeperConfiguration.java" interface="false" size="13" bugs="0"/>
      <ClassStats class="com.alibaba.fescar.config.ZookeeperConfiguration$3" sourceFile="ZookeeperConfiguration.java" interface="false" size="9" bugs="0"/>
    </PackageStats>
    <FindBugsProfile>
      <ClassProfile name="edu.umd.cs.findbugs.FindBugs2" totalMilliseconds="151" invocations="2" avgMicrosecondsPerInvocation="75644" maxMicrosecondsPerInvocation="142294" standardDeviationMircosecondsPerInvocation="66650"/>
      <ClassProfile name="edu.umd.cs.findbugs.classfile.engine.ClassDataAnalysisEngine" totalMilliseconds="101" invocations="533" avgMicrosecondsPerInvocation="190" maxMicrosecondsPerInvocation="384" standardDeviationMircosecondsPerInvocation="49"/>
      <ClassProfile name="edu.umd.cs.findbugs.classfile.engine.ClassInfoAnalysisEngine" totalMilliseconds="80" invocations="531" avgMicrosecondsPerInvocation="151" maxMicrosecondsPerInvocation="7738" standardDeviationMircosecondsPerInvocation="432"/>
      <ClassProfile name="edu.umd.cs.findbugs.detect.FieldItemSummary" totalMilliseconds="21" invocations="78" avgMicrosecondsPerInvocation="279" maxMicrosecondsPerInvocation="4112" standardDeviationMircosecondsPerInvocation="564"/>
      <ClassProfile name="edu.umd.cs.findbugs.classfile.engine.bcel.IsNullValueDataflowFactory" totalMilliseconds="17" invocations="183" avgMicrosecondsPerInvocation="97" maxMicrosecondsPerInvocation="1521" standardDeviationMircosecondsPerInvocation="143"/>
      <ClassProfile name="edu.umd.cs.findbugs.OpcodeStack$JumpInfoFactory" totalMilliseconds="17" invocations="352" avgMicrosecondsPerInvocation="50" maxMicrosecondsPerInvocation="643" standardDeviationMircosecondsPerInvocation="72"/>
      <ClassProfile name="edu.umd.cs.findbugs.ba.npe.NullDerefAndRedundantComparisonFinder" totalMilliseconds="16" invocations="172" avgMicrosecondsPerInvocation="96" maxMicrosecondsPerInvocation="877" standardDeviationMircosecondsPerInvocation="124"/>
      <ClassProfile name="edu.umd.cs.findbugs.detect.FindNoSideEffectMethods" totalMilliseconds="15" invocations="78" avgMicrosecondsPerInvocation="196" maxMicrosecondsPerInvocation="1376" standardDeviationMircosecondsPerInvocation="267"/>
      <ClassProfile name="edu.umd.cs.findbugs.classfile.engine.bcel.TypeDataflowFactory" totalMilliseconds="13" invocations="184" avgMicrosecondsPerInvocation="75" maxMicrosecondsPerInvocation="1324" standardDeviationMircosecondsPerInvocation="125"/>
      <ClassProfile name="edu.umd.cs.findbugs.classfile.engine.bcel.ValueNumberDataflowFactory" totalMilliseconds="13" invocations="185" avgMicrosecondsPerInvocation="73" maxMicrosecondsPerInvocation="1014" standardDeviationMircosecondsPerInvocation="120"/>
      <ClassProfile name="edu.umd.cs.findbugs.detect.FindSleepWithLockHeld" totalMilliseconds="12" invocations="26" avgMicrosecondsPerInvocation="486" maxMicrosecondsPerInvocation="12441" standardDeviationMircosecondsPerInvocation="2391"/>
    </FindBugsProfile>
  </FindBugsSummary>
  <ClassFeatures></ClassFeatures>
  <History></History>
</BugCollection>
