<?xml version="1.0" encoding="UTF-8"?>
<?xml-stylesheet type="text/xsl" href="http://findbugs.sourceforge.net/xsl/default.xsl"?>

<BugCollection version="3.0.1" sequence="0" timestamp="1555670751515" analysisTimestamp="1555670751170" release="">
  <Project projectName="fitnesse-20190224[fitnesse.buildSrc.main]">
    <Jar>C:\Users\Subhodip_PC\Desktop\New folder\fitnesse-20190224\buildSrc\out\production\classes\LessCompiler.class</Jar>
    <Jar>C:\Users\Subhodip_PC\Desktop\New folder\fitnesse-20190224\buildSrc\out\production\classes\WikiFileListBuilder.class</Jar>
    <Jar>C:\Users\Subhodip_PC\Desktop\New folder\fitnesse-20190224\buildSrc\out\production\classes\WikiFileListBuilderTask$_setFiles_closure1.class</Jar>
    <Jar>C:\Users\Subhodip_PC\Desktop\New folder\fitnesse-20190224\buildSrc\out\production\classes\WikiFileListBuilderTask$_setFiles_closure2$_closure3.class</Jar>
    <Jar>C:\Users\Subhodip_PC\Desktop\New folder\fitnesse-20190224\buildSrc\out\production\classes\WikiFileListBuilderTask$_setFiles_closure2.class</Jar>
    <Jar>C:\Users\Subhodip_PC\Desktop\New folder\fitnesse-20190224\buildSrc\out\production\classes\WikiFileListBuilderTask.class</Jar>
    <AuxClasspathEntry>C:/Users/Subhodip_PC/Desktop/New folder/fitnesse-20190224/buildSrc/out/production/classes</AuxClasspathEntry>
    <SrcDir>C:/Users/Subhodip_PC/Desktop/New folder/fitnesse-20190224/buildSrc/src/main/groovy</SrcDir>
  </Project>
  <Errors errors="0" missingClasses="0"></Errors>
  <FindBugsSummary timestamp="Fri, 19 Apr 2019 05:45:27 -0500" total_classes="6" referenced_classes="22" total_bugs="0" total_size="196" num_packages="1" java_version="1.8.0_152-release" vm_version="25.152-b28" cpu_seconds="11.78" clock_seconds="233.72" peak_mbytes="1444.19" alloc_mbytes="2320.00" gc_seconds="0.13">
    <FileStats path="LessCompiler.groovy" bugCount="0" size="31"/>
    <FileStats path="WikiFileListBuilder.groovy" bugCount="0" size="82"/>
    <FileStats path="WikiFileListBuilderTask.groovy" bugCount="0" size="83"/>
    <PackageStats package="" total_bugs="0" total_types="6" total_size="196">
      <ClassStats class="LessCompiler" sourceFile="LessCompiler.groovy" interface="false" size="31" bugs="0"/>
      <ClassStats class="WikiFileListBuilder" sourceFile="WikiFileListBuilder.groovy" interface="false" size="82" bugs="0"/>
      <ClassStats class="WikiFileListBuilderTask" sourceFile="WikiFileListBuilderTask.groovy" interface="false" size="44" bugs="0"/>
      <ClassStats class="WikiFileListBuilderTask$_setFiles_closure1" sourceFile="WikiFileListBuilderTask.groovy" interface="false" size="13" bugs="0"/>
      <ClassStats class="WikiFileListBuilderTask$_setFiles_closure2" sourceFile="WikiFileListBuilderTask.groovy" interface="false" size="14" bugs="0"/>
      <ClassStats class="WikiFileListBuilderTask$_setFiles_closure2$_closure3" sourceFile="WikiFileListBuilderTask.groovy" interface="false" size="12" bugs="0"/>
    </PackageStats>
    <FindBugsProfile>
      <ClassProfile name="edu.umd.cs.findbugs.classfile.engine.ClassInfoAnalysisEngine" totalMilliseconds="68" invocations="416" avgMicrosecondsPerInvocation="165" maxMicrosecondsPerInvocation="9943" standardDeviationMircosecondsPerInvocation="557"/>
      <ClassProfile name="edu.umd.cs.findbugs.FindBugs2" totalMilliseconds="63" invocations="2" avgMicrosecondsPerInvocation="31885" maxMicrosecondsPerInvocation="58595" standardDeviationMircosecondsPerInvocation="26710"/>
      <ClassProfile name="edu.umd.cs.findbugs.classfile.engine.ClassDataAnalysisEngine" totalMilliseconds="35" invocations="418" avgMicrosecondsPerInvocation="84" maxMicrosecondsPerInvocation="204" standardDeviationMircosecondsPerInvocation="24"/>
      <ClassProfile name="edu.umd.cs.findbugs.detect.FieldItemSummary" totalMilliseconds="21" invocations="22" avgMicrosecondsPerInvocation="965" maxMicrosecondsPerInvocation="11114" standardDeviationMircosecondsPerInvocation="2290"/>
      <ClassProfile name="edu.umd.cs.findbugs.classfile.engine.bcel.ValueNumberDataflowFactory" totalMilliseconds="15" invocations="83" avgMicrosecondsPerInvocation="186" maxMicrosecondsPerInvocation="10414" standardDeviationMircosecondsPerInvocation="1136"/>
    </FindBugsProfile>
  </FindBugsSummary>
  <ClassFeatures></ClassFeatures>
  <History></History>
</BugCollection>
