<?xml version="1.0" encoding="UTF-8"?>
<?xml-stylesheet type="text/xsl" href="http://findbugs.sourceforge.net/xsl/default.xsl"?>

<BugCollection version="3.0.1" sequence="0" timestamp="1555499484224" analysisTimestamp="1555499483502" release="">
  <Project projectName="fescar-all[fescar-rm]">
    <Jar>C:\Users\Subhodip_PC\Desktop\PROJECT\Seta_Downloads\seata-0.4.0\rm\target\classes\com\alibaba\fescar\rm\AbstractResourceManager.class</Jar>
    <Jar>C:\Users\Subhodip_PC\Desktop\PROJECT\Seta_Downloads\seata-0.4.0\rm\target\classes\com\alibaba\fescar\rm\AbstractRMHandler$1.class</Jar>
    <Jar>C:\Users\Subhodip_PC\Desktop\PROJECT\Seta_Downloads\seata-0.4.0\rm\target\classes\com\alibaba\fescar\rm\AbstractRMHandler$2.class</Jar>
    <Jar>C:\Users\Subhodip_PC\Desktop\PROJECT\Seta_Downloads\seata-0.4.0\rm\target\classes\com\alibaba\fescar\rm\AbstractRMHandler.class</Jar>
    <Jar>C:\Users\Subhodip_PC\Desktop\PROJECT\Seta_Downloads\seata-0.4.0\rm\target\classes\com\alibaba\fescar\rm\DefaultResourceManager$1.class</Jar>
    <Jar>C:\Users\Subhodip_PC\Desktop\PROJECT\Seta_Downloads\seata-0.4.0\rm\target\classes\com\alibaba\fescar\rm\DefaultResourceManager$SingletonHolder.class</Jar>
    <Jar>C:\Users\Subhodip_PC\Desktop\PROJECT\Seta_Downloads\seata-0.4.0\rm\target\classes\com\alibaba\fescar\rm\DefaultResourceManager.class</Jar>
    <Jar>C:\Users\Subhodip_PC\Desktop\PROJECT\Seta_Downloads\seata-0.4.0\rm\target\classes\com\alibaba\fescar\rm\DefaultRMHandler$SingletonHolder.class</Jar>
    <Jar>C:\Users\Subhodip_PC\Desktop\PROJECT\Seta_Downloads\seata-0.4.0\rm\target\classes\com\alibaba\fescar\rm\DefaultRMHandler.class</Jar>
    <Jar>C:\Users\Subhodip_PC\Desktop\PROJECT\Seta_Downloads\seata-0.4.0\rm\target\classes\com\alibaba\fescar\rm\RMClient.class</Jar>
    <AuxClasspathEntry>C:/Users/Subhodip_PC/Desktop/PROJECT/Seta_Downloads/seata-0.4.0/rm/target/classes</AuxClasspathEntry>
    <AuxClasspathEntry>C:/Users/Subhodip_PC/Desktop/PROJECT/Seta_Downloads/seata-0.4.0/core/target/classes</AuxClasspathEntry>
    <AuxClasspathEntry>C:/Users/Subhodip_PC/Desktop/PROJECT/Seta_Downloads/seata-0.4.0/core/target/test-classes</AuxClasspathEntry>
    <AuxClasspathEntry>C:/Users/Subhodip_PC/Desktop/PROJECT/Seta_Downloads/seata-0.4.0/common/target/classes</AuxClasspathEntry>
    <AuxClasspathEntry>C:/Users/Subhodip_PC/Desktop/PROJECT/Seta_Downloads/seata-0.4.0/common/target/test-classes</AuxClasspathEntry>
    <AuxClasspathEntry>C:/Users/Subhodip_PC/Desktop/PROJECT/Seta_Downloads/seata-0.4.0/config/target/classes</AuxClasspathEntry>
    <AuxClasspathEntry>C:/Users/Subhodip_PC/Desktop/PROJECT/Seta_Downloads/seata-0.4.0/config/target/test-classes</AuxClasspathEntry>
    <AuxClasspathEntry>C:/Users/Subhodip_PC/Desktop/PROJECT/Seta_Downloads/seata-0.4.0/discovery/target/classes</AuxClasspathEntry>
    <AuxClasspathEntry>C:/Users/Subhodip_PC/Desktop/PROJECT/Seta_Downloads/seata-0.4.0/discovery/target/test-classes</AuxClasspathEntry>
    <SrcDir>C:/Users/Subhodip_PC/Desktop/PROJECT/Seta_Downloads/seata-0.4.0/rm/src/main/java</SrcDir>
  </Project>
  <BugInstance type="MS_SHOULD_BE_FINAL" priority="1" rank="16" abbrev="MS" category="MALICIOUS_CODE" instanceHash="ae0693ccf4b8ce178db11ab1cb71ef21" instanceOccurrenceNum="0" instanceOccurrenceMax="0" cweid="218">
    <ShortMessage>Field isn&apos;t final but should be</ShortMessage>
    <LongMessage>com.alibaba.fescar.rm.DefaultRMHandler.allRMHandlersMap isn&apos;t final but should be</LongMessage>
    <Class classname="com.alibaba.fescar.rm.DefaultRMHandler" primary="true">
      <SourceLine classname="com.alibaba.fescar.rm.DefaultRMHandler" sourcefile="DefaultRMHandler.java" sourcepath="com/alibaba/fescar/rm/DefaultRMHandler.java" relSourcepath="com\alibaba\fescar\rm\DefaultRMHandler.java">
        <Message>In DefaultRMHandler.java</Message>
      </SourceLine>
      <Message>In class com.alibaba.fescar.rm.DefaultRMHandler</Message>
    </Class>
    <Field classname="com.alibaba.fescar.rm.DefaultRMHandler" name="allRMHandlersMap" signature="Ljava/util/Map;" isStatic="true" primary="true">
      <SourceLine classname="com.alibaba.fescar.rm.DefaultRMHandler" sourcefile="DefaultRMHandler.java" sourcepath="com/alibaba/fescar/rm/DefaultRMHandler.java" relSourcepath="com\alibaba\fescar\rm\DefaultRMHandler.java">
        <Message>In DefaultRMHandler.java</Message>
      </SourceLine>
      <Message>Field com.alibaba.fescar.rm.DefaultRMHandler.allRMHandlersMap</Message>
    </Field>
    <SourceLine classname="com.alibaba.fescar.rm.DefaultRMHandler" primary="true" start="40" end="40" startBytecode="7" endBytecode="7" sourcefile="DefaultRMHandler.java" sourcepath="com/alibaba/fescar/rm/DefaultRMHandler.java" relSourcepath="com\alibaba\fescar\rm\DefaultRMHandler.java">
      <Message>At DefaultRMHandler.java:[line 40]</Message>
    </SourceLine>
  </BugInstance>
  <BugInstance type="MS_SHOULD_BE_FINAL" priority="1" rank="16" abbrev="MS" category="MALICIOUS_CODE" instanceHash="b40c23c5f8d63a9befc1f5c2239b125e" instanceOccurrenceNum="0" instanceOccurrenceMax="0" cweid="218">
    <ShortMessage>Field isn&apos;t final but should be</ShortMessage>
    <LongMessage>com.alibaba.fescar.rm.DefaultResourceManager.resourceManagers isn&apos;t final but should be</LongMessage>
    <Class classname="com.alibaba.fescar.rm.DefaultResourceManager" primary="true">
      <SourceLine classname="com.alibaba.fescar.rm.DefaultResourceManager" sourcefile="DefaultResourceManager.java" sourcepath="com/alibaba/fescar/rm/DefaultResourceManager.java" relSourcepath="com\alibaba\fescar\rm\DefaultResourceManager.java">
        <Message>In DefaultResourceManager.java</Message>
      </SourceLine>
      <Message>In class com.alibaba.fescar.rm.DefaultResourceManager</Message>
    </Class>
    <Field classname="com.alibaba.fescar.rm.DefaultResourceManager" name="resourceManagers" signature="Ljava/util/Map;" isStatic="true" primary="true">
      <SourceLine classname="com.alibaba.fescar.rm.DefaultResourceManager" sourcefile="DefaultResourceManager.java" sourcepath="com/alibaba/fescar/rm/DefaultResourceManager.java" relSourcepath="com\alibaba\fescar\rm\DefaultResourceManager.java">
        <Message>In DefaultResourceManager.java</Message>
      </SourceLine>
      <Message>Field com.alibaba.fescar.rm.DefaultResourceManager.resourceManagers</Message>
    </Field>
    <SourceLine classname="com.alibaba.fescar.rm.DefaultResourceManager" primary="true" start="43" end="43" startBytecode="7" endBytecode="7" sourcefile="DefaultResourceManager.java" sourcepath="com/alibaba/fescar/rm/DefaultResourceManager.java" relSourcepath="com\alibaba\fescar\rm\DefaultResourceManager.java">
      <Message>At DefaultResourceManager.java:[line 43]</Message>
    </SourceLine>
  </BugInstance>
  <BugCategory category="MALICIOUS_CODE">
    <Description>Malicious code vulnerability</Description>
  </BugCategory>
  <BugPattern type="MS_SHOULD_BE_FINAL" abbrev="MS" category="MALICIOUS_CODE">
    <ShortDescription>Field isn&apos;t final but should be</ShortDescription>
    <Details><![CDATA[

   <p>
This static field public but not final, and
could be changed by malicious code or
        by accident from another package.
        The field could be made final to avoid
        this vulnerability.</p>

    ]]></Details>
  </BugPattern>
  <BugCode abbrev="MS" cweid="218">
    <Description>Mutable static field</Description>
  </BugCode>
  <Errors errors="0" missingClasses="0"></Errors>
  <FindBugsSummary timestamp="Wed, 17 Apr 2019 06:11:14 -0500" total_classes="10" referenced_classes="62" total_bugs="2" total_size="205" num_packages="1" java_version="1.8.0_152-release" vm_version="25.152-b28" cpu_seconds="37.66" clock_seconds="87.16" peak_mbytes="1335.92" alloc_mbytes="2320.00" gc_seconds="0.57" priority_1="2">
    <FileStats path="com/alibaba/fescar/rm/AbstractRMHandler.java" bugCount="0" size="60"/>
    <FileStats path="com/alibaba/fescar/rm/AbstractResourceManager.java" bugCount="0" size="43"/>
    <FileStats path="com/alibaba/fescar/rm/DefaultRMHandler.java" bugCount="1" size="34" bugHash="f6b44bce07ed8c004366e2009eaf0410"/>
    <FileStats path="com/alibaba/fescar/rm/DefaultResourceManager.java" bugCount="1" size="59" bugHash="3d9f38cdd1404215ded87d58c9cce11e"/>
    <FileStats path="com/alibaba/fescar/rm/RMClient.java" bugCount="0" size="9"/>
    <PackageStats package="com.alibaba.fescar.rm" total_bugs="2" total_types="10" total_size="205" priority_1="2">
      <ClassStats class="com.alibaba.fescar.rm.AbstractRMHandler" sourceFile="AbstractRMHandler.java" interface="false" size="44" bugs="0"/>
      <ClassStats class="com.alibaba.fescar.rm.AbstractRMHandler$1" sourceFile="AbstractRMHandler.java" interface="false" size="8" bugs="0"/>
      <ClassStats class="com.alibaba.fescar.rm.AbstractRMHandler$2" sourceFile="AbstractRMHandler.java" interface="false" size="8" bugs="0"/>
      <ClassStats class="com.alibaba.fescar.rm.AbstractResourceManager" sourceFile="AbstractResourceManager.java" interface="false" size="43" bugs="0"/>
      <ClassStats class="com.alibaba.fescar.rm.DefaultRMHandler" sourceFile="DefaultRMHandler.java" interface="false" size="27" bugs="1" priority_1="1"/>
      <ClassStats class="com.alibaba.fescar.rm.DefaultRMHandler$SingletonHolder" sourceFile="DefaultRMHandler.java" interface="false" size="7" bugs="0"/>
      <ClassStats class="com.alibaba.fescar.rm.DefaultResourceManager" sourceFile="DefaultResourceManager.java" interface="false" size="51" bugs="1" priority_1="1"/>
      <ClassStats class="com.alibaba.fescar.rm.DefaultResourceManager$1" sourceFile="DefaultResourceManager.java" interface="false" size="1" bugs="0"/>
      <ClassStats class="com.alibaba.fescar.rm.DefaultResourceManager$SingletonHolder" sourceFile="DefaultResourceManager.java" interface="false" size="7" bugs="0"/>
      <ClassStats class="com.alibaba.fescar.rm.RMClient" sourceFile="RMClient.java" interface="false" size="9" bugs="0"/>
    </PackageStats>
    <FindBugsProfile>
      <ClassProfile name="edu.umd.cs.findbugs.FindBugs2" totalMilliseconds="257" invocations="2" avgMicrosecondsPerInvocation="128612" maxMicrosecondsPerInvocation="244758" standardDeviationMircosecondsPerInvocation="116146"/>
      <ClassProfile name="edu.umd.cs.findbugs.classfile.engine.ClassDataAnalysisEngine" totalMilliseconds="224" invocations="515" avgMicrosecondsPerInvocation="435" maxMicrosecondsPerInvocation="885" standardDeviationMircosecondsPerInvocation="104"/>
      <ClassProfile name="edu.umd.cs.findbugs.classfile.engine.ClassInfoAnalysisEngine" totalMilliseconds="88" invocations="513" avgMicrosecondsPerInvocation="172" maxMicrosecondsPerInvocation="3928" standardDeviationMircosecondsPerInvocation="361"/>
    </FindBugsProfile>
  </FindBugsSummary>
  <ClassFeatures></ClassFeatures>
  <History></History>
</BugCollection>
