<?xml version="1.0" encoding="UTF-8"?>
<?xml-stylesheet type="text/xsl" href="http://findbugs.sourceforge.net/xsl/default.xsl"?>

<BugCollection version="3.0.1" sequence="0" timestamp="1555498711848" analysisTimestamp="1555498711165" release="">
  <Project projectName="fescar-all[fescar-spring]">
    <Jar>C:\Users\Subhodip_PC\Desktop\PROJECT\Seta_Downloads\seata-0.3.1\spring\target\classes\com\alibaba\fescar\spring\annotation\GlobalLock.class</Jar>
    <Jar>C:\Users\Subhodip_PC\Desktop\PROJECT\Seta_Downloads\seata-0.3.1\spring\target\classes\com\alibaba\fescar\spring\annotation\GlobalTransactional.class</Jar>
    <Jar>C:\Users\Subhodip_PC\Desktop\PROJECT\Seta_Downloads\seata-0.3.1\spring\target\classes\com\alibaba\fescar\spring\annotation\GlobalTransactionalInterceptor$1.class</Jar>
    <Jar>C:\Users\Subhodip_PC\Desktop\PROJECT\Seta_Downloads\seata-0.3.1\spring\target\classes\com\alibaba\fescar\spring\annotation\GlobalTransactionalInterceptor$2.class</Jar>
    <Jar>C:\Users\Subhodip_PC\Desktop\PROJECT\Seta_Downloads\seata-0.3.1\spring\target\classes\com\alibaba\fescar\spring\annotation\GlobalTransactionalInterceptor$3.class</Jar>
    <Jar>C:\Users\Subhodip_PC\Desktop\PROJECT\Seta_Downloads\seata-0.3.1\spring\target\classes\com\alibaba\fescar\spring\annotation\GlobalTransactionalInterceptor.class</Jar>
    <Jar>C:\Users\Subhodip_PC\Desktop\PROJECT\Seta_Downloads\seata-0.3.1\spring\target\classes\com\alibaba\fescar\spring\annotation\GlobalTransactionScanner.class</Jar>
    <Jar>C:\Users\Subhodip_PC\Desktop\PROJECT\Seta_Downloads\seata-0.3.1\spring\target\classes\com\alibaba\fescar\spring\annotation\MethodDesc.class</Jar>
    <Jar>C:\Users\Subhodip_PC\Desktop\PROJECT\Seta_Downloads\seata-0.3.1\spring\target\test-classes\com\alibaba\fescar\spring\annotation\Business.class</Jar>
    <Jar>C:\Users\Subhodip_PC\Desktop\PROJECT\Seta_Downloads\seata-0.3.1\spring\target\test-classes\com\alibaba\fescar\spring\annotation\BusinessImpl.class</Jar>
    <Jar>C:\Users\Subhodip_PC\Desktop\PROJECT\Seta_Downloads\seata-0.3.1\spring\target\test-classes\com\alibaba\fescar\spring\annotation\BusinessProxy.class</Jar>
    <Jar>C:\Users\Subhodip_PC\Desktop\PROJECT\Seta_Downloads\seata-0.3.1\spring\target\test-classes\com\alibaba\fescar\spring\annotation\GlobalTransactionScannerTest.class</Jar>
    <Jar>C:\Users\Subhodip_PC\Desktop\PROJECT\Seta_Downloads\seata-0.3.1\spring\target\test-classes\com\alibaba\fescar\spring\annotation\MethodDescTest$MockBusiness.class</Jar>
    <Jar>C:\Users\Subhodip_PC\Desktop\PROJECT\Seta_Downloads\seata-0.3.1\spring\target\test-classes\com\alibaba\fescar\spring\annotation\MethodDescTest.class</Jar>
    <AuxClasspathEntry>C:/Users/Subhodip_PC/Desktop/PROJECT/Seta_Downloads/seata-0.3.1/rm-datasource/target/classes</AuxClasspathEntry>
    <AuxClasspathEntry>C:/Users/Subhodip_PC/Desktop/PROJECT/Seta_Downloads/seata-0.3.1/rm-datasource/target/test-classes</AuxClasspathEntry>
    <AuxClasspathEntry>C:/Users/Subhodip_PC/Desktop/PROJECT/Seta_Downloads/seata-0.3.1/spring/target/classes</AuxClasspathEntry>
    <AuxClasspathEntry>C:/Users/Subhodip_PC/Desktop/PROJECT/Seta_Downloads/seata-0.3.1/spring/target/test-classes</AuxClasspathEntry>
    <AuxClasspathEntry>C:/Users/Subhodip_PC/Desktop/PROJECT/Seta_Downloads/seata-0.3.1/core/target/classes</AuxClasspathEntry>
    <AuxClasspathEntry>C:/Users/Subhodip_PC/Desktop/PROJECT/Seta_Downloads/seata-0.3.1/core/target/test-classes</AuxClasspathEntry>
    <AuxClasspathEntry>C:/Users/Subhodip_PC/Desktop/PROJECT/Seta_Downloads/seata-0.3.1/discovery/target/classes</AuxClasspathEntry>
    <AuxClasspathEntry>C:/Users/Subhodip_PC/Desktop/PROJECT/Seta_Downloads/seata-0.3.1/discovery/target/test-classes</AuxClasspathEntry>
    <AuxClasspathEntry>C:/Users/Subhodip_PC/Desktop/PROJECT/Seta_Downloads/seata-0.3.1/common/target/classes</AuxClasspathEntry>
    <AuxClasspathEntry>C:/Users/Subhodip_PC/Desktop/PROJECT/Seta_Downloads/seata-0.3.1/common/target/test-classes</AuxClasspathEntry>
    <AuxClasspathEntry>C:/Users/Subhodip_PC/Desktop/PROJECT/Seta_Downloads/seata-0.3.1/tm/target/classes</AuxClasspathEntry>
    <AuxClasspathEntry>C:/Users/Subhodip_PC/Desktop/PROJECT/Seta_Downloads/seata-0.3.1/tm/target/test-classes</AuxClasspathEntry>
    <AuxClasspathEntry>C:/Users/Subhodip_PC/Desktop/PROJECT/Seta_Downloads/seata-0.3.1/config/target/classes</AuxClasspathEntry>
    <AuxClasspathEntry>C:/Users/Subhodip_PC/Desktop/PROJECT/Seta_Downloads/seata-0.3.1/config/target/test-classes</AuxClasspathEntry>
    <SrcDir>C:/Users/Subhodip_PC/Desktop/PROJECT/Seta_Downloads/seata-0.3.1/spring/src/main/java</SrcDir>
    <SrcDir>C:/Users/Subhodip_PC/Desktop/PROJECT/Seta_Downloads/seata-0.3.1/spring/src/test/java</SrcDir>
  </Project>
  <BugInstance type="ST_WRITE_TO_STATIC_FROM_INSTANCE_METHOD" priority="1" rank="15" abbrev="ST" category="STYLE" instanceHash="9cf3a548d85ecb806a3cef564ce38cb2" instanceOccurrenceNum="0" instanceOccurrenceMax="0">
    <ShortMessage>Write to static field from instance method</ShortMessage>
    <LongMessage>Write to static field com.alibaba.fescar.spring.annotation.MethodDescTest.method from instance method new com.alibaba.fescar.spring.annotation.MethodDescTest()</LongMessage>
    <Class classname="com.alibaba.fescar.spring.annotation.MethodDescTest" primary="true">
      <SourceLine classname="com.alibaba.fescar.spring.annotation.MethodDescTest" sourcefile="MethodDescTest.java" sourcepath="com/alibaba/fescar/spring/annotation/MethodDescTest.java" relSourcepath="test\java\com\alibaba\fescar\spring\annotation\MethodDescTest.java">
        <Message>In MethodDescTest.java</Message>
      </SourceLine>
      <Message>In class com.alibaba.fescar.spring.annotation.MethodDescTest</Message>
    </Class>
    <Method classname="com.alibaba.fescar.spring.annotation.MethodDescTest" name="&lt;init&gt;" signature="()V" isStatic="false" primary="true">
      <SourceLine classname="com.alibaba.fescar.spring.annotation.MethodDescTest" start="37" end="40" startBytecode="0" endBytecode="91" sourcefile="MethodDescTest.java" sourcepath="com/alibaba/fescar/spring/annotation/MethodDescTest.java" relSourcepath="test\java\com\alibaba\fescar\spring\annotation\MethodDescTest.java"/>
      <Message>In method new com.alibaba.fescar.spring.annotation.MethodDescTest()</Message>
    </Method>
    <Field classname="com.alibaba.fescar.spring.annotation.MethodDescTest" name="method" signature="Ljava/lang/reflect/Method;" isStatic="true" primary="true">
      <SourceLine classname="com.alibaba.fescar.spring.annotation.MethodDescTest" sourcefile="MethodDescTest.java" sourcepath="com/alibaba/fescar/spring/annotation/MethodDescTest.java" relSourcepath="test\java\com\alibaba\fescar\spring\annotation\MethodDescTest.java">
        <Message>In MethodDescTest.java</Message>
      </SourceLine>
      <Message>Field com.alibaba.fescar.spring.annotation.MethodDescTest.method</Message>
    </Field>
    <SourceLine classname="com.alibaba.fescar.spring.annotation.MethodDescTest" primary="true" start="38" end="38" startBytecode="20" endBytecode="20" sourcefile="MethodDescTest.java" sourcepath="com/alibaba/fescar/spring/annotation/MethodDescTest.java" relSourcepath="test\java\com\alibaba\fescar\spring\annotation\MethodDescTest.java">
      <Message>At MethodDescTest.java:[line 38]</Message>
    </SourceLine>
    <SourceLine classname="com.alibaba.fescar.spring.annotation.MethodDescTest" primary="true" start="38" end="38" startBytecode="20" endBytecode="20" sourcefile="MethodDescTest.java" sourcepath="com/alibaba/fescar/spring/annotation/MethodDescTest.java" relSourcepath="test\java\com\alibaba\fescar\spring\annotation\MethodDescTest.java">
      <Message>At MethodDescTest.java:[line 38]</Message>
    </SourceLine>
  </BugInstance>
  <BugInstance type="ST_WRITE_TO_STATIC_FROM_INSTANCE_METHOD" priority="2" rank="17" abbrev="ST" category="STYLE" instanceHash="5fdf9b9efdded4e03e5a3cb186ce8ff9" instanceOccurrenceNum="0" instanceOccurrenceMax="0">
    <ShortMessage>Write to static field from instance method</ShortMessage>
    <LongMessage>Write to static field com.alibaba.fescar.spring.annotation.MethodDescTest.transactional from instance method new com.alibaba.fescar.spring.annotation.MethodDescTest()</LongMessage>
    <Class classname="com.alibaba.fescar.spring.annotation.MethodDescTest" primary="true">
      <SourceLine classname="com.alibaba.fescar.spring.annotation.MethodDescTest" sourcefile="MethodDescTest.java" sourcepath="com/alibaba/fescar/spring/annotation/MethodDescTest.java" relSourcepath="test\java\com\alibaba\fescar\spring\annotation\MethodDescTest.java">
        <Message>In MethodDescTest.java</Message>
      </SourceLine>
      <Message>In class com.alibaba.fescar.spring.annotation.MethodDescTest</Message>
    </Class>
    <Method classname="com.alibaba.fescar.spring.annotation.MethodDescTest" name="&lt;init&gt;" signature="()V" isStatic="false" primary="true">
      <SourceLine classname="com.alibaba.fescar.spring.annotation.MethodDescTest" start="37" end="40" startBytecode="0" endBytecode="91" sourcefile="MethodDescTest.java" sourcepath="com/alibaba/fescar/spring/annotation/MethodDescTest.java" relSourcepath="test\java\com\alibaba\fescar\spring\annotation\MethodDescTest.java"/>
      <Message>In method new com.alibaba.fescar.spring.annotation.MethodDescTest()</Message>
    </Method>
    <Field classname="com.alibaba.fescar.spring.annotation.MethodDescTest" name="transactional" signature="Lcom/alibaba/fescar/spring/annotation/GlobalTransactional;" isStatic="true" primary="true">
      <SourceLine classname="com.alibaba.fescar.spring.annotation.MethodDescTest" sourcefile="MethodDescTest.java" sourcepath="com/alibaba/fescar/spring/annotation/MethodDescTest.java" relSourcepath="test\java\com\alibaba\fescar\spring\annotation\MethodDescTest.java">
        <Message>In MethodDescTest.java</Message>
      </SourceLine>
      <Message>Field com.alibaba.fescar.spring.annotation.MethodDescTest.transactional</Message>
    </Field>
    <SourceLine classname="com.alibaba.fescar.spring.annotation.MethodDescTest" primary="true" start="39" end="39" startBytecode="34" endBytecode="34" sourcefile="MethodDescTest.java" sourcepath="com/alibaba/fescar/spring/annotation/MethodDescTest.java" relSourcepath="test\java\com\alibaba\fescar\spring\annotation\MethodDescTest.java">
      <Message>At MethodDescTest.java:[line 39]</Message>
    </SourceLine>
    <SourceLine classname="com.alibaba.fescar.spring.annotation.MethodDescTest" primary="true" start="39" end="39" startBytecode="34" endBytecode="34" sourcefile="MethodDescTest.java" sourcepath="com/alibaba/fescar/spring/annotation/MethodDescTest.java" relSourcepath="test\java\com\alibaba\fescar\spring\annotation\MethodDescTest.java">
      <Message>At MethodDescTest.java:[line 39]</Message>
    </SourceLine>
  </BugInstance>
  <BugCategory category="STYLE">
    <Description>Dodgy code</Description>
  </BugCategory>
  <BugPattern type="ST_WRITE_TO_STATIC_FROM_INSTANCE_METHOD" abbrev="ST" category="STYLE">
    <ShortDescription>Write to static field from instance method</ShortDescription>
    <Details><![CDATA[

  <p> This instance method writes to a static field. This is tricky to get
correct if multiple instances are being manipulated,
and generally bad practice.
</p>

    ]]></Details>
  </BugPattern>
  <BugCode abbrev="ST">
    <Description>Misuse of static fields</Description>
  </BugCode>
  <Errors errors="0" missingClasses="0"></Errors>
  <FindBugsSummary timestamp="Wed, 17 Apr 2019 05:58:25 -0500" total_classes="14" referenced_classes="57" total_bugs="2" total_size="322" num_packages="1" java_version="1.8.0_152-release" vm_version="25.152-b28" cpu_seconds="31.78" clock_seconds="240.29" peak_mbytes="1335.09" alloc_mbytes="2320.00" gc_seconds="0.22" priority_2="1" priority_1="1">
    <FileStats path="com/alibaba/fescar/spring/annotation/Business.java" bugCount="0" size="2"/>
    <FileStats path="com/alibaba/fescar/spring/annotation/BusinessImpl.java" bugCount="0" size="9"/>
    <FileStats path="com/alibaba/fescar/spring/annotation/BusinessProxy.java" bugCount="0" size="20"/>
    <FileStats path="com/alibaba/fescar/spring/annotation/GlobalLock.java" bugCount="0" size="1"/>
    <FileStats path="com/alibaba/fescar/spring/annotation/GlobalTransactionScanner.java" bugCount="0" size="121"/>
    <FileStats path="com/alibaba/fescar/spring/annotation/GlobalTransactionScannerTest.java" bugCount="0" size="17"/>
    <FileStats path="com/alibaba/fescar/spring/annotation/GlobalTransactional.java" bugCount="0" size="3"/>
    <FileStats path="com/alibaba/fescar/spring/annotation/GlobalTransactionalInterceptor.java" bugCount="0" size="89"/>
    <FileStats path="com/alibaba/fescar/spring/annotation/MethodDesc.java" bugCount="0" size="18"/>
    <FileStats path="com/alibaba/fescar/spring/annotation/MethodDescTest.java" bugCount="2" size="42" bugHash="2b23e11fdbef72f3315b2b13b088b157"/>
    <PackageStats package="com.alibaba.fescar.spring.annotation" total_bugs="2" total_types="14" total_size="322" priority_2="1" priority_1="1">
      <ClassStats class="com.alibaba.fescar.spring.annotation.Business" sourceFile="Business.java" interface="true" size="2" bugs="0"/>
      <ClassStats class="com.alibaba.fescar.spring.annotation.BusinessImpl" sourceFile="BusinessImpl.java" interface="false" size="9" bugs="0"/>
      <ClassStats class="com.alibaba.fescar.spring.annotation.BusinessProxy" sourceFile="BusinessProxy.java" interface="false" size="20" bugs="0"/>
      <ClassStats class="com.alibaba.fescar.spring.annotation.GlobalLock" sourceFile="GlobalLock.java" interface="true" size="1" bugs="0"/>
      <ClassStats class="com.alibaba.fescar.spring.annotation.GlobalTransactionScanner" sourceFile="GlobalTransactionScanner.java" interface="false" size="121" bugs="0"/>
      <ClassStats class="com.alibaba.fescar.spring.annotation.GlobalTransactionScannerTest" sourceFile="GlobalTransactionScannerTest.java" interface="false" size="17" bugs="0"/>
      <ClassStats class="com.alibaba.fescar.spring.annotation.GlobalTransactional" sourceFile="GlobalTransactional.java" interface="true" size="3" bugs="0"/>
      <ClassStats class="com.alibaba.fescar.spring.annotation.GlobalTransactionalInterceptor" sourceFile="GlobalTransactionalInterceptor.java" interface="false" size="59" bugs="0"/>
      <ClassStats class="com.alibaba.fescar.spring.annotation.GlobalTransactionalInterceptor$1" sourceFile="GlobalTransactionalInterceptor.java" interface="false" size="11" bugs="0"/>
      <ClassStats class="com.alibaba.fescar.spring.annotation.GlobalTransactionalInterceptor$2" sourceFile="GlobalTransactionalInterceptor.java" interface="false" size="15" bugs="0"/>
      <ClassStats class="com.alibaba.fescar.spring.annotation.GlobalTransactionalInterceptor$3" sourceFile="GlobalTransactionalInterceptor.java" interface="false" size="4" bugs="0"/>
      <ClassStats class="com.alibaba.fescar.spring.annotation.MethodDesc" sourceFile="MethodDesc.java" interface="false" size="18" bugs="0"/>
      <ClassStats class="com.alibaba.fescar.spring.annotation.MethodDescTest" sourceFile="MethodDescTest.java" interface="false" size="37" bugs="2" priority_2="1" priority_1="1"/>
      <ClassStats class="com.alibaba.fescar.spring.annotation.MethodDescTest$MockBusiness" sourceFile="MethodDescTest.java" interface="false" size="5" bugs="0"/>
    </PackageStats>
    <FindBugsProfile>
      <ClassProfile name="edu.umd.cs.findbugs.FindBugs2" totalMilliseconds="253" invocations="2" avgMicrosecondsPerInvocation="126864" maxMicrosecondsPerInvocation="247418" standardDeviationMircosecondsPerInvocation="120554"/>
      <ClassProfile name="edu.umd.cs.findbugs.classfile.engine.ClassDataAnalysisEngine" totalMilliseconds="215" invocations="433" avgMicrosecondsPerInvocation="497" maxMicrosecondsPerInvocation="1198" standardDeviationMircosecondsPerInvocation="142"/>
      <ClassProfile name="edu.umd.cs.findbugs.classfile.engine.ClassInfoAnalysisEngine" totalMilliseconds="78" invocations="431" avgMicrosecondsPerInvocation="181" maxMicrosecondsPerInvocation="15896" standardDeviationMircosecondsPerInvocation="821"/>
    </FindBugsProfile>
  </FindBugsSummary>
  <ClassFeatures></ClassFeatures>
  <History></History>
</BugCollection>
