<?xml version="1.0" encoding="UTF-8"?>
<?xml-stylesheet type="text/xsl" href="http://findbugs.sourceforge.net/xsl/default.xsl"?>

<BugCollection version="3.0.1" sequence="0" timestamp="1555498715532" analysisTimestamp="1555498714692" release="">
  <Project projectName="fescar-all[fescar-discovery]">
    <Jar>C:\Users\Subhodip_PC\Desktop\PROJECT\Seta_Downloads\seata-0.3.1\discovery\target\classes\com\alibaba\fescar\discovery\loadbalance\AbstractLoadBalance.class</Jar>
    <Jar>C:\Users\Subhodip_PC\Desktop\PROJECT\Seta_Downloads\seata-0.3.1\discovery\target\classes\com\alibaba\fescar\discovery\loadbalance\LoadBalance.class</Jar>
    <Jar>C:\Users\Subhodip_PC\Desktop\PROJECT\Seta_Downloads\seata-0.3.1\discovery\target\classes\com\alibaba\fescar\discovery\loadbalance\LoadBalanceFactory.class</Jar>
    <Jar>C:\Users\Subhodip_PC\Desktop\PROJECT\Seta_Downloads\seata-0.3.1\discovery\target\classes\com\alibaba\fescar\discovery\loadbalance\RandomLoadBalance.class</Jar>
    <Jar>C:\Users\Subhodip_PC\Desktop\PROJECT\Seta_Downloads\seata-0.3.1\discovery\target\classes\com\alibaba\fescar\discovery\loadbalance\RoundRobinLoadBalance.class</Jar>
    <Jar>C:\Users\Subhodip_PC\Desktop\PROJECT\Seta_Downloads\seata-0.3.1\discovery\target\classes\com\alibaba\fescar\discovery\registry\CustomEurekaInstanceConfig.class</Jar>
    <Jar>C:\Users\Subhodip_PC\Desktop\PROJECT\Seta_Downloads\seata-0.3.1\discovery\target\classes\com\alibaba\fescar\discovery\registry\EurekaRegistryServiceImpl$1.class</Jar>
    <Jar>C:\Users\Subhodip_PC\Desktop\PROJECT\Seta_Downloads\seata-0.3.1\discovery\target\classes\com\alibaba\fescar\discovery\registry\EurekaRegistryServiceImpl.class</Jar>
    <Jar>C:\Users\Subhodip_PC\Desktop\PROJECT\Seta_Downloads\seata-0.3.1\discovery\target\classes\com\alibaba\fescar\discovery\registry\FileRegistryServiceImpl.class</Jar>
    <Jar>C:\Users\Subhodip_PC\Desktop\PROJECT\Seta_Downloads\seata-0.3.1\discovery\target\classes\com\alibaba\fescar\discovery\registry\NacosRegistryServiceImpl$1.class</Jar>
    <Jar>C:\Users\Subhodip_PC\Desktop\PROJECT\Seta_Downloads\seata-0.3.1\discovery\target\classes\com\alibaba\fescar\discovery\registry\NacosRegistryServiceImpl.class</Jar>
    <Jar>C:\Users\Subhodip_PC\Desktop\PROJECT\Seta_Downloads\seata-0.3.1\discovery\target\classes\com\alibaba\fescar\discovery\registry\RedisListener.class</Jar>
    <Jar>C:\Users\Subhodip_PC\Desktop\PROJECT\Seta_Downloads\seata-0.3.1\discovery\target\classes\com\alibaba\fescar\discovery\registry\RedisRegistryServiceImpl$1.class</Jar>
    <Jar>C:\Users\Subhodip_PC\Desktop\PROJECT\Seta_Downloads\seata-0.3.1\discovery\target\classes\com\alibaba\fescar\discovery\registry\RedisRegistryServiceImpl$2.class</Jar>
    <Jar>C:\Users\Subhodip_PC\Desktop\PROJECT\Seta_Downloads\seata-0.3.1\discovery\target\classes\com\alibaba\fescar\discovery\registry\RedisRegistryServiceImpl$NotifySub.class</Jar>
    <Jar>C:\Users\Subhodip_PC\Desktop\PROJECT\Seta_Downloads\seata-0.3.1\discovery\target\classes\com\alibaba\fescar\discovery\registry\RedisRegistryServiceImpl.class</Jar>
    <Jar>C:\Users\Subhodip_PC\Desktop\PROJECT\Seta_Downloads\seata-0.3.1\discovery\target\classes\com\alibaba\fescar\discovery\registry\RegistryFactory$1.class</Jar>
    <Jar>C:\Users\Subhodip_PC\Desktop\PROJECT\Seta_Downloads\seata-0.3.1\discovery\target\classes\com\alibaba\fescar\discovery\registry\RegistryFactory.class</Jar>
    <Jar>C:\Users\Subhodip_PC\Desktop\PROJECT\Seta_Downloads\seata-0.3.1\discovery\target\classes\com\alibaba\fescar\discovery\registry\RegistryService.class</Jar>
    <Jar>C:\Users\Subhodip_PC\Desktop\PROJECT\Seta_Downloads\seata-0.3.1\discovery\target\classes\com\alibaba\fescar\discovery\registry\RegistryType.class</Jar>
    <Jar>C:\Users\Subhodip_PC\Desktop\PROJECT\Seta_Downloads\seata-0.3.1\discovery\target\classes\com\alibaba\fescar\discovery\registry\ZKRegisterServiceImpl$1.class</Jar>
    <Jar>C:\Users\Subhodip_PC\Desktop\PROJECT\Seta_Downloads\seata-0.3.1\discovery\target\classes\com\alibaba\fescar\discovery\registry\ZKRegisterServiceImpl.class</Jar>
    <Jar>C:\Users\Subhodip_PC\Desktop\PROJECT\Seta_Downloads\seata-0.3.1\discovery\target\test-classes\com\alibaba\fescar\discovery\loadbalance\LoadBalanceFactoryTest.class</Jar>
    <Jar>C:\Users\Subhodip_PC\Desktop\PROJECT\Seta_Downloads\seata-0.3.1\discovery\target\test-classes\com\alibaba\fescar\discovery\loadbalance\LoadBalanceTest.class</Jar>
    <AuxClasspathEntry>C:/Users/Subhodip_PC/Desktop/PROJECT/Seta_Downloads/seata-0.3.1/discovery/target/classes</AuxClasspathEntry>
    <AuxClasspathEntry>C:/Users/Subhodip_PC/Desktop/PROJECT/Seta_Downloads/seata-0.3.1/discovery/target/test-classes</AuxClasspathEntry>
    <AuxClasspathEntry>C:/Users/Subhodip_PC/Desktop/PROJECT/Seta_Downloads/seata-0.3.1/common/target/classes</AuxClasspathEntry>
    <AuxClasspathEntry>C:/Users/Subhodip_PC/Desktop/PROJECT/Seta_Downloads/seata-0.3.1/common/target/test-classes</AuxClasspathEntry>
    <AuxClasspathEntry>C:/Users/Subhodip_PC/Desktop/PROJECT/Seta_Downloads/seata-0.3.1/config/target/classes</AuxClasspathEntry>
    <AuxClasspathEntry>C:/Users/Subhodip_PC/Desktop/PROJECT/Seta_Downloads/seata-0.3.1/config/target/test-classes</AuxClasspathEntry>
    <SrcDir>C:/Users/Subhodip_PC/Desktop/PROJECT/Seta_Downloads/seata-0.3.1/discovery/src/main/java</SrcDir>
    <SrcDir>C:/Users/Subhodip_PC/Desktop/PROJECT/Seta_Downloads/seata-0.3.1/discovery/src/main/resources</SrcDir>
    <SrcDir>C:/Users/Subhodip_PC/Desktop/PROJECT/Seta_Downloads/seata-0.3.1/discovery/src/test/java</SrcDir>
  </Project>
  <BugInstance type="WMI_WRONG_MAP_ITERATOR" priority="2" rank="18" abbrev="WMI" category="PERFORMANCE" instanceHash="ff561f5ac114cf83448acc8a22a87a46" instanceOccurrenceNum="0" instanceOccurrenceMax="0">
    <ShortMessage>Inefficient use of keySet iterator instead of entrySet iterator</ShortMessage>
    <LongMessage>com.alibaba.fescar.discovery.loadbalance.LoadBalanceTest.testRandomLoadBalance_select(List) makes inefficient use of keySet iterator instead of entrySet iterator</LongMessage>
    <Class classname="com.alibaba.fescar.discovery.loadbalance.LoadBalanceTest" primary="true">
      <SourceLine classname="com.alibaba.fescar.discovery.loadbalance.LoadBalanceTest" sourcefile="LoadBalanceTest.java" sourcepath="com/alibaba/fescar/discovery/loadbalance/LoadBalanceTest.java" relSourcepath="test\java\com\alibaba\fescar\discovery\loadbalance\LoadBalanceTest.java">
        <Message>In LoadBalanceTest.java</Message>
      </SourceLine>
      <Message>In class com.alibaba.fescar.discovery.loadbalance.LoadBalanceTest</Message>
    </Class>
    <Method classname="com.alibaba.fescar.discovery.loadbalance.LoadBalanceTest" name="testRandomLoadBalance_select" signature="(Ljava/util/List;)V" isStatic="false" primary="true">
      <SourceLine classname="com.alibaba.fescar.discovery.loadbalance.LoadBalanceTest" start="42" end="48" startBytecode="0" endBytecode="271" sourcefile="LoadBalanceTest.java" sourcepath="com/alibaba/fescar/discovery/loadbalance/LoadBalanceTest.java" relSourcepath="test\java\com\alibaba\fescar\discovery\loadbalance\LoadBalanceTest.java"/>
      <Message>In method com.alibaba.fescar.discovery.loadbalance.LoadBalanceTest.testRandomLoadBalance_select(List)</Message>
    </Method>
    <SourceLine classname="com.alibaba.fescar.discovery.loadbalance.LoadBalanceTest" primary="true" start="45" end="45" startBytecode="56" endBytecode="56" sourcefile="LoadBalanceTest.java" sourcepath="com/alibaba/fescar/discovery/loadbalance/LoadBalanceTest.java" relSourcepath="test\java\com\alibaba\fescar\discovery\loadbalance\LoadBalanceTest.java">
      <Message>At LoadBalanceTest.java:[line 45]</Message>
    </SourceLine>
    <SourceLine classname="com.alibaba.fescar.discovery.loadbalance.LoadBalanceTest" primary="true" start="45" end="45" startBytecode="56" endBytecode="56" sourcefile="LoadBalanceTest.java" sourcepath="com/alibaba/fescar/discovery/loadbalance/LoadBalanceTest.java" relSourcepath="test\java\com\alibaba\fescar\discovery\loadbalance\LoadBalanceTest.java">
      <Message>At LoadBalanceTest.java:[line 45]</Message>
    </SourceLine>
  </BugInstance>
  <BugInstance type="WMI_WRONG_MAP_ITERATOR" priority="2" rank="18" abbrev="WMI" category="PERFORMANCE" instanceHash="ca97ba3928d5adf01a0b0f98c95fe7f5" instanceOccurrenceNum="0" instanceOccurrenceMax="0">
    <ShortMessage>Inefficient use of keySet iterator instead of entrySet iterator</ShortMessage>
    <LongMessage>com.alibaba.fescar.discovery.loadbalance.LoadBalanceTest.testRoundRobinLoadBalance_select(List) makes inefficient use of keySet iterator instead of entrySet iterator</LongMessage>
    <Class classname="com.alibaba.fescar.discovery.loadbalance.LoadBalanceTest" primary="true">
      <SourceLine classname="com.alibaba.fescar.discovery.loadbalance.LoadBalanceTest" sourcefile="LoadBalanceTest.java" sourcepath="com/alibaba/fescar/discovery/loadbalance/LoadBalanceTest.java" relSourcepath="test\java\com\alibaba\fescar\discovery\loadbalance\LoadBalanceTest.java">
        <Message>In LoadBalanceTest.java</Message>
      </SourceLine>
      <Message>In class com.alibaba.fescar.discovery.loadbalance.LoadBalanceTest</Message>
    </Class>
    <Method classname="com.alibaba.fescar.discovery.loadbalance.LoadBalanceTest" name="testRoundRobinLoadBalance_select" signature="(Ljava/util/List;)V" isStatic="false" primary="true">
      <SourceLine classname="com.alibaba.fescar.discovery.loadbalance.LoadBalanceTest" start="57" end="63" startBytecode="0" endBytecode="288" sourcefile="LoadBalanceTest.java" sourcepath="com/alibaba/fescar/discovery/loadbalance/LoadBalanceTest.java" relSourcepath="test\java\com\alibaba\fescar\discovery\loadbalance\LoadBalanceTest.java"/>
      <Message>In method com.alibaba.fescar.discovery.loadbalance.LoadBalanceTest.testRoundRobinLoadBalance_select(List)</Message>
    </Method>
    <SourceLine classname="com.alibaba.fescar.discovery.loadbalance.LoadBalanceTest" primary="true" start="60" end="60" startBytecode="56" endBytecode="56" sourcefile="LoadBalanceTest.java" sourcepath="com/alibaba/fescar/discovery/loadbalance/LoadBalanceTest.java" relSourcepath="test\java\com\alibaba\fescar\discovery\loadbalance\LoadBalanceTest.java">
      <Message>At LoadBalanceTest.java:[line 60]</Message>
    </SourceLine>
    <SourceLine classname="com.alibaba.fescar.discovery.loadbalance.LoadBalanceTest" primary="true" start="60" end="60" startBytecode="56" endBytecode="56" sourcefile="LoadBalanceTest.java" sourcepath="com/alibaba/fescar/discovery/loadbalance/LoadBalanceTest.java" relSourcepath="test\java\com\alibaba\fescar\discovery\loadbalance\LoadBalanceTest.java">
      <Message>At LoadBalanceTest.java:[line 60]</Message>
    </SourceLine>
  </BugInstance>
  <BugInstance type="LI_LAZY_INIT_UPDATE_STATIC" priority="1" rank="6" abbrev="LI" category="MT_CORRECTNESS" instanceHash="9913a66638855122163d7fc224fc9465" instanceOccurrenceNum="0" instanceOccurrenceMax="0" cweid="543">
    <ShortMessage>Incorrect lazy initialization and update of static field</ShortMessage>
    <LongMessage>Incorrect lazy initialization and update of static field com.alibaba.fescar.discovery.registry.EurekaRegistryServiceImpl.instanceConfig in com.alibaba.fescar.discovery.registry.EurekaRegistryServiceImpl.register(InetSocketAddress)</LongMessage>
    <Class classname="com.alibaba.fescar.discovery.registry.EurekaRegistryServiceImpl" primary="true">
      <SourceLine classname="com.alibaba.fescar.discovery.registry.EurekaRegistryServiceImpl" sourcefile="EurekaRegistryServiceImpl.java" sourcepath="com/alibaba/fescar/discovery/registry/EurekaRegistryServiceImpl.java" relSourcepath="main\java\com\alibaba\fescar\discovery\registry\EurekaRegistryServiceImpl.java">
        <Message>In EurekaRegistryServiceImpl.java</Message>
      </SourceLine>
      <Message>In class com.alibaba.fescar.discovery.registry.EurekaRegistryServiceImpl</Message>
    </Class>
    <Method classname="com.alibaba.fescar.discovery.registry.EurekaRegistryServiceImpl" name="register" signature="(Ljava/net/InetSocketAddress;)V" isStatic="false" primary="true">
      <SourceLine classname="com.alibaba.fescar.discovery.registry.EurekaRegistryServiceImpl" start="89" end="100" startBytecode="0" endBytecode="28" sourcefile="EurekaRegistryServiceImpl.java" sourcepath="com/alibaba/fescar/discovery/registry/EurekaRegistryServiceImpl.java" relSourcepath="main\java\com\alibaba\fescar\discovery\registry\EurekaRegistryServiceImpl.java"/>
      <Message>In method com.alibaba.fescar.discovery.registry.EurekaRegistryServiceImpl.register(InetSocketAddress)</Message>
    </Method>
    <Field classname="com.alibaba.fescar.discovery.registry.EurekaRegistryServiceImpl" name="instanceConfig" signature="Lcom/alibaba/fescar/discovery/registry/CustomEurekaInstanceConfig;" isStatic="true" primary="true" role="FIELD_ON">
      <SourceLine classname="com.alibaba.fescar.discovery.registry.EurekaRegistryServiceImpl" sourcefile="EurekaRegistryServiceImpl.java" sourcepath="com/alibaba/fescar/discovery/registry/EurekaRegistryServiceImpl.java" relSourcepath="main\java\com\alibaba\fescar\discovery\registry\EurekaRegistryServiceImpl.java">
        <Message>In EurekaRegistryServiceImpl.java</Message>
      </SourceLine>
      <Message>On field com.alibaba.fescar.discovery.registry.EurekaRegistryServiceImpl.instanceConfig</Message>
    </Field>
    <SourceLine classname="com.alibaba.fescar.discovery.registry.EurekaRegistryServiceImpl" primary="true" start="91" end="92" startBytecode="4" endBytecode="17" sourcefile="EurekaRegistryServiceImpl.java" sourcepath="com/alibaba/fescar/discovery/registry/EurekaRegistryServiceImpl.java" relSourcepath="main\java\com\alibaba\fescar\discovery\registry\EurekaRegistryServiceImpl.java">
      <Message>At EurekaRegistryServiceImpl.java:[lines 91-92]</Message>
    </SourceLine>
  </BugInstance>
  <BugInstance type="ST_WRITE_TO_STATIC_FROM_INSTANCE_METHOD" priority="1" rank="15" abbrev="ST" category="STYLE" instanceHash="6289ca314f4aba4fd2b40eb2eafed622" instanceOccurrenceNum="0" instanceOccurrenceMax="0">
    <ShortMessage>Write to static field from instance method</ShortMessage>
    <LongMessage>Write to static field com.alibaba.fescar.discovery.registry.EurekaRegistryServiceImpl.subscribeListener from instance method com.alibaba.fescar.discovery.registry.EurekaRegistryServiceImpl.subscribe(String, EurekaEventListener)</LongMessage>
    <Class classname="com.alibaba.fescar.discovery.registry.EurekaRegistryServiceImpl" primary="true">
      <SourceLine classname="com.alibaba.fescar.discovery.registry.EurekaRegistryServiceImpl" sourcefile="EurekaRegistryServiceImpl.java" sourcepath="com/alibaba/fescar/discovery/registry/EurekaRegistryServiceImpl.java" relSourcepath="main\java\com\alibaba\fescar\discovery\registry\EurekaRegistryServiceImpl.java">
        <Message>In EurekaRegistryServiceImpl.java</Message>
      </SourceLine>
      <Message>In class com.alibaba.fescar.discovery.registry.EurekaRegistryServiceImpl</Message>
    </Class>
    <Method classname="com.alibaba.fescar.discovery.registry.EurekaRegistryServiceImpl" name="subscribe" signature="(Ljava/lang/String;Lcom/netflix/discovery/EurekaEventListener;)V" isStatic="false" primary="true">
      <SourceLine classname="com.alibaba.fescar.discovery.registry.EurekaRegistryServiceImpl" start="114" end="117" startBytecode="0" endBytecode="90" sourcefile="EurekaRegistryServiceImpl.java" sourcepath="com/alibaba/fescar/discovery/registry/EurekaRegistryServiceImpl.java" relSourcepath="main\java\com\alibaba\fescar\discovery\registry\EurekaRegistryServiceImpl.java"/>
      <Message>In method com.alibaba.fescar.discovery.registry.EurekaRegistryServiceImpl.subscribe(String, EurekaEventListener)</Message>
    </Method>
    <Field classname="com.alibaba.fescar.discovery.registry.EurekaRegistryServiceImpl" name="subscribeListener" signature="Z" isStatic="true" primary="true">
      <SourceLine classname="com.alibaba.fescar.discovery.registry.EurekaRegistryServiceImpl" sourcefile="EurekaRegistryServiceImpl.java" sourcepath="com/alibaba/fescar/discovery/registry/EurekaRegistryServiceImpl.java" relSourcepath="main\java\com\alibaba\fescar\discovery\registry\EurekaRegistryServiceImpl.java">
        <Message>In EurekaRegistryServiceImpl.java</Message>
      </SourceLine>
      <Message>Field com.alibaba.fescar.discovery.registry.EurekaRegistryServiceImpl.subscribeListener</Message>
    </Field>
    <SourceLine classname="com.alibaba.fescar.discovery.registry.EurekaRegistryServiceImpl" primary="true" start="115" end="115" startBytecode="4" endBytecode="4" sourcefile="EurekaRegistryServiceImpl.java" sourcepath="com/alibaba/fescar/discovery/registry/EurekaRegistryServiceImpl.java" relSourcepath="main\java\com\alibaba\fescar\discovery\registry\EurekaRegistryServiceImpl.java">
      <Message>At EurekaRegistryServiceImpl.java:[line 115]</Message>
    </SourceLine>
    <SourceLine classname="com.alibaba.fescar.discovery.registry.EurekaRegistryServiceImpl" primary="true" start="115" end="115" startBytecode="4" endBytecode="4" sourcefile="EurekaRegistryServiceImpl.java" sourcepath="com/alibaba/fescar/discovery/registry/EurekaRegistryServiceImpl.java" relSourcepath="main\java\com\alibaba\fescar\discovery\registry\EurekaRegistryServiceImpl.java">
      <Message>At EurekaRegistryServiceImpl.java:[line 115]</Message>
    </SourceLine>
  </BugInstance>
  <BugInstance type="ST_WRITE_TO_STATIC_FROM_INSTANCE_METHOD" priority="1" rank="15" abbrev="ST" category="STYLE" instanceHash="b6be7bc2fd132eff08b05577a8341bcc" instanceOccurrenceNum="0" instanceOccurrenceMax="0">
    <ShortMessage>Write to static field from instance method</ShortMessage>
    <LongMessage>Write to static field com.alibaba.fescar.discovery.registry.EurekaRegistryServiceImpl.subscribeListener from instance method com.alibaba.fescar.discovery.registry.EurekaRegistryServiceImpl.unsubscribe(String, EurekaEventListener)</LongMessage>
    <Class classname="com.alibaba.fescar.discovery.registry.EurekaRegistryServiceImpl" primary="true">
      <SourceLine classname="com.alibaba.fescar.discovery.registry.EurekaRegistryServiceImpl" sourcefile="EurekaRegistryServiceImpl.java" sourcepath="com/alibaba/fescar/discovery/registry/EurekaRegistryServiceImpl.java" relSourcepath="main\java\com\alibaba\fescar\discovery\registry\EurekaRegistryServiceImpl.java">
        <Message>In EurekaRegistryServiceImpl.java</Message>
      </SourceLine>
      <Message>In class com.alibaba.fescar.discovery.registry.EurekaRegistryServiceImpl</Message>
    </Class>
    <Method classname="com.alibaba.fescar.discovery.registry.EurekaRegistryServiceImpl" name="unsubscribe" signature="(Ljava/lang/String;Lcom/netflix/discovery/EurekaEventListener;)V" isStatic="false" primary="true">
      <SourceLine classname="com.alibaba.fescar.discovery.registry.EurekaRegistryServiceImpl" start="121" end="124" startBytecode="0" endBytecode="91" sourcefile="EurekaRegistryServiceImpl.java" sourcepath="com/alibaba/fescar/discovery/registry/EurekaRegistryServiceImpl.java" relSourcepath="main\java\com\alibaba\fescar\discovery\registry\EurekaRegistryServiceImpl.java"/>
      <Message>In method com.alibaba.fescar.discovery.registry.EurekaRegistryServiceImpl.unsubscribe(String, EurekaEventListener)</Message>
    </Method>
    <Field classname="com.alibaba.fescar.discovery.registry.EurekaRegistryServiceImpl" name="subscribeListener" signature="Z" isStatic="true" primary="true">
      <SourceLine classname="com.alibaba.fescar.discovery.registry.EurekaRegistryServiceImpl" sourcefile="EurekaRegistryServiceImpl.java" sourcepath="com/alibaba/fescar/discovery/registry/EurekaRegistryServiceImpl.java" relSourcepath="main\java\com\alibaba\fescar\discovery\registry\EurekaRegistryServiceImpl.java">
        <Message>In EurekaRegistryServiceImpl.java</Message>
      </SourceLine>
      <Message>Field com.alibaba.fescar.discovery.registry.EurekaRegistryServiceImpl.subscribeListener</Message>
    </Field>
    <SourceLine classname="com.alibaba.fescar.discovery.registry.EurekaRegistryServiceImpl" primary="true" start="122" end="122" startBytecode="4" endBytecode="4" sourcefile="EurekaRegistryServiceImpl.java" sourcepath="com/alibaba/fescar/discovery/registry/EurekaRegistryServiceImpl.java" relSourcepath="main\java\com\alibaba\fescar\discovery\registry\EurekaRegistryServiceImpl.java">
      <Message>At EurekaRegistryServiceImpl.java:[line 122]</Message>
    </SourceLine>
    <SourceLine classname="com.alibaba.fescar.discovery.registry.EurekaRegistryServiceImpl" primary="true" start="122" end="122" startBytecode="4" endBytecode="4" sourcefile="EurekaRegistryServiceImpl.java" sourcepath="com/alibaba/fescar/discovery/registry/EurekaRegistryServiceImpl.java" relSourcepath="main\java\com\alibaba\fescar\discovery\registry\EurekaRegistryServiceImpl.java">
      <Message>At EurekaRegistryServiceImpl.java:[line 122]</Message>
    </SourceLine>
  </BugInstance>
  <BugInstance type="DM_BOXED_PRIMITIVE_FOR_PARSING" priority="1" rank="16" abbrev="Bx" category="PERFORMANCE" instanceHash="cd6f46095995e534c30439fa458032d1" instanceOccurrenceNum="0" instanceOccurrenceMax="0">
    <ShortMessage>Boxing/unboxing to parse a primitive</ShortMessage>
    <LongMessage>Boxing/unboxing to parse a primitive new com.alibaba.fescar.discovery.registry.RedisRegistryServiceImpl()</LongMessage>
    <Class classname="com.alibaba.fescar.discovery.registry.RedisRegistryServiceImpl" primary="true">
      <SourceLine classname="com.alibaba.fescar.discovery.registry.RedisRegistryServiceImpl" sourcefile="RedisRegistryServiceImpl.java" sourcepath="com/alibaba/fescar/discovery/registry/RedisRegistryServiceImpl.java" relSourcepath="main\java\com\alibaba\fescar\discovery\registry\RedisRegistryServiceImpl.java">
        <Message>In RedisRegistryServiceImpl.java</Message>
      </SourceLine>
      <Message>In class com.alibaba.fescar.discovery.registry.RedisRegistryServiceImpl</Message>
    </Class>
    <Method classname="com.alibaba.fescar.discovery.registry.RedisRegistryServiceImpl" name="&lt;init&gt;" signature="()V" isStatic="false" primary="true">
      <SourceLine classname="com.alibaba.fescar.discovery.registry.RedisRegistryServiceImpl" start="70" end="123" startBytecode="0" endBytecode="847" sourcefile="RedisRegistryServiceImpl.java" sourcepath="com/alibaba/fescar/discovery/registry/RedisRegistryServiceImpl.java" relSourcepath="main\java\com\alibaba\fescar\discovery\registry\RedisRegistryServiceImpl.java"/>
      <Message>In method new com.alibaba.fescar.discovery.registry.RedisRegistryServiceImpl()</Message>
    </Method>
    <Method classname="java.lang.Integer" name="intValue" signature="()I" isStatic="false" role="METHOD_CALLED">
      <SourceLine classname="java.lang.Integer" start="893" end="893" startBytecode="0" endBytecode="28" sourcefile="Integer.java" sourcepath="java/lang/Integer.java"/>
      <Message>Called method Integer.intValue()</Message>
    </Method>
    <Method classname="java.lang.Integer" name="parseInt" signature="(Ljava/lang/String;)I" isStatic="true" role="SHOULD_CALL">
      <Message>Should call Integer.parseInt(String) instead</Message>
    </Method>
    <SourceLine classname="com.alibaba.fescar.discovery.registry.RedisRegistryServiceImpl" primary="true" start="77" end="77" startBytecode="87" endBytecode="87" sourcefile="RedisRegistryServiceImpl.java" sourcepath="com/alibaba/fescar/discovery/registry/RedisRegistryServiceImpl.java" relSourcepath="main\java\com\alibaba\fescar\discovery\registry\RedisRegistryServiceImpl.java">
      <Message>At RedisRegistryServiceImpl.java:[line 77]</Message>
    </SourceLine>
    <SourceLine classname="com.alibaba.fescar.discovery.registry.RedisRegistryServiceImpl" primary="true" start="77" end="77" startBytecode="87" endBytecode="87" sourcefile="RedisRegistryServiceImpl.java" sourcepath="com/alibaba/fescar/discovery/registry/RedisRegistryServiceImpl.java" relSourcepath="main\java\com\alibaba\fescar\discovery\registry\RedisRegistryServiceImpl.java">
      <Message>At RedisRegistryServiceImpl.java:[line 77]</Message>
    </SourceLine>
  </BugInstance>
  <BugInstance type="SIC_INNER_SHOULD_BE_STATIC" priority="2" rank="18" abbrev="SIC" category="PERFORMANCE" instanceHash="d58d896bf5e69f4c5597760957f35458" instanceOccurrenceNum="0" instanceOccurrenceMax="0">
    <ShortMessage>Should be a static inner class</ShortMessage>
    <LongMessage>Should com.alibaba.fescar.discovery.registry.RedisRegistryServiceImpl$NotifySub be a _static_ inner class?</LongMessage>
    <Class classname="com.alibaba.fescar.discovery.registry.RedisRegistryServiceImpl$NotifySub" primary="true">
      <SourceLine classname="com.alibaba.fescar.discovery.registry.RedisRegistryServiceImpl$NotifySub" start="247" end="256" sourcefile="RedisRegistryServiceImpl.java" sourcepath="com/alibaba/fescar/discovery/registry/RedisRegistryServiceImpl.java" relSourcepath="main\java\com\alibaba\fescar\discovery\registry\RedisRegistryServiceImpl.java">
        <Message>At RedisRegistryServiceImpl.java:[lines 247-256]</Message>
      </SourceLine>
      <Message>In class com.alibaba.fescar.discovery.registry.RedisRegistryServiceImpl$NotifySub</Message>
    </Class>
    <SourceLine classname="com.alibaba.fescar.discovery.registry.RedisRegistryServiceImpl$NotifySub" start="247" end="256" sourcefile="RedisRegistryServiceImpl.java" sourcepath="com/alibaba/fescar/discovery/registry/RedisRegistryServiceImpl.java" relSourcepath="main\java\com\alibaba\fescar\discovery\registry\RedisRegistryServiceImpl.java" synthetic="true">
      <Message>At RedisRegistryServiceImpl.java:[lines 247-256]</Message>
    </SourceLine>
  </BugInstance>
  <BugInstance type="NP_NULL_ON_SOME_PATH_EXCEPTION" priority="2" rank="11" abbrev="NP" category="CORRECTNESS" instanceHash="882eab79ab7b24d5717edbc131851ebb" instanceOccurrenceNum="0" instanceOccurrenceMax="0" cweid="476">
    <ShortMessage>Possible null pointer dereference in method on exception path</ShortMessage>
    <LongMessage>Possible null pointer dereference of registryType in com.alibaba.fescar.discovery.registry.RegistryFactory.getInstance() on exception path</LongMessage>
    <Class classname="com.alibaba.fescar.discovery.registry.RegistryFactory" primary="true">
      <SourceLine classname="com.alibaba.fescar.discovery.registry.RegistryFactory" sourcefile="RegistryFactory.java" sourcepath="com/alibaba/fescar/discovery/registry/RegistryFactory.java" relSourcepath="main\java\com\alibaba\fescar\discovery\registry\RegistryFactory.java">
        <Message>In RegistryFactory.java</Message>
      </SourceLine>
      <Message>In class com.alibaba.fescar.discovery.registry.RegistryFactory</Message>
    </Class>
    <Method classname="com.alibaba.fescar.discovery.registry.RegistryFactory" name="getInstance" signature="()Lcom/alibaba/fescar/discovery/registry/RegistryService;" isStatic="true" primary="true">
      <SourceLine classname="com.alibaba.fescar.discovery.registry.RegistryFactory" start="41" end="71" startBytecode="0" endBytecode="369" sourcefile="RegistryFactory.java" sourcepath="com/alibaba/fescar/discovery/registry/RegistryFactory.java" relSourcepath="main\java\com\alibaba\fescar\discovery\registry\RegistryFactory.java"/>
      <Message>In method com.alibaba.fescar.discovery.registry.RegistryFactory.getInstance()</Message>
    </Method>
    <LocalVariable name="registryType" register="0" pc="16" role="LOCAL_VARIABLE_VALUE_OF">
      <Message>Value loaded from registryType</Message>
    </LocalVariable>
    <SourceLine classname="com.alibaba.fescar.discovery.registry.RegistryFactory" primary="true" start="51" end="51" startBytecode="36" endBytecode="36" sourcefile="RegistryFactory.java" sourcepath="com/alibaba/fescar/discovery/registry/RegistryFactory.java" relSourcepath="main\java\com\alibaba\fescar\discovery\registry\RegistryFactory.java" role="SOURCE_LINE_DEREF">
      <Message>Dereferenced at RegistryFactory.java:[line 51]</Message>
    </SourceLine>
    <SourceLine classname="com.alibaba.fescar.discovery.registry.RegistryFactory" start="41" end="41" startBytecode="0" endBytecode="0" sourcefile="RegistryFactory.java" sourcepath="com/alibaba/fescar/discovery/registry/RegistryFactory.java" relSourcepath="main\java\com\alibaba\fescar\discovery\registry\RegistryFactory.java" role="SOURCE_LINE_NULL_VALUE">
      <Message>Null value at RegistryFactory.java:[line 41]</Message>
    </SourceLine>
    <SourceLine classname="com.alibaba.fescar.discovery.registry.RegistryFactory" start="47" end="47" startBytecode="19" endBytecode="19" sourcefile="RegistryFactory.java" sourcepath="com/alibaba/fescar/discovery/registry/RegistryFactory.java" relSourcepath="main\java\com\alibaba\fescar\discovery\registry\RegistryFactory.java" role="SOURCE_LINE_KNOWN_NULL">
      <Message>Known null at RegistryFactory.java:[line 47]</Message>
    </SourceLine>
    <SourceLine classname="com.alibaba.fescar.discovery.registry.RegistryFactory" start="48" end="48" startBytecode="24" endBytecode="24" sourcefile="RegistryFactory.java" sourcepath="com/alibaba/fescar/discovery/registry/RegistryFactory.java" relSourcepath="main\java\com\alibaba\fescar\discovery\registry\RegistryFactory.java" role="SOURCE_LINE_KNOWN_NULL">
      <Message>Known null at RegistryFactory.java:[line 48]</Message>
    </SourceLine>
    <Property name="edu.umd.cs.findbugs.detect.NullDerefProperty.ALWAYS_ON_EXCEPTION_PATH" value="true"/>
  </BugInstance>
  <BugInstance type="LI_LAZY_INIT_UPDATE_STATIC" priority="2" rank="8" abbrev="LI" category="MT_CORRECTNESS" instanceHash="d9028a88fd5921945f43670044f4be27" instanceOccurrenceNum="0" instanceOccurrenceMax="0" cweid="543">
    <ShortMessage>Incorrect lazy initialization and update of static field</ShortMessage>
    <LongMessage>Incorrect lazy initialization and update of static field com.alibaba.fescar.discovery.registry.ZKRegisterServiceImpl.zkClient in com.alibaba.fescar.discovery.registry.ZKRegisterServiceImpl.getClientInstance()</LongMessage>
    <Class classname="com.alibaba.fescar.discovery.registry.ZKRegisterServiceImpl" primary="true">
      <SourceLine classname="com.alibaba.fescar.discovery.registry.ZKRegisterServiceImpl" sourcefile="ZKRegisterServiceImpl.java" sourcepath="com/alibaba/fescar/discovery/registry/ZKRegisterServiceImpl.java" relSourcepath="main\java\com\alibaba\fescar\discovery\registry\ZKRegisterServiceImpl.java">
        <Message>In ZKRegisterServiceImpl.java</Message>
      </SourceLine>
      <Message>In class com.alibaba.fescar.discovery.registry.ZKRegisterServiceImpl</Message>
    </Class>
    <Method classname="com.alibaba.fescar.discovery.registry.ZKRegisterServiceImpl" name="getClientInstance" signature="()Lorg/I0Itec/zkclient/ZkClient;" isStatic="false" primary="true">
      <SourceLine classname="com.alibaba.fescar.discovery.registry.ZKRegisterServiceImpl" start="160" end="168" startBytecode="0" endBytecode="24" sourcefile="ZKRegisterServiceImpl.java" sourcepath="com/alibaba/fescar/discovery/registry/ZKRegisterServiceImpl.java" relSourcepath="main\java\com\alibaba\fescar\discovery\registry\ZKRegisterServiceImpl.java"/>
      <Message>In method com.alibaba.fescar.discovery.registry.ZKRegisterServiceImpl.getClientInstance()</Message>
    </Method>
    <Field classname="com.alibaba.fescar.discovery.registry.ZKRegisterServiceImpl" name="zkClient" signature="Lorg/I0Itec/zkclient/ZkClient;" isStatic="true" primary="true" role="FIELD_ON">
      <SourceLine classname="com.alibaba.fescar.discovery.registry.ZKRegisterServiceImpl" sourcefile="ZKRegisterServiceImpl.java" sourcepath="com/alibaba/fescar/discovery/registry/ZKRegisterServiceImpl.java" relSourcepath="main\java\com\alibaba\fescar\discovery\registry\ZKRegisterServiceImpl.java">
        <Message>In ZKRegisterServiceImpl.java</Message>
      </SourceLine>
      <Message>On field com.alibaba.fescar.discovery.registry.ZKRegisterServiceImpl.zkClient</Message>
    </Field>
    <SourceLine classname="com.alibaba.fescar.discovery.registry.ZKRegisterServiceImpl" primary="true" start="160" end="163" startBytecode="0" endBytecode="43" sourcefile="ZKRegisterServiceImpl.java" sourcepath="com/alibaba/fescar/discovery/registry/ZKRegisterServiceImpl.java" relSourcepath="main\java\com\alibaba\fescar\discovery\registry\ZKRegisterServiceImpl.java">
      <Message>At ZKRegisterServiceImpl.java:[lines 160-163]</Message>
    </SourceLine>
  </BugInstance>
  <BugCategory category="PERFORMANCE">
    <Description>Performance</Description>
  </BugCategory>
  <BugCategory category="CORRECTNESS">
    <Description>Correctness</Description>
  </BugCategory>
  <BugCategory category="STYLE">
    <Description>Dodgy code</Description>
  </BugCategory>
  <BugCategory category="MT_CORRECTNESS">
    <Description>Multithreaded correctness</Description>
  </BugCategory>
  <BugPattern type="ST_WRITE_TO_STATIC_FROM_INSTANCE_METHOD" abbrev="ST" category="STYLE">
    <ShortDescription>Write to static field from instance method</ShortDescription>
    <Details><![CDATA[

  <p> This instance method writes to a static field. This is tricky to get
correct if multiple instances are being manipulated,
and generally bad practice.
</p>

    ]]></Details>
  </BugPattern>
  <BugPattern type="WMI_WRONG_MAP_ITERATOR" abbrev="WMI" category="PERFORMANCE">
    <ShortDescription>Inefficient use of keySet iterator instead of entrySet iterator</ShortDescription>
    <Details><![CDATA[

<p> This method accesses the value of a Map entry, using a key that was retrieved from
a keySet iterator. It is more efficient to use an iterator on the entrySet of the map, to avoid the
Map.get(key) lookup.</p>

        ]]></Details>
  </BugPattern>
  <BugPattern type="SIC_INNER_SHOULD_BE_STATIC" abbrev="SIC" category="PERFORMANCE">
    <ShortDescription>Should be a static inner class</ShortDescription>
    <Details><![CDATA[

  <p> This class is an inner class, but does not use its embedded reference
  to the object which created it.&nbsp; This reference makes the instances
  of the class larger, and may keep the reference to the creator object
  alive longer than necessary.&nbsp; If possible, the class should be
   made static.
</p>

    ]]></Details>
  </BugPattern>
  <BugPattern type="DM_BOXED_PRIMITIVE_FOR_PARSING" abbrev="Bx" category="PERFORMANCE">
    <ShortDescription>Boxing/unboxing to parse a primitive</ShortDescription>
    <Details><![CDATA[

  <p>A boxed primitive is created from a String, just to extract the unboxed primitive value.
  It is more efficient to just call the static parseXXX method.</p>

    ]]></Details>
  </BugPattern>
  <BugPattern type="LI_LAZY_INIT_UPDATE_STATIC" abbrev="LI" category="MT_CORRECTNESS" cweid="543">
    <ShortDescription>Incorrect lazy initialization and update of static field</ShortDescription>
    <Details><![CDATA[

<p> This method contains an unsynchronized lazy initialization of a static field.
After the field is set, the object stored into that location is further updated or accessed.
The setting of the field is visible to other threads as soon as it is set. If the
futher accesses in the method that set the field serve to initialize the object, then
you have a <em>very serious</em> multithreading bug, unless something else prevents
any other thread from accessing the stored object until it is fully initialized.
</p>
<p>Even if you feel confident that the method is never called by multiple
threads, it might be better to not set the static field until the value
you are setting it to is fully populated/initialized.

    ]]></Details>
  </BugPattern>
  <BugPattern type="NP_NULL_ON_SOME_PATH_EXCEPTION" abbrev="NP" category="CORRECTNESS">
    <ShortDescription>Possible null pointer dereference in method on exception path</ShortDescription>
    <Details><![CDATA[

<p> A reference value which is null on some exception control path is
dereferenced here.&nbsp; This may lead to a <code>NullPointerException</code>
when the code is executed.&nbsp;
Note that because FindBugs currently does not prune infeasible exception paths,
this may be a false warning.</p>

<p> Also note that FindBugs considers the default case of a switch statement to
be an exception path, since the default case is often infeasible.</p>

    ]]></Details>
  </BugPattern>
  <BugCode abbrev="ST">
    <Description>Misuse of static fields</Description>
  </BugCode>
  <BugCode abbrev="WMI">
    <Description>Inefficient Map Iterator</Description>
  </BugCode>
  <BugCode abbrev="NP" cweid="476">
    <Description>Null pointer dereference</Description>
  </BugCode>
  <BugCode abbrev="Bx">
    <Description>Questionable Boxing of primitive value</Description>
  </BugCode>
  <BugCode abbrev="SIC">
    <Description>Inner class could be made static</Description>
  </BugCode>
  <BugCode abbrev="LI">
    <Description>Unsynchronized Lazy Initialization</Description>
  </BugCode>
  <Errors errors="0" missingClasses="0"></Errors>
  <FindBugsSummary timestamp="Wed, 17 Apr 2019 05:58:16 -0500" total_classes="24" referenced_classes="88" total_bugs="9" total_size="853" num_packages="2" java_version="1.8.0_152-release" vm_version="25.152-b28" cpu_seconds="29.45" clock_seconds="237.85" peak_mbytes="1335.12" alloc_mbytes="2320.00" gc_seconds="0.17" priority_2="5" priority_1="4">
    <FileStats path="com/alibaba/fescar/discovery/loadbalance/AbstractLoadBalance.java" bugCount="0" size="10"/>
    <FileStats path="com/alibaba/fescar/discovery/loadbalance/LoadBalance.java" bugCount="0" size="2"/>
    <FileStats path="com/alibaba/fescar/discovery/loadbalance/LoadBalanceFactory.java" bugCount="0" size="6"/>
    <FileStats path="com/alibaba/fescar/discovery/loadbalance/LoadBalanceFactoryTest.java" bugCount="0" size="44"/>
    <FileStats path="com/alibaba/fescar/discovery/loadbalance/LoadBalanceTest.java" bugCount="2" size="39" bugHash="6a89989158bac9752aa8efd15f0a6cee"/>
    <FileStats path="com/alibaba/fescar/discovery/loadbalance/RandomLoadBalance.java" bugCount="0" size="8"/>
    <FileStats path="com/alibaba/fescar/discovery/loadbalance/RoundRobinLoadBalance.java" bugCount="0" size="14"/>
    <FileStats path="com/alibaba/fescar/discovery/registry/CustomEurekaInstanceConfig.java" bugCount="0" size="36"/>
    <FileStats path="com/alibaba/fescar/discovery/registry/EurekaRegistryServiceImpl.java" bugCount="3" size="148" bugHash="502b74546031ff1802b8ef974db42597"/>
    <FileStats path="com/alibaba/fescar/discovery/registry/FileRegistryServiceImpl.java" bugCount="0" size="43"/>
    <FileStats path="com/alibaba/fescar/discovery/registry/NacosRegistryServiceImpl.java" bugCount="0" size="130"/>
    <FileStats path="com/alibaba/fescar/discovery/registry/RedisListener.java" bugCount="0" size="4"/>
    <FileStats path="com/alibaba/fescar/discovery/registry/RedisRegistryServiceImpl.java" bugCount="2" size="173" bugHash="4c3cae47a6faa1b1b78181f3bf1db37c"/>
    <FileStats path="com/alibaba/fescar/discovery/registry/RegistryFactory.java" bugCount="1" size="30" bugHash="a5e48495057df2869989311bd2baa761"/>
    <FileStats path="com/alibaba/fescar/discovery/registry/RegistryService.java" bugCount="0" size="9"/>
    <FileStats path="com/alibaba/fescar/discovery/registry/RegistryType.java" bugCount="0" size="29"/>
    <FileStats path="com/alibaba/fescar/discovery/registry/ZKRegisterServiceImpl.java" bugCount="1" size="128" bugHash="fe8ab62dbc4649c08ec19965d8c670e4"/>
    <PackageStats package="com.alibaba.fescar.discovery.loadbalance" total_bugs="2" total_types="7" total_size="123" priority_2="2">
      <ClassStats class="com.alibaba.fescar.discovery.loadbalance.AbstractLoadBalance" sourceFile="AbstractLoadBalance.java" interface="false" size="10" bugs="0"/>
      <ClassStats class="com.alibaba.fescar.discovery.loadbalance.LoadBalance" sourceFile="LoadBalance.java" interface="true" size="2" bugs="0"/>
      <ClassStats class="com.alibaba.fescar.discovery.loadbalance.LoadBalanceFactory" sourceFile="LoadBalanceFactory.java" interface="false" size="6" bugs="0"/>
      <ClassStats class="com.alibaba.fescar.discovery.loadbalance.LoadBalanceFactoryTest" sourceFile="LoadBalanceFactoryTest.java" interface="false" size="44" bugs="0"/>
      <ClassStats class="com.alibaba.fescar.discovery.loadbalance.LoadBalanceTest" sourceFile="LoadBalanceTest.java" interface="false" size="39" bugs="2" priority_2="2"/>
      <ClassStats class="com.alibaba.fescar.discovery.loadbalance.RandomLoadBalance" sourceFile="RandomLoadBalance.java" interface="false" size="8" bugs="0"/>
      <ClassStats class="com.alibaba.fescar.discovery.loadbalance.RoundRobinLoadBalance" sourceFile="RoundRobinLoadBalance.java" interface="false" size="14" bugs="0"/>
    </PackageStats>
    <PackageStats package="com.alibaba.fescar.discovery.registry" total_bugs="7" total_types="17" total_size="730" priority_2="3" priority_1="4">
      <ClassStats class="com.alibaba.fescar.discovery.registry.CustomEurekaInstanceConfig" sourceFile="CustomEurekaInstanceConfig.java" interface="false" size="36" bugs="0"/>
      <ClassStats class="com.alibaba.fescar.discovery.registry.EurekaRegistryServiceImpl" sourceFile="EurekaRegistryServiceImpl.java" interface="false" size="141" bugs="3" priority_1="3"/>
      <ClassStats class="com.alibaba.fescar.discovery.registry.EurekaRegistryServiceImpl$1" sourceFile="EurekaRegistryServiceImpl.java" interface="false" size="7" bugs="0"/>
      <ClassStats class="com.alibaba.fescar.discovery.registry.FileRegistryServiceImpl" sourceFile="FileRegistryServiceImpl.java" interface="false" size="43" bugs="0"/>
      <ClassStats class="com.alibaba.fescar.discovery.registry.NacosRegistryServiceImpl" sourceFile="NacosRegistryServiceImpl.java" interface="false" size="113" bugs="0"/>
      <ClassStats class="com.alibaba.fescar.discovery.registry.NacosRegistryServiceImpl$1" sourceFile="NacosRegistryServiceImpl.java" interface="false" size="17" bugs="0"/>
      <ClassStats class="com.alibaba.fescar.discovery.registry.RedisListener" sourceFile="RedisListener.java" interface="true" size="4" bugs="0"/>
      <ClassStats class="com.alibaba.fescar.discovery.registry.RedisRegistryServiceImpl" sourceFile="RedisRegistryServiceImpl.java" interface="false" size="130" bugs="1" priority_1="1"/>
      <ClassStats class="com.alibaba.fescar.discovery.registry.RedisRegistryServiceImpl$1" sourceFile="RedisRegistryServiceImpl.java" interface="false" size="15" bugs="0"/>
      <ClassStats class="com.alibaba.fescar.discovery.registry.RedisRegistryServiceImpl$2" sourceFile="RedisRegistryServiceImpl.java" interface="false" size="16" bugs="0"/>
      <ClassStats class="com.alibaba.fescar.discovery.registry.RedisRegistryServiceImpl$NotifySub" sourceFile="RedisRegistryServiceImpl.java" interface="false" size="12" bugs="1" priority_2="1"/>
      <ClassStats class="com.alibaba.fescar.discovery.registry.RegistryFactory" sourceFile="RegistryFactory.java" interface="false" size="26" bugs="1" priority_2="1"/>
      <ClassStats class="com.alibaba.fescar.discovery.registry.RegistryFactory$1" sourceFile="RegistryFactory.java" interface="false" size="4" bugs="0"/>
      <ClassStats class="com.alibaba.fescar.discovery.registry.RegistryService" sourceFile="RegistryService.java" interface="true" size="9" bugs="0"/>
      <ClassStats class="com.alibaba.fescar.discovery.registry.RegistryType" sourceFile="RegistryType.java" interface="false" size="29" bugs="0"/>
      <ClassStats class="com.alibaba.fescar.discovery.registry.ZKRegisterServiceImpl" sourceFile="ZKRegisterServiceImpl.java" interface="false" size="117" bugs="1" priority_2="1"/>
      <ClassStats class="com.alibaba.fescar.discovery.registry.ZKRegisterServiceImpl$1" sourceFile="ZKRegisterServiceImpl.java" interface="false" size="11" bugs="0"/>
    </PackageStats>
    <FindBugsProfile>
      <ClassProfile name="edu.umd.cs.findbugs.classfile.engine.ClassDataAnalysisEngine" totalMilliseconds="194" invocations="619" avgMicrosecondsPerInvocation="314" maxMicrosecondsPerInvocation="12845" standardDeviationMircosecondsPerInvocation="513"/>
      <ClassProfile name="edu.umd.cs.findbugs.FindBugs2" totalMilliseconds="171" invocations="2" avgMicrosecondsPerInvocation="85792" maxMicrosecondsPerInvocation="161139" standardDeviationMircosecondsPerInvocation="75346"/>
      <ClassProfile name="edu.umd.cs.findbugs.classfile.engine.ClassInfoAnalysisEngine" totalMilliseconds="89" invocations="617" avgMicrosecondsPerInvocation="144" maxMicrosecondsPerInvocation="3592" standardDeviationMircosecondsPerInvocation="325"/>
      <ClassProfile name="edu.umd.cs.findbugs.classfile.engine.bcel.UnconditionalValueDerefDataflowFactory" totalMilliseconds="29" invocations="135" avgMicrosecondsPerInvocation="215" maxMicrosecondsPerInvocation="13158" standardDeviationMircosecondsPerInvocation="1137"/>
      <ClassProfile name="edu.umd.cs.findbugs.detect.FieldItemSummary" totalMilliseconds="21" invocations="88" avgMicrosecondsPerInvocation="239" maxMicrosecondsPerInvocation="3749" standardDeviationMircosecondsPerInvocation="510"/>
      <ClassProfile name="edu.umd.cs.findbugs.classfile.engine.bcel.IsNullValueDataflowFactory" totalMilliseconds="19" invocations="135" avgMicrosecondsPerInvocation="145" maxMicrosecondsPerInvocation="1769" standardDeviationMircosecondsPerInvocation="247"/>
      <ClassProfile name="edu.umd.cs.findbugs.OpcodeStack$JumpInfoFactory" totalMilliseconds="17" invocations="299" avgMicrosecondsPerInvocation="60" maxMicrosecondsPerInvocation="764" standardDeviationMircosecondsPerInvocation="78"/>
      <ClassProfile name="edu.umd.cs.findbugs.ba.npe.NullDerefAndRedundantComparisonFinder" totalMilliseconds="17" invocations="125" avgMicrosecondsPerInvocation="140" maxMicrosecondsPerInvocation="1180" standardDeviationMircosecondsPerInvocation="201"/>
      <ClassProfile name="edu.umd.cs.findbugs.classfile.engine.bcel.TypeDataflowFactory" totalMilliseconds="14" invocations="135" avgMicrosecondsPerInvocation="110" maxMicrosecondsPerInvocation="1178" standardDeviationMircosecondsPerInvocation="183"/>
      <ClassProfile name="edu.umd.cs.findbugs.detect.FindNoSideEffectMethods" totalMilliseconds="14" invocations="88" avgMicrosecondsPerInvocation="160" maxMicrosecondsPerInvocation="1755" standardDeviationMircosecondsPerInvocation="251"/>
      <ClassProfile name="edu.umd.cs.findbugs.classfile.engine.bcel.ValueNumberDataflowFactory" totalMilliseconds="13" invocations="137" avgMicrosecondsPerInvocation="101" maxMicrosecondsPerInvocation="1224" standardDeviationMircosecondsPerInvocation="178"/>
      <ClassProfile name="edu.umd.cs.findbugs.detect.FindRefComparison$SpecialTypeAnalysis" totalMilliseconds="11" invocations="110" avgMicrosecondsPerInvocation="106" maxMicrosecondsPerInvocation="855" standardDeviationMircosecondsPerInvocation="159"/>
    </FindBugsProfile>
  </FindBugsSummary>
  <ClassFeatures></ClassFeatures>
  <History></History>
</BugCollection>
