<?xml version="1.0" encoding="UTF-8"?>
<?xml-stylesheet type="text/xsl" href="http://findbugs.sourceforge.net/xsl/default.xsl"?>

<BugCollection version="3.0.1" sequence="0" timestamp="1555670244606" analysisTimestamp="1555670244067" release="">
  <Project projectName="fitnesse-20190216[fitnesse.buildSrc.main]">
    <Jar>C:\Users\Subhodip_PC\Desktop\New folder\fitnesse-20190216\buildSrc\out\production\classes\LessCompiler.class</Jar>
    <Jar>C:\Users\Subhodip_PC\Desktop\New folder\fitnesse-20190216\buildSrc\out\production\classes\WikiFileListBuilder.class</Jar>
    <Jar>C:\Users\Subhodip_PC\Desktop\New folder\fitnesse-20190216\buildSrc\out\production\classes\WikiFileListBuilderTask$_setFiles_closure1.class</Jar>
    <Jar>C:\Users\Subhodip_PC\Desktop\New folder\fitnesse-20190216\buildSrc\out\production\classes\WikiFileListBuilderTask$_setFiles_closure2$_closure3.class</Jar>
    <Jar>C:\Users\Subhodip_PC\Desktop\New folder\fitnesse-20190216\buildSrc\out\production\classes\WikiFileListBuilderTask$_setFiles_closure2.class</Jar>
    <Jar>C:\Users\Subhodip_PC\Desktop\New folder\fitnesse-20190216\buildSrc\out\production\classes\WikiFileListBuilderTask.class</Jar>
    <AuxClasspathEntry>C:/Users/Subhodip_PC/Desktop/New folder/fitnesse-20190216/buildSrc/out/production/classes</AuxClasspathEntry>
    <SrcDir>C:/Users/Subhodip_PC/Desktop/New folder/fitnesse-20190216/buildSrc/src/main/groovy</SrcDir>
  </Project>
  <Errors errors="0" missingClasses="0"></Errors>
  <FindBugsSummary timestamp="Fri, 19 Apr 2019 05:37:10 -0500" total_classes="6" referenced_classes="22" total_bugs="0" total_size="196" num_packages="1" java_version="1.8.0_152-release" vm_version="25.152-b28" cpu_seconds="37.03" clock_seconds="70.48" peak_mbytes="1311.91" alloc_mbytes="2320.00" gc_seconds="1.44">
    <FileStats path="LessCompiler.groovy" bugCount="0" size="31"/>
    <FileStats path="WikiFileListBuilder.groovy" bugCount="0" size="82"/>
    <FileStats path="WikiFileListBuilderTask.groovy" bugCount="0" size="83"/>
    <PackageStats package="" total_bugs="0" total_types="6" total_size="196">
      <ClassStats class="LessCompiler" sourceFile="LessCompiler.groovy" interface="false" size="31" bugs="0"/>
      <ClassStats class="WikiFileListBuilder" sourceFile="WikiFileListBuilder.groovy" interface="false" size="82" bugs="0"/>
      <ClassStats class="WikiFileListBuilderTask" sourceFile="WikiFileListBuilderTask.groovy" interface="false" size="44" bugs="0"/>
      <ClassStats class="WikiFileListBuilderTask$_setFiles_closure1" sourceFile="WikiFileListBuilderTask.groovy" interface="false" size="13" bugs="0"/>
      <ClassStats class="WikiFileListBuilderTask$_setFiles_closure2" sourceFile="WikiFileListBuilderTask.groovy" interface="false" size="14" bugs="0"/>
      <ClassStats class="WikiFileListBuilderTask$_setFiles_closure2$_closure3" sourceFile="WikiFileListBuilderTask.groovy" interface="false" size="12" bugs="0"/>
    </PackageStats>
    <FindBugsProfile>
      <ClassProfile name="edu.umd.cs.findbugs.classfile.engine.ClassInfoAnalysisEngine" totalMilliseconds="127" invocations="416" avgMicrosecondsPerInvocation="307" maxMicrosecondsPerInvocation="18457" standardDeviationMircosecondsPerInvocation="1327"/>
      <ClassProfile name="edu.umd.cs.findbugs.FindBugs2" totalMilliseconds="70" invocations="2" avgMicrosecondsPerInvocation="35298" maxMicrosecondsPerInvocation="61459" standardDeviationMircosecondsPerInvocation="26161"/>
      <ClassProfile name="edu.umd.cs.findbugs.classfile.engine.ClassDataAnalysisEngine" totalMilliseconds="56" invocations="418" avgMicrosecondsPerInvocation="135" maxMicrosecondsPerInvocation="668" standardDeviationMircosecondsPerInvocation="74"/>
      <ClassProfile name="edu.umd.cs.findbugs.detect.FieldItemSummary" totalMilliseconds="22" invocations="22" avgMicrosecondsPerInvocation="1024" maxMicrosecondsPerInvocation="4681" standardDeviationMircosecondsPerInvocation="1313"/>
      <ClassProfile name="edu.umd.cs.findbugs.ba.npe.NullDerefAndRedundantComparisonFinder" totalMilliseconds="22" invocations="81" avgMicrosecondsPerInvocation="275" maxMicrosecondsPerInvocation="13405" standardDeviationMircosecondsPerInvocation="1474"/>
      <ClassProfile name="edu.umd.cs.findbugs.classfile.engine.bcel.JavaClassAnalysisEngine" totalMilliseconds="16" invocations="52" avgMicrosecondsPerInvocation="311" maxMicrosecondsPerInvocation="11221" standardDeviationMircosecondsPerInvocation="1536"/>
      <ClassProfile name="edu.umd.cs.findbugs.OpcodeStack$JumpInfoFactory" totalMilliseconds="16" invocations="219" avgMicrosecondsPerInvocation="73" maxMicrosecondsPerInvocation="629" standardDeviationMircosecondsPerInvocation="98"/>
      <ClassProfile name="edu.umd.cs.findbugs.detect.FindNoSideEffectMethods" totalMilliseconds="14" invocations="22" avgMicrosecondsPerInvocation="679" maxMicrosecondsPerInvocation="3221" standardDeviationMircosecondsPerInvocation="794"/>
      <ClassProfile name="edu.umd.cs.findbugs.classfile.engine.bcel.IsNullValueDataflowFactory" totalMilliseconds="11" invocations="81" avgMicrosecondsPerInvocation="139" maxMicrosecondsPerInvocation="1576" standardDeviationMircosecondsPerInvocation="236"/>
    </FindBugsProfile>
  </FindBugsSummary>
  <ClassFeatures></ClassFeatures>
  <History></History>
</BugCollection>
