<?xml version="1.0" encoding="UTF-8"?>
<?xml-stylesheet type="text/xsl" href="http://findbugs.sourceforge.net/xsl/default.xsl"?>

<BugCollection version="3.0.1" sequence="0" timestamp="1555683412787" analysisTimestamp="1555683412399" release="">
  <Project projectName="seata-parent[seata-discovery-core]">
    <Jar>C:\Users\Subhodip_PC\Desktop\seata v5.0\discovery\seata-discovery-core\target\classes\io\seata\discovery\loadbalance\AbstractLoadBalance.class</Jar>
    <Jar>C:\Users\Subhodip_PC\Desktop\seata v5.0\discovery\seata-discovery-core\target\classes\io\seata\discovery\loadbalance\LoadBalance.class</Jar>
    <Jar>C:\Users\Subhodip_PC\Desktop\seata v5.0\discovery\seata-discovery-core\target\classes\io\seata\discovery\loadbalance\LoadBalanceFactory.class</Jar>
    <Jar>C:\Users\Subhodip_PC\Desktop\seata v5.0\discovery\seata-discovery-core\target\classes\io\seata\discovery\loadbalance\RandomLoadBalance.class</Jar>
    <Jar>C:\Users\Subhodip_PC\Desktop\seata v5.0\discovery\seata-discovery-core\target\classes\io\seata\discovery\loadbalance\RoundRobinLoadBalance.class</Jar>
    <Jar>C:\Users\Subhodip_PC\Desktop\seata v5.0\discovery\seata-discovery-core\target\classes\io\seata\discovery\registry\FileRegistryServiceImpl.class</Jar>
    <Jar>C:\Users\Subhodip_PC\Desktop\seata v5.0\discovery\seata-discovery-core\target\classes\io\seata\discovery\registry\RegistryFactory.class</Jar>
    <Jar>C:\Users\Subhodip_PC\Desktop\seata v5.0\discovery\seata-discovery-core\target\classes\io\seata\discovery\registry\RegistryProvider.class</Jar>
    <Jar>C:\Users\Subhodip_PC\Desktop\seata v5.0\discovery\seata-discovery-core\target\classes\io\seata\discovery\registry\RegistryService.class</Jar>
    <Jar>C:\Users\Subhodip_PC\Desktop\seata v5.0\discovery\seata-discovery-core\target\classes\io\seata\discovery\registry\RegistryType.class</Jar>
    <Jar>C:\Users\Subhodip_PC\Desktop\seata v5.0\discovery\seata-discovery-core\target\test-classes\io\seata\discovery\loadbalance\LoadBalanceFactoryTest.class</Jar>
    <Jar>C:\Users\Subhodip_PC\Desktop\seata v5.0\discovery\seata-discovery-core\target\test-classes\io\seata\discovery\loadbalance\LoadBalanceTest.class</Jar>
    <AuxClasspathEntry>C:/Users/Subhodip_PC/Desktop/seata v5.0/discovery/seata-discovery-core/target/classes</AuxClasspathEntry>
    <AuxClasspathEntry>C:/Users/Subhodip_PC/Desktop/seata v5.0/discovery/seata-discovery-core/target/test-classes</AuxClasspathEntry>
    <AuxClasspathEntry>C:/Users/Subhodip_PC/Desktop/seata v5.0/config/seata-config-core/target/classes</AuxClasspathEntry>
    <AuxClasspathEntry>C:/Users/Subhodip_PC/Desktop/seata v5.0/common/target/classes</AuxClasspathEntry>
    <AuxClasspathEntry>C:/Users/Subhodip_PC/Desktop/seata v5.0/common/target/test-classes</AuxClasspathEntry>
    <SrcDir>C:/Users/Subhodip_PC/Desktop/seata v5.0/discovery/seata-discovery-core/src/main/java</SrcDir>
    <SrcDir>C:/Users/Subhodip_PC/Desktop/seata v5.0/discovery/seata-discovery-core/src/main/resources</SrcDir>
    <SrcDir>C:/Users/Subhodip_PC/Desktop/seata v5.0/discovery/seata-discovery-core/src/test/java</SrcDir>
  </Project>
  <BugInstance type="WMI_WRONG_MAP_ITERATOR" priority="2" rank="18" abbrev="WMI" category="PERFORMANCE" instanceHash="62e4477203b3aaf81c1ba65e852138ff" instanceOccurrenceNum="0" instanceOccurrenceMax="0">
    <ShortMessage>Inefficient use of keySet iterator instead of entrySet iterator</ShortMessage>
    <LongMessage>io.seata.discovery.loadbalance.LoadBalanceTest.testRandomLoadBalance_select(List) makes inefficient use of keySet iterator instead of entrySet iterator</LongMessage>
    <Class classname="io.seata.discovery.loadbalance.LoadBalanceTest" primary="true">
      <SourceLine classname="io.seata.discovery.loadbalance.LoadBalanceTest" sourcefile="LoadBalanceTest.java" sourcepath="io/seata/discovery/loadbalance/LoadBalanceTest.java" relSourcepath="test\java\io\seata\discovery\loadbalance\LoadBalanceTest.java">
        <Message>In LoadBalanceTest.java</Message>
      </SourceLine>
      <Message>In class io.seata.discovery.loadbalance.LoadBalanceTest</Message>
    </Class>
    <Method classname="io.seata.discovery.loadbalance.LoadBalanceTest" name="testRandomLoadBalance_select" signature="(Ljava/util/List;)V" isStatic="false" primary="true">
      <SourceLine classname="io.seata.discovery.loadbalance.LoadBalanceTest" start="42" end="48" startBytecode="0" endBytecode="271" sourcefile="LoadBalanceTest.java" sourcepath="io/seata/discovery/loadbalance/LoadBalanceTest.java" relSourcepath="test\java\io\seata\discovery\loadbalance\LoadBalanceTest.java"/>
      <Message>In method io.seata.discovery.loadbalance.LoadBalanceTest.testRandomLoadBalance_select(List)</Message>
    </Method>
    <SourceLine classname="io.seata.discovery.loadbalance.LoadBalanceTest" primary="true" start="45" end="45" startBytecode="56" endBytecode="56" sourcefile="LoadBalanceTest.java" sourcepath="io/seata/discovery/loadbalance/LoadBalanceTest.java" relSourcepath="test\java\io\seata\discovery\loadbalance\LoadBalanceTest.java">
      <Message>At LoadBalanceTest.java:[line 45]</Message>
    </SourceLine>
    <SourceLine classname="io.seata.discovery.loadbalance.LoadBalanceTest" primary="true" start="45" end="45" startBytecode="56" endBytecode="56" sourcefile="LoadBalanceTest.java" sourcepath="io/seata/discovery/loadbalance/LoadBalanceTest.java" relSourcepath="test\java\io\seata\discovery\loadbalance\LoadBalanceTest.java">
      <Message>At LoadBalanceTest.java:[line 45]</Message>
    </SourceLine>
  </BugInstance>
  <BugInstance type="WMI_WRONG_MAP_ITERATOR" priority="2" rank="18" abbrev="WMI" category="PERFORMANCE" instanceHash="26ea522c379a2b663e95db12e70ccf55" instanceOccurrenceNum="0" instanceOccurrenceMax="0">
    <ShortMessage>Inefficient use of keySet iterator instead of entrySet iterator</ShortMessage>
    <LongMessage>io.seata.discovery.loadbalance.LoadBalanceTest.testRoundRobinLoadBalance_select(List) makes inefficient use of keySet iterator instead of entrySet iterator</LongMessage>
    <Class classname="io.seata.discovery.loadbalance.LoadBalanceTest" primary="true">
      <SourceLine classname="io.seata.discovery.loadbalance.LoadBalanceTest" sourcefile="LoadBalanceTest.java" sourcepath="io/seata/discovery/loadbalance/LoadBalanceTest.java" relSourcepath="test\java\io\seata\discovery\loadbalance\LoadBalanceTest.java">
        <Message>In LoadBalanceTest.java</Message>
      </SourceLine>
      <Message>In class io.seata.discovery.loadbalance.LoadBalanceTest</Message>
    </Class>
    <Method classname="io.seata.discovery.loadbalance.LoadBalanceTest" name="testRoundRobinLoadBalance_select" signature="(Ljava/util/List;)V" isStatic="false" primary="true">
      <SourceLine classname="io.seata.discovery.loadbalance.LoadBalanceTest" start="57" end="63" startBytecode="0" endBytecode="288" sourcefile="LoadBalanceTest.java" sourcepath="io/seata/discovery/loadbalance/LoadBalanceTest.java" relSourcepath="test\java\io\seata\discovery\loadbalance\LoadBalanceTest.java"/>
      <Message>In method io.seata.discovery.loadbalance.LoadBalanceTest.testRoundRobinLoadBalance_select(List)</Message>
    </Method>
    <SourceLine classname="io.seata.discovery.loadbalance.LoadBalanceTest" primary="true" start="60" end="60" startBytecode="56" endBytecode="56" sourcefile="LoadBalanceTest.java" sourcepath="io/seata/discovery/loadbalance/LoadBalanceTest.java" relSourcepath="test\java\io\seata\discovery\loadbalance\LoadBalanceTest.java">
      <Message>At LoadBalanceTest.java:[line 60]</Message>
    </SourceLine>
    <SourceLine classname="io.seata.discovery.loadbalance.LoadBalanceTest" primary="true" start="60" end="60" startBytecode="56" endBytecode="56" sourcefile="LoadBalanceTest.java" sourcepath="io/seata/discovery/loadbalance/LoadBalanceTest.java" relSourcepath="test\java\io\seata\discovery\loadbalance\LoadBalanceTest.java">
      <Message>At LoadBalanceTest.java:[line 60]</Message>
    </SourceLine>
  </BugInstance>
  <BugCategory category="PERFORMANCE">
    <Description>Performance</Description>
  </BugCategory>
  <BugPattern type="WMI_WRONG_MAP_ITERATOR" abbrev="WMI" category="PERFORMANCE">
    <ShortDescription>Inefficient use of keySet iterator instead of entrySet iterator</ShortDescription>
    <Details><![CDATA[

<p> This method accesses the value of a Map entry, using a key that was retrieved from
a keySet iterator. It is more efficient to use an iterator on the entrySet of the map, to avoid the
Map.get(key) lookup.</p>

        ]]></Details>
  </BugPattern>
  <BugCode abbrev="WMI">
    <Description>Inefficient Map Iterator</Description>
  </BugCode>
  <Errors errors="0" missingClasses="0"></Errors>
  <FindBugsSummary timestamp="Fri, 19 Apr 2019 09:16:34 -0500" total_classes="12" referenced_classes="55" total_bugs="2" total_size="229" num_packages="2" java_version="1.8.0_152-release" vm_version="25.152-b28" cpu_seconds="29.84" clock_seconds="67.62" peak_mbytes="1872.06" alloc_mbytes="2320.00" gc_seconds="0.14" priority_2="2">
    <FileStats path="io/seata/discovery/loadbalance/AbstractLoadBalance.java" bugCount="0" size="10"/>
    <FileStats path="io/seata/discovery/loadbalance/LoadBalance.java" bugCount="0" size="2"/>
    <FileStats path="io/seata/discovery/loadbalance/LoadBalanceFactory.java" bugCount="0" size="6"/>
    <FileStats path="io/seata/discovery/loadbalance/LoadBalanceFactoryTest.java" bugCount="0" size="44"/>
    <FileStats path="io/seata/discovery/loadbalance/LoadBalanceTest.java" bugCount="2" size="39" bugHash="95e48e03c533380e7fe093dae681d734"/>
    <FileStats path="io/seata/discovery/loadbalance/RandomLoadBalance.java" bugCount="0" size="8"/>
    <FileStats path="io/seata/discovery/loadbalance/RoundRobinLoadBalance.java" bugCount="0" size="14"/>
    <FileStats path="io/seata/discovery/registry/FileRegistryServiceImpl.java" bugCount="0" size="46"/>
    <FileStats path="io/seata/discovery/registry/RegistryFactory.java" bugCount="0" size="15"/>
    <FileStats path="io/seata/discovery/registry/RegistryProvider.java" bugCount="0" size="2"/>
    <FileStats path="io/seata/discovery/registry/RegistryService.java" bugCount="0" size="10"/>
    <FileStats path="io/seata/discovery/registry/RegistryType.java" bugCount="0" size="33"/>
    <PackageStats package="io.seata.discovery.loadbalance" total_bugs="2" total_types="7" total_size="123" priority_2="2">
      <ClassStats class="io.seata.discovery.loadbalance.AbstractLoadBalance" sourceFile="AbstractLoadBalance.java" interface="false" size="10" bugs="0"/>
      <ClassStats class="io.seata.discovery.loadbalance.LoadBalance" sourceFile="LoadBalance.java" interface="true" size="2" bugs="0"/>
      <ClassStats class="io.seata.discovery.loadbalance.LoadBalanceFactory" sourceFile="LoadBalanceFactory.java" interface="false" size="6" bugs="0"/>
      <ClassStats class="io.seata.discovery.loadbalance.LoadBalanceFactoryTest" sourceFile="LoadBalanceFactoryTest.java" interface="false" size="44" bugs="0"/>
      <ClassStats class="io.seata.discovery.loadbalance.LoadBalanceTest" sourceFile="LoadBalanceTest.java" interface="false" size="39" bugs="2" priority_2="2"/>
      <ClassStats class="io.seata.discovery.loadbalance.RandomLoadBalance" sourceFile="RandomLoadBalance.java" interface="false" size="8" bugs="0"/>
      <ClassStats class="io.seata.discovery.loadbalance.RoundRobinLoadBalance" sourceFile="RoundRobinLoadBalance.java" interface="false" size="14" bugs="0"/>
    </PackageStats>
    <PackageStats package="io.seata.discovery.registry" total_bugs="0" total_types="5" total_size="106">
      <ClassStats class="io.seata.discovery.registry.FileRegistryServiceImpl" sourceFile="FileRegistryServiceImpl.java" interface="false" size="46" bugs="0"/>
      <ClassStats class="io.seata.discovery.registry.RegistryFactory" sourceFile="RegistryFactory.java" interface="false" size="15" bugs="0"/>
      <ClassStats class="io.seata.discovery.registry.RegistryProvider" sourceFile="RegistryProvider.java" interface="true" size="2" bugs="0"/>
      <ClassStats class="io.seata.discovery.registry.RegistryService" sourceFile="RegistryService.java" interface="true" size="10" bugs="0"/>
      <ClassStats class="io.seata.discovery.registry.RegistryType" sourceFile="RegistryType.java" interface="false" size="33" bugs="0"/>
    </PackageStats>
    <FindBugsProfile>
      <ClassProfile name="edu.umd.cs.findbugs.classfile.engine.ClassDataAnalysisEngine" totalMilliseconds="92" invocations="488" avgMicrosecondsPerInvocation="189" maxMicrosecondsPerInvocation="550" standardDeviationMircosecondsPerInvocation="65"/>
      <ClassProfile name="edu.umd.cs.findbugs.FindBugs2" totalMilliseconds="91" invocations="2" avgMicrosecondsPerInvocation="45836" maxMicrosecondsPerInvocation="85698" standardDeviationMircosecondsPerInvocation="39862"/>
      <ClassProfile name="edu.umd.cs.findbugs.classfile.engine.ClassInfoAnalysisEngine" totalMilliseconds="58" invocations="486" avgMicrosecondsPerInvocation="120" maxMicrosecondsPerInvocation="2289" standardDeviationMircosecondsPerInvocation="247"/>
      <ClassProfile name="edu.umd.cs.findbugs.detect.FindNakedNotify" totalMilliseconds="13" invocations="12" avgMicrosecondsPerInvocation="1122" maxMicrosecondsPerInvocation="13392" standardDeviationMircosecondsPerInvocation="3699"/>
      <ClassProfile name="edu.umd.cs.findbugs.detect.FieldItemSummary" totalMilliseconds="12" invocations="55" avgMicrosecondsPerInvocation="235" maxMicrosecondsPerInvocation="3200" standardDeviationMircosecondsPerInvocation="548"/>
      <ClassProfile name="edu.umd.cs.findbugs.OpcodeStack$JumpInfoFactory" totalMilliseconds="11" invocations="173" avgMicrosecondsPerInvocation="66" maxMicrosecondsPerInvocation="457" standardDeviationMircosecondsPerInvocation="80"/>
    </FindBugsProfile>
  </FindBugsSummary>
  <ClassFeatures></ClassFeatures>
  <History></History>
</BugCollection>
