<?xml version="1.0" encoding="UTF-8"?>
<?xml-stylesheet type="text/xsl" href="http://findbugs.sourceforge.net/xsl/default.xsl"?>

<BugCollection version="3.0.1" sequence="0" timestamp="1555683418778" analysisTimestamp="1555683418442" release="">
  <Project projectName="seata-parent[seata-discovery-redis]">
    <Jar>C:\Users\Subhodip_PC\Desktop\seata v5.0\discovery\seata-discovery-redis\target\classes\io\seata\discovery\registry\redis\RedisListener.class</Jar>
    <Jar>C:\Users\Subhodip_PC\Desktop\seata v5.0\discovery\seata-discovery-redis\target\classes\io\seata\discovery\registry\redis\RedisRegistryProvider.class</Jar>
    <Jar>C:\Users\Subhodip_PC\Desktop\seata v5.0\discovery\seata-discovery-redis\target\classes\io\seata\discovery\registry\redis\RedisRegistryServiceImpl$1.class</Jar>
    <Jar>C:\Users\Subhodip_PC\Desktop\seata v5.0\discovery\seata-discovery-redis\target\classes\io\seata\discovery\registry\redis\RedisRegistryServiceImpl$2.class</Jar>
    <Jar>C:\Users\Subhodip_PC\Desktop\seata v5.0\discovery\seata-discovery-redis\target\classes\io\seata\discovery\registry\redis\RedisRegistryServiceImpl$NotifySub.class</Jar>
    <Jar>C:\Users\Subhodip_PC\Desktop\seata v5.0\discovery\seata-discovery-redis\target\classes\io\seata\discovery\registry\redis\RedisRegistryServiceImpl.class</Jar>
    <AuxClasspathEntry>C:/Users/Subhodip_PC/Desktop/seata v5.0/discovery/seata-discovery-redis/target/classes</AuxClasspathEntry>
    <AuxClasspathEntry>C:/Users/Subhodip_PC/Desktop/seata v5.0/discovery/seata-discovery-core/target/classes</AuxClasspathEntry>
    <AuxClasspathEntry>C:/Users/Subhodip_PC/Desktop/seata v5.0/discovery/seata-discovery-core/target/test-classes</AuxClasspathEntry>
    <AuxClasspathEntry>C:/Users/Subhodip_PC/Desktop/seata v5.0/config/seata-config-core/target/classes</AuxClasspathEntry>
    <AuxClasspathEntry>C:/Users/Subhodip_PC/Desktop/seata v5.0/common/target/classes</AuxClasspathEntry>
    <AuxClasspathEntry>C:/Users/Subhodip_PC/Desktop/seata v5.0/common/target/test-classes</AuxClasspathEntry>
    <SrcDir>C:/Users/Subhodip_PC/Desktop/seata v5.0/discovery/seata-discovery-redis/src/main/java</SrcDir>
    <SrcDir>C:/Users/Subhodip_PC/Desktop/seata v5.0/discovery/seata-discovery-redis/src/main/resources</SrcDir>
  </Project>
  <BugInstance type="DM_BOXED_PRIMITIVE_FOR_PARSING" priority="1" rank="16" abbrev="Bx" category="PERFORMANCE" instanceHash="765078bd045654a88bbeb0f9cf1823a0" instanceOccurrenceNum="0" instanceOccurrenceMax="0">
    <ShortMessage>Boxing/unboxing to parse a primitive</ShortMessage>
    <LongMessage>Boxing/unboxing to parse a primitive new io.seata.discovery.registry.redis.RedisRegistryServiceImpl()</LongMessage>
    <Class classname="io.seata.discovery.registry.redis.RedisRegistryServiceImpl" primary="true">
      <SourceLine classname="io.seata.discovery.registry.redis.RedisRegistryServiceImpl" sourcefile="RedisRegistryServiceImpl.java" sourcepath="io/seata/discovery/registry/redis/RedisRegistryServiceImpl.java" relSourcepath="java\io\seata\discovery\registry\redis\RedisRegistryServiceImpl.java">
        <Message>In RedisRegistryServiceImpl.java</Message>
      </SourceLine>
      <Message>In class io.seata.discovery.registry.redis.RedisRegistryServiceImpl</Message>
    </Class>
    <Method classname="io.seata.discovery.registry.redis.RedisRegistryServiceImpl" name="&lt;init&gt;" signature="()V" isStatic="false" primary="true">
      <SourceLine classname="io.seata.discovery.registry.redis.RedisRegistryServiceImpl" start="71" end="124" startBytecode="0" endBytecode="847" sourcefile="RedisRegistryServiceImpl.java" sourcepath="io/seata/discovery/registry/redis/RedisRegistryServiceImpl.java" relSourcepath="java\io\seata\discovery\registry\redis\RedisRegistryServiceImpl.java"/>
      <Message>In method new io.seata.discovery.registry.redis.RedisRegistryServiceImpl()</Message>
    </Method>
    <Method classname="java.lang.Integer" name="intValue" signature="()I" isStatic="false" role="METHOD_CALLED">
      <SourceLine classname="java.lang.Integer" start="893" end="893" startBytecode="0" endBytecode="28" sourcefile="Integer.java" sourcepath="java/lang/Integer.java"/>
      <Message>Called method Integer.intValue()</Message>
    </Method>
    <Method classname="java.lang.Integer" name="parseInt" signature="(Ljava/lang/String;)I" isStatic="true" role="SHOULD_CALL">
      <Message>Should call Integer.parseInt(String) instead</Message>
    </Method>
    <SourceLine classname="io.seata.discovery.registry.redis.RedisRegistryServiceImpl" primary="true" start="78" end="78" startBytecode="87" endBytecode="87" sourcefile="RedisRegistryServiceImpl.java" sourcepath="io/seata/discovery/registry/redis/RedisRegistryServiceImpl.java" relSourcepath="java\io\seata\discovery\registry\redis\RedisRegistryServiceImpl.java">
      <Message>At RedisRegistryServiceImpl.java:[line 78]</Message>
    </SourceLine>
    <SourceLine classname="io.seata.discovery.registry.redis.RedisRegistryServiceImpl" primary="true" start="78" end="78" startBytecode="87" endBytecode="87" sourcefile="RedisRegistryServiceImpl.java" sourcepath="io/seata/discovery/registry/redis/RedisRegistryServiceImpl.java" relSourcepath="java\io\seata\discovery\registry\redis\RedisRegistryServiceImpl.java">
      <Message>At RedisRegistryServiceImpl.java:[line 78]</Message>
    </SourceLine>
  </BugInstance>
  <BugInstance type="SIC_INNER_SHOULD_BE_STATIC" priority="2" rank="18" abbrev="SIC" category="PERFORMANCE" instanceHash="e6c9d2c7b8948bcc8500dcff0a366a5d" instanceOccurrenceNum="0" instanceOccurrenceMax="0">
    <ShortMessage>Should be a static inner class</ShortMessage>
    <LongMessage>Should io.seata.discovery.registry.redis.RedisRegistryServiceImpl$NotifySub be a _static_ inner class?</LongMessage>
    <Class classname="io.seata.discovery.registry.redis.RedisRegistryServiceImpl$NotifySub" primary="true">
      <SourceLine classname="io.seata.discovery.registry.redis.RedisRegistryServiceImpl$NotifySub" start="253" end="262" sourcefile="RedisRegistryServiceImpl.java" sourcepath="io/seata/discovery/registry/redis/RedisRegistryServiceImpl.java" relSourcepath="java\io\seata\discovery\registry\redis\RedisRegistryServiceImpl.java">
        <Message>At RedisRegistryServiceImpl.java:[lines 253-262]</Message>
      </SourceLine>
      <Message>In class io.seata.discovery.registry.redis.RedisRegistryServiceImpl$NotifySub</Message>
    </Class>
    <SourceLine classname="io.seata.discovery.registry.redis.RedisRegistryServiceImpl$NotifySub" start="253" end="262" sourcefile="RedisRegistryServiceImpl.java" sourcepath="io/seata/discovery/registry/redis/RedisRegistryServiceImpl.java" relSourcepath="java\io\seata\discovery\registry\redis\RedisRegistryServiceImpl.java" synthetic="true">
      <Message>At RedisRegistryServiceImpl.java:[lines 253-262]</Message>
    </SourceLine>
  </BugInstance>
  <BugCategory category="PERFORMANCE">
    <Description>Performance</Description>
  </BugCategory>
  <BugPattern type="SIC_INNER_SHOULD_BE_STATIC" abbrev="SIC" category="PERFORMANCE">
    <ShortDescription>Should be a static inner class</ShortDescription>
    <Details><![CDATA[

  <p> This class is an inner class, but does not use its embedded reference
  to the object which created it.&nbsp; This reference makes the instances
  of the class larger, and may keep the reference to the creator object
  alive longer than necessary.&nbsp; If possible, the class should be
   made static.
</p>

    ]]></Details>
  </BugPattern>
  <BugPattern type="DM_BOXED_PRIMITIVE_FOR_PARSING" abbrev="Bx" category="PERFORMANCE">
    <ShortDescription>Boxing/unboxing to parse a primitive</ShortDescription>
    <Details><![CDATA[

  <p>A boxed primitive is created from a String, just to extract the unboxed primitive value.
  It is more efficient to just call the static parseXXX method.</p>

    ]]></Details>
  </BugPattern>
  <BugCode abbrev="Bx">
    <Description>Questionable Boxing of primitive value</Description>
  </BugCode>
  <BugCode abbrev="SIC">
    <Description>Inner class could be made static</Description>
  </BugCode>
  <Errors errors="0" missingClasses="0"></Errors>
  <FindBugsSummary timestamp="Fri, 19 Apr 2019 09:16:35 -0500" total_classes="6" referenced_classes="45" total_bugs="2" total_size="185" num_packages="1" java_version="1.8.0_152-release" vm_version="25.152-b28" cpu_seconds="13.27" clock_seconds="61.51" peak_mbytes="1872.06" alloc_mbytes="2320.00" gc_seconds="0.05" priority_2="1" priority_1="1">
    <FileStats path="io/seata/discovery/registry/redis/RedisListener.java" bugCount="0" size="4"/>
    <FileStats path="io/seata/discovery/registry/redis/RedisRegistryProvider.java" bugCount="0" size="5"/>
    <FileStats path="io/seata/discovery/registry/redis/RedisRegistryServiceImpl.java" bugCount="2" size="176" bugHash="93c69711f8fb8dde7bfb2a1a11bc247e"/>
    <PackageStats package="io.seata.discovery.registry.redis" total_bugs="2" total_types="6" total_size="185" priority_2="1" priority_1="1">
      <ClassStats class="io.seata.discovery.registry.redis.RedisListener" sourceFile="RedisListener.java" interface="true" size="4" bugs="0"/>
      <ClassStats class="io.seata.discovery.registry.redis.RedisRegistryProvider" sourceFile="RedisRegistryProvider.java" interface="false" size="5" bugs="0"/>
      <ClassStats class="io.seata.discovery.registry.redis.RedisRegistryServiceImpl" sourceFile="RedisRegistryServiceImpl.java" interface="false" size="133" bugs="1" priority_1="1"/>
      <ClassStats class="io.seata.discovery.registry.redis.RedisRegistryServiceImpl$1" sourceFile="RedisRegistryServiceImpl.java" interface="false" size="15" bugs="0"/>
      <ClassStats class="io.seata.discovery.registry.redis.RedisRegistryServiceImpl$2" sourceFile="RedisRegistryServiceImpl.java" interface="false" size="16" bugs="0"/>
      <ClassStats class="io.seata.discovery.registry.redis.RedisRegistryServiceImpl$NotifySub" sourceFile="RedisRegistryServiceImpl.java" interface="false" size="12" bugs="1" priority_2="1"/>
    </PackageStats>
    <FindBugsProfile>
      <ClassProfile name="edu.umd.cs.findbugs.classfile.engine.ClassDataAnalysisEngine" totalMilliseconds="89" invocations="487" avgMicrosecondsPerInvocation="182" maxMicrosecondsPerInvocation="516" standardDeviationMircosecondsPerInvocation="43"/>
      <ClassProfile name="edu.umd.cs.findbugs.FindBugs2" totalMilliseconds="85" invocations="2" avgMicrosecondsPerInvocation="42767" maxMicrosecondsPerInvocation="79839" standardDeviationMircosecondsPerInvocation="37072"/>
      <ClassProfile name="edu.umd.cs.findbugs.classfile.engine.ClassInfoAnalysisEngine" totalMilliseconds="61" invocations="484" avgMicrosecondsPerInvocation="126" maxMicrosecondsPerInvocation="10595" standardDeviationMircosecondsPerInvocation="520"/>
    </FindBugsProfile>
  </FindBugsSummary>
  <ClassFeatures></ClassFeatures>
  <History></History>
</BugCollection>
