<?xml version="1.0" encoding="UTF-8"?>
<?xml-stylesheet type="text/xsl" href="http://findbugs.sourceforge.net/xsl/default.xsl"?>

<BugCollection version="3.0.1" sequence="0" timestamp="1555683412399" analysisTimestamp="1555683411860" release="">
  <Project projectName="seata-parent[seata-tm]">
    <Jar>C:\Users\Subhodip_PC\Desktop\seata v5.0\tm\target\classes\io\seata\tm\api\DefaultFailureHandlerImpl.class</Jar>
    <Jar>C:\Users\Subhodip_PC\Desktop\seata v5.0\tm\target\classes\io\seata\tm\api\DefaultGlobalTransaction.class</Jar>
    <Jar>C:\Users\Subhodip_PC\Desktop\seata v5.0\tm\target\classes\io\seata\tm\api\FailureHandler.class</Jar>
    <Jar>C:\Users\Subhodip_PC\Desktop\seata v5.0\tm\target\classes\io\seata\tm\api\GlobalTransaction.class</Jar>
    <Jar>C:\Users\Subhodip_PC\Desktop\seata v5.0\tm\target\classes\io\seata\tm\api\GlobalTransactionContext$1.class</Jar>
    <Jar>C:\Users\Subhodip_PC\Desktop\seata v5.0\tm\target\classes\io\seata\tm\api\GlobalTransactionContext.class</Jar>
    <Jar>C:\Users\Subhodip_PC\Desktop\seata v5.0\tm\target\classes\io\seata\tm\api\GlobalTransactionRole.class</Jar>
    <Jar>C:\Users\Subhodip_PC\Desktop\seata v5.0\tm\target\classes\io\seata\tm\api\transaction\NoRollbackRule.class</Jar>
    <Jar>C:\Users\Subhodip_PC\Desktop\seata v5.0\tm\target\classes\io\seata\tm\api\transaction\RollbackRule.class</Jar>
    <Jar>C:\Users\Subhodip_PC\Desktop\seata v5.0\tm\target\classes\io\seata\tm\api\transaction\TransactionHook.class</Jar>
    <Jar>C:\Users\Subhodip_PC\Desktop\seata v5.0\tm\target\classes\io\seata\tm\api\transaction\TransactionHookAdapter.class</Jar>
    <Jar>C:\Users\Subhodip_PC\Desktop\seata v5.0\tm\target\classes\io\seata\tm\api\transaction\TransactionHookManager.class</Jar>
    <Jar>C:\Users\Subhodip_PC\Desktop\seata v5.0\tm\target\classes\io\seata\tm\api\transaction\TransactionInfo.class</Jar>
    <Jar>C:\Users\Subhodip_PC\Desktop\seata v5.0\tm\target\classes\io\seata\tm\api\TransactionalExecutor$Code.class</Jar>
    <Jar>C:\Users\Subhodip_PC\Desktop\seata v5.0\tm\target\classes\io\seata\tm\api\TransactionalExecutor$ExecutionException.class</Jar>
    <Jar>C:\Users\Subhodip_PC\Desktop\seata v5.0\tm\target\classes\io\seata\tm\api\TransactionalExecutor.class</Jar>
    <Jar>C:\Users\Subhodip_PC\Desktop\seata v5.0\tm\target\classes\io\seata\tm\api\TransactionalTemplate.class</Jar>
    <Jar>C:\Users\Subhodip_PC\Desktop\seata v5.0\tm\target\classes\io\seata\tm\DefaultTransactionManager$1.class</Jar>
    <Jar>C:\Users\Subhodip_PC\Desktop\seata v5.0\tm\target\classes\io\seata\tm\DefaultTransactionManager$SingletonHolder.class</Jar>
    <Jar>C:\Users\Subhodip_PC\Desktop\seata v5.0\tm\target\classes\io\seata\tm\DefaultTransactionManager.class</Jar>
    <Jar>C:\Users\Subhodip_PC\Desktop\seata v5.0\tm\target\classes\io\seata\tm\TMClient.class</Jar>
    <Jar>C:\Users\Subhodip_PC\Desktop\seata v5.0\tm\target\test-classes\io\seata\tm\api\APITest$1.class</Jar>
    <Jar>C:\Users\Subhodip_PC\Desktop\seata v5.0\tm\target\test-classes\io\seata\tm\api\APITest$2$1$1.class</Jar>
    <Jar>C:\Users\Subhodip_PC\Desktop\seata v5.0\tm\target\test-classes\io\seata\tm\api\APITest$2$1.class</Jar>
    <Jar>C:\Users\Subhodip_PC\Desktop\seata v5.0\tm\target\test-classes\io\seata\tm\api\APITest$2.class</Jar>
    <Jar>C:\Users\Subhodip_PC\Desktop\seata v5.0\tm\target\test-classes\io\seata\tm\api\APITest$3$1$1.class</Jar>
    <Jar>C:\Users\Subhodip_PC\Desktop\seata v5.0\tm\target\test-classes\io\seata\tm\api\APITest$3$1.class</Jar>
    <Jar>C:\Users\Subhodip_PC\Desktop\seata v5.0\tm\target\test-classes\io\seata\tm\api\APITest$3.class</Jar>
    <Jar>C:\Users\Subhodip_PC\Desktop\seata v5.0\tm\target\test-classes\io\seata\tm\api\APITest$AbstractTransactionalExecutor.class</Jar>
    <Jar>C:\Users\Subhodip_PC\Desktop\seata v5.0\tm\target\test-classes\io\seata\tm\api\APITest.class</Jar>
    <Jar>C:\Users\Subhodip_PC\Desktop\seata v5.0\tm\target\test-classes\io\seata\tm\api\transaction\MyRuntimeException.class</Jar>
    <Jar>C:\Users\Subhodip_PC\Desktop\seata v5.0\tm\target\test-classes\io\seata\tm\api\transaction\RollbackRuleTest.class</Jar>
    <Jar>C:\Users\Subhodip_PC\Desktop\seata v5.0\tm\target\test-classes\io\seata\tm\api\transaction\TransactionHookManagerTest.class</Jar>
    <Jar>C:\Users\Subhodip_PC\Desktop\seata v5.0\tm\target\test-classes\io\seata\tm\api\transaction\TransactionInfoTest.class</Jar>
    <Jar>C:\Users\Subhodip_PC\Desktop\seata v5.0\tm\target\test-classes\io\seata\tm\api\TransactionTemplateTest.class</Jar>
    <AuxClasspathEntry>C:/Users/Subhodip_PC/Desktop/seata v5.0/core/target/classes</AuxClasspathEntry>
    <AuxClasspathEntry>C:/Users/Subhodip_PC/Desktop/seata v5.0/core/target/test-classes</AuxClasspathEntry>
    <AuxClasspathEntry>C:/Users/Subhodip_PC/Desktop/seata v5.0/tm/target/classes</AuxClasspathEntry>
    <AuxClasspathEntry>C:/Users/Subhodip_PC/Desktop/seata v5.0/tm/target/test-classes</AuxClasspathEntry>
    <AuxClasspathEntry>C:/Users/Subhodip_PC/Desktop/seata v5.0/discovery/seata-discovery-core/target/classes</AuxClasspathEntry>
    <AuxClasspathEntry>C:/Users/Subhodip_PC/Desktop/seata v5.0/discovery/seata-discovery-core/target/test-classes</AuxClasspathEntry>
    <AuxClasspathEntry>C:/Users/Subhodip_PC/Desktop/seata v5.0/config/seata-config-core/target/classes</AuxClasspathEntry>
    <AuxClasspathEntry>C:/Users/Subhodip_PC/Desktop/seata v5.0/common/target/classes</AuxClasspathEntry>
    <AuxClasspathEntry>C:/Users/Subhodip_PC/Desktop/seata v5.0/common/target/test-classes</AuxClasspathEntry>
    <SrcDir>C:/Users/Subhodip_PC/Desktop/seata v5.0/tm/src/main/java</SrcDir>
    <SrcDir>C:/Users/Subhodip_PC/Desktop/seata v5.0/tm/src/test/java</SrcDir>
  </Project>
  <BugInstance type="NM_METHOD_NAMING_CONVENTION" priority="2" rank="16" abbrev="Nm" category="BAD_PRACTICE" instanceHash="eae28db78fef7b6deabffb2b2c503ec6" instanceOccurrenceNum="0" instanceOccurrenceMax="0">
    <ShortMessage>Method names should start with a lower case letter</ShortMessage>
    <LongMessage>The method name io.seata.tm.api.transaction.RollbackRuleTest.RollbackRule() doesn&apos;t start with a lower case letter</LongMessage>
    <Class classname="io.seata.tm.api.transaction.RollbackRuleTest" primary="true">
      <SourceLine classname="io.seata.tm.api.transaction.RollbackRuleTest" sourcefile="RollbackRuleTest.java" sourcepath="io/seata/tm/api/transaction/RollbackRuleTest.java" relSourcepath="test\java\io\seata\tm\api\transaction\RollbackRuleTest.java">
        <Message>In RollbackRuleTest.java</Message>
      </SourceLine>
      <Message>In class io.seata.tm.api.transaction.RollbackRuleTest</Message>
    </Class>
    <Method classname="io.seata.tm.api.transaction.RollbackRuleTest" name="RollbackRule" signature="()V" isStatic="false" primary="true">
      <SourceLine classname="io.seata.tm.api.transaction.RollbackRuleTest" start="38" end="40" startBytecode="0" endBytecode="89" sourcefile="RollbackRuleTest.java" sourcepath="io/seata/tm/api/transaction/RollbackRuleTest.java" relSourcepath="test\java\io\seata\tm\api\transaction\RollbackRuleTest.java"/>
      <Message>In method io.seata.tm.api.transaction.RollbackRuleTest.RollbackRule()</Message>
    </Method>
    <SourceLine classname="io.seata.tm.api.transaction.RollbackRuleTest" start="38" end="40" startBytecode="0" endBytecode="89" sourcefile="RollbackRuleTest.java" sourcepath="io/seata/tm/api/transaction/RollbackRuleTest.java" relSourcepath="test\java\io\seata\tm\api\transaction\RollbackRuleTest.java" synthetic="true">
      <Message>At RollbackRuleTest.java:[lines 38-40]</Message>
    </SourceLine>
  </BugInstance>
  <BugCategory category="BAD_PRACTICE">
    <Description>Bad practice</Description>
  </BugCategory>
  <BugPattern type="NM_METHOD_NAMING_CONVENTION" abbrev="Nm" category="BAD_PRACTICE">
    <ShortDescription>Method names should start with a lower case letter</ShortDescription>
    <Details><![CDATA[

  <p>
Methods should be verbs, in mixed case with the first letter lowercase, with the first letter of each internal word capitalized.
</p>

    ]]></Details>
  </BugPattern>
  <BugCode abbrev="Nm">
    <Description>Confusing method name</Description>
  </BugCode>
  <Errors errors="0" missingClasses="0"></Errors>
  <FindBugsSummary timestamp="Fri, 19 Apr 2019 09:16:38 -0500" total_classes="35" referenced_classes="98" total_bugs="1" total_size="790" num_packages="3" java_version="1.8.0_152-release" vm_version="25.152-b28" cpu_seconds="31.52" clock_seconds="68.61" peak_mbytes="1872.06" alloc_mbytes="2320.00" gc_seconds="0.15" priority_2="1">
    <FileStats path="io/seata/tm/DefaultTransactionManager.java" bugCount="0" size="45"/>
    <FileStats path="io/seata/tm/TMClient.java" bugCount="0" size="7"/>
    <FileStats path="io/seata/tm/api/APITest.java" bugCount="0" size="112"/>
    <FileStats path="io/seata/tm/api/DefaultFailureHandlerImpl.java" bugCount="0" size="15"/>
    <FileStats path="io/seata/tm/api/DefaultGlobalTransaction.java" bugCount="0" size="77"/>
    <FileStats path="io/seata/tm/api/FailureHandler.java" bugCount="0" size="4"/>
    <FileStats path="io/seata/tm/api/GlobalTransaction.java" bugCount="0" size="8"/>
    <FileStats path="io/seata/tm/api/GlobalTransactionContext.java" bugCount="0" size="25"/>
    <FileStats path="io/seata/tm/api/GlobalTransactionRole.java" bugCount="0" size="11"/>
    <FileStats path="io/seata/tm/api/TransactionTemplateTest.java" bugCount="0" size="87"/>
    <FileStats path="io/seata/tm/api/TransactionalExecutor.java" bugCount="0" size="52"/>
    <FileStats path="io/seata/tm/api/TransactionalTemplate.java" bugCount="0" size="113"/>
    <FileStats path="io/seata/tm/api/transaction/MyRuntimeException.java" bugCount="0" size="4"/>
    <FileStats path="io/seata/tm/api/transaction/NoRollbackRule.java" bugCount="0" size="9"/>
    <FileStats path="io/seata/tm/api/transaction/RollbackRule.java" bugCount="0" size="38"/>
    <FileStats path="io/seata/tm/api/transaction/RollbackRuleTest.java" bugCount="1" size="35" bugHash="d901694b19b172874023201ebd6a45f5"/>
    <FileStats path="io/seata/tm/api/transaction/TransactionHook.java" bugCount="0" size="8"/>
    <FileStats path="io/seata/tm/api/transaction/TransactionHookAdapter.java" bugCount="0" size="17"/>
    <FileStats path="io/seata/tm/api/transaction/TransactionHookManager.java" bugCount="0" size="22"/>
    <FileStats path="io/seata/tm/api/transaction/TransactionHookManagerTest.java" bugCount="0" size="25"/>
    <FileStats path="io/seata/tm/api/transaction/TransactionInfo.java" bugCount="0" size="33"/>
    <FileStats path="io/seata/tm/api/transaction/TransactionInfoTest.java" bugCount="0" size="43"/>
    <PackageStats package="io.seata.tm" total_bugs="0" total_types="4" total_size="52">
      <ClassStats class="io.seata.tm.DefaultTransactionManager" sourceFile="DefaultTransactionManager.java" interface="false" size="36" bugs="0"/>
      <ClassStats class="io.seata.tm.DefaultTransactionManager$1" sourceFile="DefaultTransactionManager.java" interface="false" size="1" bugs="0"/>
      <ClassStats class="io.seata.tm.DefaultTransactionManager$SingletonHolder" sourceFile="DefaultTransactionManager.java" interface="false" size="8" bugs="0"/>
      <ClassStats class="io.seata.tm.TMClient" sourceFile="TMClient.java" interface="false" size="7" bugs="0"/>
    </PackageStats>
    <PackageStats package="io.seata.tm.api" total_bugs="0" total_types="21" total_size="504">
      <ClassStats class="io.seata.tm.api.APITest" sourceFile="APITest.java" interface="false" size="42" bugs="0"/>
      <ClassStats class="io.seata.tm.api.APITest$1" sourceFile="APITest.java" interface="false" size="11" bugs="0"/>
      <ClassStats class="io.seata.tm.api.APITest$2" sourceFile="APITest.java" interface="false" size="8" bugs="0"/>
      <ClassStats class="io.seata.tm.api.APITest$2$1" sourceFile="APITest.java" interface="false" size="8" bugs="0"/>
      <ClassStats class="io.seata.tm.api.APITest$2$1$1" sourceFile="APITest.java" interface="false" size="6" bugs="0"/>
      <ClassStats class="io.seata.tm.api.APITest$3" sourceFile="APITest.java" interface="false" size="11" bugs="0"/>
      <ClassStats class="io.seata.tm.api.APITest$3$1" sourceFile="APITest.java" interface="false" size="11" bugs="0"/>
      <ClassStats class="io.seata.tm.api.APITest$3$1$1" sourceFile="APITest.java" interface="false" size="6" bugs="0"/>
      <ClassStats class="io.seata.tm.api.APITest$AbstractTransactionalExecutor" sourceFile="APITest.java" interface="false" size="9" bugs="0"/>
      <ClassStats class="io.seata.tm.api.DefaultFailureHandlerImpl" sourceFile="DefaultFailureHandlerImpl.java" interface="false" size="15" bugs="0"/>
      <ClassStats class="io.seata.tm.api.DefaultGlobalTransaction" sourceFile="DefaultGlobalTransaction.java" interface="false" size="77" bugs="0"/>
      <ClassStats class="io.seata.tm.api.FailureHandler" sourceFile="FailureHandler.java" interface="true" size="4" bugs="0"/>
      <ClassStats class="io.seata.tm.api.GlobalTransaction" sourceFile="GlobalTransaction.java" interface="true" size="8" bugs="0"/>
      <ClassStats class="io.seata.tm.api.GlobalTransactionContext" sourceFile="GlobalTransactionContext.java" interface="false" size="20" bugs="0"/>
      <ClassStats class="io.seata.tm.api.GlobalTransactionContext$1" sourceFile="GlobalTransactionContext.java" interface="false" size="5" bugs="0"/>
      <ClassStats class="io.seata.tm.api.GlobalTransactionRole" sourceFile="GlobalTransactionRole.java" interface="false" size="11" bugs="0"/>
      <ClassStats class="io.seata.tm.api.TransactionTemplateTest" sourceFile="TransactionTemplateTest.java" interface="false" size="87" bugs="0"/>
      <ClassStats class="io.seata.tm.api.TransactionalExecutor" sourceFile="TransactionalExecutor.java" interface="true" size="3" bugs="0"/>
      <ClassStats class="io.seata.tm.api.TransactionalExecutor$Code" sourceFile="TransactionalExecutor.java" interface="false" size="15" bugs="0"/>
      <ClassStats class="io.seata.tm.api.TransactionalExecutor$ExecutionException" sourceFile="TransactionalExecutor.java" interface="false" size="34" bugs="0"/>
      <ClassStats class="io.seata.tm.api.TransactionalTemplate" sourceFile="TransactionalTemplate.java" interface="false" size="113" bugs="0"/>
    </PackageStats>
    <PackageStats package="io.seata.tm.api.transaction" total_bugs="1" total_types="10" total_size="234" priority_2="1">
      <ClassStats class="io.seata.tm.api.transaction.MyRuntimeException" sourceFile="MyRuntimeException.java" interface="false" size="4" bugs="0"/>
      <ClassStats class="io.seata.tm.api.transaction.NoRollbackRule" sourceFile="NoRollbackRule.java" interface="false" size="9" bugs="0"/>
      <ClassStats class="io.seata.tm.api.transaction.RollbackRule" sourceFile="RollbackRule.java" interface="false" size="38" bugs="0"/>
      <ClassStats class="io.seata.tm.api.transaction.RollbackRuleTest" sourceFile="RollbackRuleTest.java" interface="false" size="35" bugs="1" priority_2="1"/>
      <ClassStats class="io.seata.tm.api.transaction.TransactionHook" sourceFile="TransactionHook.java" interface="true" size="8" bugs="0"/>
      <ClassStats class="io.seata.tm.api.transaction.TransactionHookAdapter" sourceFile="TransactionHookAdapter.java" interface="false" size="17" bugs="0"/>
      <ClassStats class="io.seata.tm.api.transaction.TransactionHookManager" sourceFile="TransactionHookManager.java" interface="false" size="22" bugs="0"/>
      <ClassStats class="io.seata.tm.api.transaction.TransactionHookManagerTest" sourceFile="TransactionHookManagerTest.java" interface="false" size="25" bugs="0"/>
      <ClassStats class="io.seata.tm.api.transaction.TransactionInfo" sourceFile="TransactionInfo.java" interface="false" size="33" bugs="0"/>
      <ClassStats class="io.seata.tm.api.transaction.TransactionInfoTest" sourceFile="TransactionInfoTest.java" interface="false" size="43" bugs="0"/>
    </PackageStats>
    <FindBugsProfile>
      <ClassProfile name="edu.umd.cs.findbugs.FindBugs2" totalMilliseconds="146" invocations="2" avgMicrosecondsPerInvocation="73113" maxMicrosecondsPerInvocation="139834" standardDeviationMircosecondsPerInvocation="66721"/>
      <ClassProfile name="edu.umd.cs.findbugs.classfile.engine.ClassDataAnalysisEngine" totalMilliseconds="134" invocations="626" avgMicrosecondsPerInvocation="215" maxMicrosecondsPerInvocation="1066" standardDeviationMircosecondsPerInvocation="66"/>
      <ClassProfile name="edu.umd.cs.findbugs.classfile.engine.ClassInfoAnalysisEngine" totalMilliseconds="52" invocations="624" avgMicrosecondsPerInvocation="84" maxMicrosecondsPerInvocation="1944" standardDeviationMircosecondsPerInvocation="178"/>
      <ClassProfile name="edu.umd.cs.findbugs.util.TopologicalSort" totalMilliseconds="14" invocations="550" avgMicrosecondsPerInvocation="26" maxMicrosecondsPerInvocation="9584" standardDeviationMircosecondsPerInvocation="408"/>
      <ClassProfile name="edu.umd.cs.findbugs.detect.FieldItemSummary" totalMilliseconds="14" invocations="98" avgMicrosecondsPerInvocation="148" maxMicrosecondsPerInvocation="1990" standardDeviationMircosecondsPerInvocation="341"/>
    </FindBugsProfile>
  </FindBugsSummary>
  <ClassFeatures></ClassFeatures>
  <History></History>
</BugCollection>
