<?xml version="1.0" encoding="UTF-8"?>
<?xml-stylesheet type="text/xsl" href="http://findbugs.sourceforge.net/xsl/default.xsl"?>

<BugCollection version="3.0.1" sequence="0" timestamp="1555683411860" analysisTimestamp="1555683411160" release="">
  <Project projectName="seata-parent[seata-spring]">
    <Jar>C:\Users\Subhodip_PC\Desktop\seata v5.0\spring\target\classes\io\seata\spring\annotation\GlobalLock.class</Jar>
    <Jar>C:\Users\Subhodip_PC\Desktop\seata v5.0\spring\target\classes\io\seata\spring\annotation\GlobalTransactional.class</Jar>
    <Jar>C:\Users\Subhodip_PC\Desktop\seata v5.0\spring\target\classes\io\seata\spring\annotation\GlobalTransactionalInterceptor$1.class</Jar>
    <Jar>C:\Users\Subhodip_PC\Desktop\seata v5.0\spring\target\classes\io\seata\spring\annotation\GlobalTransactionalInterceptor$2.class</Jar>
    <Jar>C:\Users\Subhodip_PC\Desktop\seata v5.0\spring\target\classes\io\seata\spring\annotation\GlobalTransactionalInterceptor$3.class</Jar>
    <Jar>C:\Users\Subhodip_PC\Desktop\seata v5.0\spring\target\classes\io\seata\spring\annotation\GlobalTransactionalInterceptor.class</Jar>
    <Jar>C:\Users\Subhodip_PC\Desktop\seata v5.0\spring\target\classes\io\seata\spring\annotation\GlobalTransactionScanner.class</Jar>
    <Jar>C:\Users\Subhodip_PC\Desktop\seata v5.0\spring\target\classes\io\seata\spring\annotation\MethodDesc.class</Jar>
    <Jar>C:\Users\Subhodip_PC\Desktop\seata v5.0\spring\target\classes\io\seata\spring\tcc\TccActionInterceptor$1.class</Jar>
    <Jar>C:\Users\Subhodip_PC\Desktop\seata v5.0\spring\target\classes\io\seata\spring\tcc\TccActionInterceptor.class</Jar>
    <Jar>C:\Users\Subhodip_PC\Desktop\seata v5.0\spring\target\classes\io\seata\spring\util\SpringProxyUtils.class</Jar>
    <Jar>C:\Users\Subhodip_PC\Desktop\seata v5.0\spring\target\classes\io\seata\spring\util\TCCBeanParserUtils.class</Jar>
    <Jar>C:\Users\Subhodip_PC\Desktop\seata v5.0\spring\target\test-classes\io\seata\spring\annotation\Business.class</Jar>
    <Jar>C:\Users\Subhodip_PC\Desktop\seata v5.0\spring\target\test-classes\io\seata\spring\annotation\BusinessImpl.class</Jar>
    <Jar>C:\Users\Subhodip_PC\Desktop\seata v5.0\spring\target\test-classes\io\seata\spring\annotation\BusinessProxy.class</Jar>
    <Jar>C:\Users\Subhodip_PC\Desktop\seata v5.0\spring\target\test-classes\io\seata\spring\annotation\GlobalTransactionScannerTest.class</Jar>
    <Jar>C:\Users\Subhodip_PC\Desktop\seata v5.0\spring\target\test-classes\io\seata\spring\annotation\MethodDescTest$MockBusiness.class</Jar>
    <Jar>C:\Users\Subhodip_PC\Desktop\seata v5.0\spring\target\test-classes\io\seata\spring\annotation\MethodDescTest.class</Jar>
    <Jar>C:\Users\Subhodip_PC\Desktop\seata v5.0\spring\target\test-classes\io\seata\spring\tcc\LocalTccAction.class</Jar>
    <Jar>C:\Users\Subhodip_PC\Desktop\seata v5.0\spring\target\test-classes\io\seata\spring\tcc\LocalTccActionImpl.class</Jar>
    <Jar>C:\Users\Subhodip_PC\Desktop\seata v5.0\spring\target\test-classes\io\seata\spring\tcc\TccAction.class</Jar>
    <Jar>C:\Users\Subhodip_PC\Desktop\seata v5.0\spring\target\test-classes\io\seata\spring\tcc\TccActionImpl.class</Jar>
    <AuxClasspathEntry>C:/Users/Subhodip_PC/Desktop/seata v5.0/rm-datasource/target/classes</AuxClasspathEntry>
    <AuxClasspathEntry>C:/Users/Subhodip_PC/Desktop/seata v5.0/rm-datasource/target/test-classes</AuxClasspathEntry>
    <AuxClasspathEntry>C:/Users/Subhodip_PC/Desktop/seata v5.0/core/target/classes</AuxClasspathEntry>
    <AuxClasspathEntry>C:/Users/Subhodip_PC/Desktop/seata v5.0/core/target/test-classes</AuxClasspathEntry>
    <AuxClasspathEntry>C:/Users/Subhodip_PC/Desktop/seata v5.0/spring/target/classes</AuxClasspathEntry>
    <AuxClasspathEntry>C:/Users/Subhodip_PC/Desktop/seata v5.0/spring/target/test-classes</AuxClasspathEntry>
    <AuxClasspathEntry>C:/Users/Subhodip_PC/Desktop/seata v5.0/tm/target/classes</AuxClasspathEntry>
    <AuxClasspathEntry>C:/Users/Subhodip_PC/Desktop/seata v5.0/tm/target/test-classes</AuxClasspathEntry>
    <AuxClasspathEntry>C:/Users/Subhodip_PC/Desktop/seata v5.0/discovery/seata-discovery-core/target/classes</AuxClasspathEntry>
    <AuxClasspathEntry>C:/Users/Subhodip_PC/Desktop/seata v5.0/discovery/seata-discovery-core/target/test-classes</AuxClasspathEntry>
    <AuxClasspathEntry>C:/Users/Subhodip_PC/Desktop/seata v5.0/rm/target/classes</AuxClasspathEntry>
    <AuxClasspathEntry>C:/Users/Subhodip_PC/Desktop/seata v5.0/tcc/target/classes</AuxClasspathEntry>
    <AuxClasspathEntry>C:/Users/Subhodip_PC/Desktop/seata v5.0/tcc/target/test-classes</AuxClasspathEntry>
    <AuxClasspathEntry>C:/Users/Subhodip_PC/Desktop/seata v5.0/config/seata-config-core/target/classes</AuxClasspathEntry>
    <AuxClasspathEntry>C:/Users/Subhodip_PC/Desktop/seata v5.0/common/target/classes</AuxClasspathEntry>
    <AuxClasspathEntry>C:/Users/Subhodip_PC/Desktop/seata v5.0/common/target/test-classes</AuxClasspathEntry>
    <SrcDir>C:/Users/Subhodip_PC/Desktop/seata v5.0/spring/src/main/java</SrcDir>
    <SrcDir>C:/Users/Subhodip_PC/Desktop/seata v5.0/spring/src/test/java</SrcDir>
  </Project>
  <BugInstance type="ST_WRITE_TO_STATIC_FROM_INSTANCE_METHOD" priority="1" rank="15" abbrev="ST" category="STYLE" instanceHash="1ee89db67b46b65d6a296f8aa42e4916" instanceOccurrenceNum="0" instanceOccurrenceMax="0">
    <ShortMessage>Write to static field from instance method</ShortMessage>
    <LongMessage>Write to static field io.seata.spring.annotation.MethodDescTest.method from instance method new io.seata.spring.annotation.MethodDescTest()</LongMessage>
    <Class classname="io.seata.spring.annotation.MethodDescTest" primary="true">
      <SourceLine classname="io.seata.spring.annotation.MethodDescTest" sourcefile="MethodDescTest.java" sourcepath="io/seata/spring/annotation/MethodDescTest.java" relSourcepath="test\java\io\seata\spring\annotation\MethodDescTest.java">
        <Message>In MethodDescTest.java</Message>
      </SourceLine>
      <Message>In class io.seata.spring.annotation.MethodDescTest</Message>
    </Class>
    <Method classname="io.seata.spring.annotation.MethodDescTest" name="&lt;init&gt;" signature="()V" isStatic="false" primary="true">
      <SourceLine classname="io.seata.spring.annotation.MethodDescTest" start="37" end="40" startBytecode="0" endBytecode="91" sourcefile="MethodDescTest.java" sourcepath="io/seata/spring/annotation/MethodDescTest.java" relSourcepath="test\java\io\seata\spring\annotation\MethodDescTest.java"/>
      <Message>In method new io.seata.spring.annotation.MethodDescTest()</Message>
    </Method>
    <Field classname="io.seata.spring.annotation.MethodDescTest" name="method" signature="Ljava/lang/reflect/Method;" isStatic="true" primary="true">
      <SourceLine classname="io.seata.spring.annotation.MethodDescTest" sourcefile="MethodDescTest.java" sourcepath="io/seata/spring/annotation/MethodDescTest.java" relSourcepath="test\java\io\seata\spring\annotation\MethodDescTest.java">
        <Message>In MethodDescTest.java</Message>
      </SourceLine>
      <Message>Field io.seata.spring.annotation.MethodDescTest.method</Message>
    </Field>
    <SourceLine classname="io.seata.spring.annotation.MethodDescTest" primary="true" start="38" end="38" startBytecode="20" endBytecode="20" sourcefile="MethodDescTest.java" sourcepath="io/seata/spring/annotation/MethodDescTest.java" relSourcepath="test\java\io\seata\spring\annotation\MethodDescTest.java">
      <Message>At MethodDescTest.java:[line 38]</Message>
    </SourceLine>
    <SourceLine classname="io.seata.spring.annotation.MethodDescTest" primary="true" start="38" end="38" startBytecode="20" endBytecode="20" sourcefile="MethodDescTest.java" sourcepath="io/seata/spring/annotation/MethodDescTest.java" relSourcepath="test\java\io\seata\spring\annotation\MethodDescTest.java">
      <Message>At MethodDescTest.java:[line 38]</Message>
    </SourceLine>
  </BugInstance>
  <BugInstance type="ST_WRITE_TO_STATIC_FROM_INSTANCE_METHOD" priority="2" rank="17" abbrev="ST" category="STYLE" instanceHash="5cffd713a18c539d7c1d1eb0af4d42cd" instanceOccurrenceNum="0" instanceOccurrenceMax="0">
    <ShortMessage>Write to static field from instance method</ShortMessage>
    <LongMessage>Write to static field io.seata.spring.annotation.MethodDescTest.transactional from instance method new io.seata.spring.annotation.MethodDescTest()</LongMessage>
    <Class classname="io.seata.spring.annotation.MethodDescTest" primary="true">
      <SourceLine classname="io.seata.spring.annotation.MethodDescTest" sourcefile="MethodDescTest.java" sourcepath="io/seata/spring/annotation/MethodDescTest.java" relSourcepath="test\java\io\seata\spring\annotation\MethodDescTest.java">
        <Message>In MethodDescTest.java</Message>
      </SourceLine>
      <Message>In class io.seata.spring.annotation.MethodDescTest</Message>
    </Class>
    <Method classname="io.seata.spring.annotation.MethodDescTest" name="&lt;init&gt;" signature="()V" isStatic="false" primary="true">
      <SourceLine classname="io.seata.spring.annotation.MethodDescTest" start="37" end="40" startBytecode="0" endBytecode="91" sourcefile="MethodDescTest.java" sourcepath="io/seata/spring/annotation/MethodDescTest.java" relSourcepath="test\java\io\seata\spring\annotation\MethodDescTest.java"/>
      <Message>In method new io.seata.spring.annotation.MethodDescTest()</Message>
    </Method>
    <Field classname="io.seata.spring.annotation.MethodDescTest" name="transactional" signature="Lio/seata/spring/annotation/GlobalTransactional;" isStatic="true" primary="true">
      <SourceLine classname="io.seata.spring.annotation.MethodDescTest" sourcefile="MethodDescTest.java" sourcepath="io/seata/spring/annotation/MethodDescTest.java" relSourcepath="test\java\io\seata\spring\annotation\MethodDescTest.java">
        <Message>In MethodDescTest.java</Message>
      </SourceLine>
      <Message>Field io.seata.spring.annotation.MethodDescTest.transactional</Message>
    </Field>
    <SourceLine classname="io.seata.spring.annotation.MethodDescTest" primary="true" start="39" end="39" startBytecode="34" endBytecode="34" sourcefile="MethodDescTest.java" sourcepath="io/seata/spring/annotation/MethodDescTest.java" relSourcepath="test\java\io\seata\spring\annotation\MethodDescTest.java">
      <Message>At MethodDescTest.java:[line 39]</Message>
    </SourceLine>
    <SourceLine classname="io.seata.spring.annotation.MethodDescTest" primary="true" start="39" end="39" startBytecode="34" endBytecode="34" sourcefile="MethodDescTest.java" sourcepath="io/seata/spring/annotation/MethodDescTest.java" relSourcepath="test\java\io\seata\spring\annotation\MethodDescTest.java">
      <Message>At MethodDescTest.java:[line 39]</Message>
    </SourceLine>
  </BugInstance>
  <BugCategory category="STYLE">
    <Description>Dodgy code</Description>
  </BugCategory>
  <BugPattern type="ST_WRITE_TO_STATIC_FROM_INSTANCE_METHOD" abbrev="ST" category="STYLE">
    <ShortDescription>Write to static field from instance method</ShortDescription>
    <Details><![CDATA[

  <p> This instance method writes to a static field. This is tricky to get
correct if multiple instances are being manipulated,
and generally bad practice.
</p>

    ]]></Details>
  </BugPattern>
  <BugCode abbrev="ST">
    <Description>Misuse of static fields</Description>
  </BugCode>
  <Errors errors="0" missingClasses="0"></Errors>
  <FindBugsSummary timestamp="Fri, 19 Apr 2019 09:16:43 -0500" total_classes="22" referenced_classes="98" total_bugs="2" total_size="543" num_packages="3" java_version="1.8.0_152-release" vm_version="25.152-b28" cpu_seconds="32.20" clock_seconds="69.25" peak_mbytes="1872.06" alloc_mbytes="2320.00" gc_seconds="0.15" priority_2="1" priority_1="1">
    <FileStats path="io/seata/spring/annotation/Business.java" bugCount="0" size="2"/>
    <FileStats path="io/seata/spring/annotation/BusinessImpl.java" bugCount="0" size="9"/>
    <FileStats path="io/seata/spring/annotation/BusinessProxy.java" bugCount="0" size="20"/>
    <FileStats path="io/seata/spring/annotation/GlobalLock.java" bugCount="0" size="1"/>
    <FileStats path="io/seata/spring/annotation/GlobalTransactionScanner.java" bugCount="0" size="127"/>
    <FileStats path="io/seata/spring/annotation/GlobalTransactionScannerTest.java" bugCount="0" size="35"/>
    <FileStats path="io/seata/spring/annotation/GlobalTransactional.java" bugCount="0" size="7"/>
    <FileStats path="io/seata/spring/annotation/GlobalTransactionalInterceptor.java" bugCount="0" size="99"/>
    <FileStats path="io/seata/spring/annotation/MethodDesc.java" bugCount="0" size="18"/>
    <FileStats path="io/seata/spring/annotation/MethodDescTest.java" bugCount="2" size="42" bugHash="f0fdb8a4d9e10216746c77b3395b85ed"/>
    <FileStats path="io/seata/spring/tcc/LocalTccAction.java" bugCount="0" size="1"/>
    <FileStats path="io/seata/spring/tcc/LocalTccActionImpl.java" bugCount="0" size="3"/>
    <FileStats path="io/seata/spring/tcc/TccAction.java" bugCount="0" size="4"/>
    <FileStats path="io/seata/spring/tcc/TccActionImpl.java" bugCount="0" size="9"/>
    <FileStats path="io/seata/spring/tcc/TccActionInterceptor.java" bugCount="0" size="49"/>
    <FileStats path="io/seata/spring/util/SpringProxyUtils.java" bugCount="0" size="63"/>
    <FileStats path="io/seata/spring/util/TCCBeanParserUtils.java" bugCount="0" size="54"/>
    <PackageStats package="io.seata.spring.annotation" total_bugs="2" total_types="14" total_size="360" priority_2="1" priority_1="1">
      <ClassStats class="io.seata.spring.annotation.Business" sourceFile="Business.java" interface="true" size="2" bugs="0"/>
      <ClassStats class="io.seata.spring.annotation.BusinessImpl" sourceFile="BusinessImpl.java" interface="false" size="9" bugs="0"/>
      <ClassStats class="io.seata.spring.annotation.BusinessProxy" sourceFile="BusinessProxy.java" interface="false" size="20" bugs="0"/>
      <ClassStats class="io.seata.spring.annotation.GlobalLock" sourceFile="GlobalLock.java" interface="true" size="1" bugs="0"/>
      <ClassStats class="io.seata.spring.annotation.GlobalTransactionScanner" sourceFile="GlobalTransactionScanner.java" interface="false" size="127" bugs="0"/>
      <ClassStats class="io.seata.spring.annotation.GlobalTransactionScannerTest" sourceFile="GlobalTransactionScannerTest.java" interface="false" size="35" bugs="0"/>
      <ClassStats class="io.seata.spring.annotation.GlobalTransactional" sourceFile="GlobalTransactional.java" interface="true" size="7" bugs="0"/>
      <ClassStats class="io.seata.spring.annotation.GlobalTransactionalInterceptor" sourceFile="GlobalTransactionalInterceptor.java" interface="false" size="56" bugs="0"/>
      <ClassStats class="io.seata.spring.annotation.GlobalTransactionalInterceptor$1" sourceFile="GlobalTransactionalInterceptor.java" interface="false" size="11" bugs="0"/>
      <ClassStats class="io.seata.spring.annotation.GlobalTransactionalInterceptor$2" sourceFile="GlobalTransactionalInterceptor.java" interface="false" size="28" bugs="0"/>
      <ClassStats class="io.seata.spring.annotation.GlobalTransactionalInterceptor$3" sourceFile="GlobalTransactionalInterceptor.java" interface="false" size="4" bugs="0"/>
      <ClassStats class="io.seata.spring.annotation.MethodDesc" sourceFile="MethodDesc.java" interface="false" size="18" bugs="0"/>
      <ClassStats class="io.seata.spring.annotation.MethodDescTest" sourceFile="MethodDescTest.java" interface="false" size="37" bugs="2" priority_2="1" priority_1="1"/>
      <ClassStats class="io.seata.spring.annotation.MethodDescTest$MockBusiness" sourceFile="MethodDescTest.java" interface="false" size="5" bugs="0"/>
    </PackageStats>
    <PackageStats package="io.seata.spring.tcc" total_bugs="0" total_types="6" total_size="66">
      <ClassStats class="io.seata.spring.tcc.LocalTccAction" sourceFile="LocalTccAction.java" interface="true" size="1" bugs="0"/>
      <ClassStats class="io.seata.spring.tcc.LocalTccActionImpl" sourceFile="LocalTccActionImpl.java" interface="false" size="3" bugs="0"/>
      <ClassStats class="io.seata.spring.tcc.TccAction" sourceFile="TccAction.java" interface="true" size="4" bugs="0"/>
      <ClassStats class="io.seata.spring.tcc.TccActionImpl" sourceFile="TccActionImpl.java" interface="false" size="9" bugs="0"/>
      <ClassStats class="io.seata.spring.tcc.TccActionInterceptor" sourceFile="TccActionInterceptor.java" interface="false" size="42" bugs="0"/>
      <ClassStats class="io.seata.spring.tcc.TccActionInterceptor$1" sourceFile="TccActionInterceptor.java" interface="false" size="7" bugs="0"/>
    </PackageStats>
    <PackageStats package="io.seata.spring.util" total_bugs="0" total_types="2" total_size="117">
      <ClassStats class="io.seata.spring.util.SpringProxyUtils" sourceFile="SpringProxyUtils.java" interface="false" size="63" bugs="0"/>
      <ClassStats class="io.seata.spring.util.TCCBeanParserUtils" sourceFile="TCCBeanParserUtils.java" interface="false" size="54" bugs="0"/>
    </PackageStats>
    <FindBugsProfile>
      <ClassProfile name="edu.umd.cs.findbugs.classfile.engine.ClassDataAnalysisEngine" totalMilliseconds="255" invocations="676" avgMicrosecondsPerInvocation="377" maxMicrosecondsPerInvocation="1772" standardDeviationMircosecondsPerInvocation="137"/>
      <ClassProfile name="edu.umd.cs.findbugs.FindBugs2" totalMilliseconds="195" invocations="2" avgMicrosecondsPerInvocation="97515" maxMicrosecondsPerInvocation="187645" standardDeviationMircosecondsPerInvocation="90130"/>
      <ClassProfile name="edu.umd.cs.findbugs.classfile.engine.ClassInfoAnalysisEngine" totalMilliseconds="66" invocations="672" avgMicrosecondsPerInvocation="99" maxMicrosecondsPerInvocation="2355" standardDeviationMircosecondsPerInvocation="207"/>
      <ClassProfile name="edu.umd.cs.findbugs.detect.FieldItemSummary" totalMilliseconds="18" invocations="98" avgMicrosecondsPerInvocation="185" maxMicrosecondsPerInvocation="1730" standardDeviationMircosecondsPerInvocation="346"/>
    </FindBugsProfile>
  </FindBugsSummary>
  <ClassFeatures></ClassFeatures>
  <History></History>
</BugCollection>
