<?xml version="1.0" encoding="UTF-8"?>
<?xml-stylesheet type="text/xsl" href="http://findbugs.sourceforge.net/xsl/default.xsl"?>

<BugCollection version="3.0.1" sequence="0" timestamp="1555683419003" analysisTimestamp="1555683418778" release="">
  <Project projectName="seata-parent[seata-config-zk]">
    <Jar>C:\Users\Subhodip_PC\Desktop\seata v5.0\config\seata-config-zk\target\classes\io\seata\config\zk\ZookeeperConfiguration$1.class</Jar>
    <Jar>C:\Users\Subhodip_PC\Desktop\seata v5.0\config\seata-config-zk\target\classes\io\seata\config\zk\ZookeeperConfiguration$2.class</Jar>
    <Jar>C:\Users\Subhodip_PC\Desktop\seata v5.0\config\seata-config-zk\target\classes\io\seata\config\zk\ZookeeperConfiguration$3.class</Jar>
    <Jar>C:\Users\Subhodip_PC\Desktop\seata v5.0\config\seata-config-zk\target\classes\io\seata\config\zk\ZookeeperConfiguration.class</Jar>
    <Jar>C:\Users\Subhodip_PC\Desktop\seata v5.0\config\seata-config-zk\target\classes\io\seata\config\zk\ZookeeperConfigurationProvider.class</Jar>
    <AuxClasspathEntry>C:/Users/Subhodip_PC/Desktop/seata v5.0/config/seata-config-zk/target/classes</AuxClasspathEntry>
    <AuxClasspathEntry>C:/Users/Subhodip_PC/Desktop/seata v5.0/config/seata-config-core/target/classes</AuxClasspathEntry>
    <AuxClasspathEntry>C:/Users/Subhodip_PC/Desktop/seata v5.0/common/target/classes</AuxClasspathEntry>
    <AuxClasspathEntry>C:/Users/Subhodip_PC/Desktop/seata v5.0/common/target/test-classes</AuxClasspathEntry>
    <SrcDir>C:/Users/Subhodip_PC/Desktop/seata v5.0/config/seata-config-zk/src/main/java</SrcDir>
    <SrcDir>C:/Users/Subhodip_PC/Desktop/seata v5.0/config/seata-config-zk/src/main/resources</SrcDir>
  </Project>
  <Errors errors="0" missingClasses="0"></Errors>
  <FindBugsSummary timestamp="Fri, 19 Apr 2019 09:16:44 -0500" total_classes="5" referenced_classes="37" total_bugs="0" total_size="115" num_packages="1" java_version="1.8.0_152-release" vm_version="25.152-b28" cpu_seconds="15.14" clock_seconds="62.48" peak_mbytes="1872.06" alloc_mbytes="2320.00" gc_seconds="0.04">
    <FileStats path="io/seata/config/zk/ZookeeperConfiguration.java" bugCount="0" size="108"/>
    <FileStats path="io/seata/config/zk/ZookeeperConfigurationProvider.java" bugCount="0" size="7"/>
    <PackageStats package="io.seata.config.zk" total_bugs="0" total_types="5" total_size="115">
      <ClassStats class="io.seata.config.zk.ZookeeperConfiguration" sourceFile="ZookeeperConfiguration.java" interface="false" size="73" bugs="0"/>
      <ClassStats class="io.seata.config.zk.ZookeeperConfiguration$1" sourceFile="ZookeeperConfiguration.java" interface="false" size="13" bugs="0"/>
      <ClassStats class="io.seata.config.zk.ZookeeperConfiguration$2" sourceFile="ZookeeperConfiguration.java" interface="false" size="13" bugs="0"/>
      <ClassStats class="io.seata.config.zk.ZookeeperConfiguration$3" sourceFile="ZookeeperConfiguration.java" interface="false" size="9" bugs="0"/>
      <ClassStats class="io.seata.config.zk.ZookeeperConfigurationProvider" sourceFile="ZookeeperConfigurationProvider.java" interface="false" size="7" bugs="0"/>
    </PackageStats>
    <FindBugsProfile>
      <ClassProfile name="edu.umd.cs.findbugs.FindBugs2" totalMilliseconds="66" invocations="2" avgMicrosecondsPerInvocation="33462" maxMicrosecondsPerInvocation="62673" standardDeviationMircosecondsPerInvocation="29211"/>
      <ClassProfile name="edu.umd.cs.findbugs.classfile.engine.ClassDataAnalysisEngine" totalMilliseconds="51" invocations="376" avgMicrosecondsPerInvocation="137" maxMicrosecondsPerInvocation="1645" standardDeviationMircosecondsPerInvocation="88"/>
      <ClassProfile name="edu.umd.cs.findbugs.classfile.engine.ClassInfoAnalysisEngine" totalMilliseconds="43" invocations="373" avgMicrosecondsPerInvocation="117" maxMicrosecondsPerInvocation="2853" standardDeviationMircosecondsPerInvocation="250"/>
    </FindBugsProfile>
  </FindBugsSummary>
  <ClassFeatures></ClassFeatures>
  <History></History>
</BugCollection>
