<?xml version="1.0" encoding="UTF-8"?>
<?xml-stylesheet type="text/xsl" href="http://findbugs.sourceforge.net/xsl/default.xsl"?>

<BugCollection version="3.0.1" sequence="0" timestamp="1555683413411" analysisTimestamp="1555683412787" release="">
  <Project projectName="seata-parent[seata-tcc]">
    <Jar>C:\Users\Subhodip_PC\Desktop\seata v5.0\tcc\target\classes\io\seata\rm\tcc\api\BusinessActionContext.class</Jar>
    <Jar>C:\Users\Subhodip_PC\Desktop\seata v5.0\tcc\target\classes\io\seata\rm\tcc\api\BusinessActionContextParameter.class</Jar>
    <Jar>C:\Users\Subhodip_PC\Desktop\seata v5.0\tcc\target\classes\io\seata\rm\tcc\api\BusinessActivityContext.class</Jar>
    <Jar>C:\Users\Subhodip_PC\Desktop\seata v5.0\tcc\target\classes\io\seata\rm\tcc\api\LocalTCC.class</Jar>
    <Jar>C:\Users\Subhodip_PC\Desktop\seata v5.0\tcc\target\classes\io\seata\rm\tcc\api\TwoPhaseBusinessAction.class</Jar>
    <Jar>C:\Users\Subhodip_PC\Desktop\seata v5.0\tcc\target\classes\io\seata\rm\tcc\interceptor\ActionContextFilter.class</Jar>
    <Jar>C:\Users\Subhodip_PC\Desktop\seata v5.0\tcc\target\classes\io\seata\rm\tcc\interceptor\ActionContextUtil.class</Jar>
    <Jar>C:\Users\Subhodip_PC\Desktop\seata v5.0\tcc\target\classes\io\seata\rm\tcc\interceptor\ActionInterceptorHandler.class</Jar>
    <Jar>C:\Users\Subhodip_PC\Desktop\seata v5.0\tcc\target\classes\io\seata\rm\tcc\remoting\parser\AbstractedRemotingParser.class</Jar>
    <Jar>C:\Users\Subhodip_PC\Desktop\seata v5.0\tcc\target\classes\io\seata\rm\tcc\remoting\parser\DefaultRemotingParser$SingletonHolder.class</Jar>
    <Jar>C:\Users\Subhodip_PC\Desktop\seata v5.0\tcc\target\classes\io\seata\rm\tcc\remoting\parser\DefaultRemotingParser.class</Jar>
    <Jar>C:\Users\Subhodip_PC\Desktop\seata v5.0\tcc\target\classes\io\seata\rm\tcc\remoting\parser\DubboRemotingParser.class</Jar>
    <Jar>C:\Users\Subhodip_PC\Desktop\seata v5.0\tcc\target\classes\io\seata\rm\tcc\remoting\parser\DubboUtil.class</Jar>
    <Jar>C:\Users\Subhodip_PC\Desktop\seata v5.0\tcc\target\classes\io\seata\rm\tcc\remoting\parser\LocalTCCRemotingParser.class</Jar>
    <Jar>C:\Users\Subhodip_PC\Desktop\seata v5.0\tcc\target\classes\io\seata\rm\tcc\remoting\parser\SofaRpcRemotingParser.class</Jar>
    <Jar>C:\Users\Subhodip_PC\Desktop\seata v5.0\tcc\target\classes\io\seata\rm\tcc\remoting\Protocols.class</Jar>
    <Jar>C:\Users\Subhodip_PC\Desktop\seata v5.0\tcc\target\classes\io\seata\rm\tcc\remoting\RemotingDesc.class</Jar>
    <Jar>C:\Users\Subhodip_PC\Desktop\seata v5.0\tcc\target\classes\io\seata\rm\tcc\remoting\RemotingParser.class</Jar>
    <Jar>C:\Users\Subhodip_PC\Desktop\seata v5.0\tcc\target\classes\io\seata\rm\tcc\RMHandlerTCC.class</Jar>
    <Jar>C:\Users\Subhodip_PC\Desktop\seata v5.0\tcc\target\classes\io\seata\rm\tcc\TCCResource.class</Jar>
    <Jar>C:\Users\Subhodip_PC\Desktop\seata v5.0\tcc\target\classes\io\seata\rm\tcc\TCCResourceManager.class</Jar>
    <Jar>C:\Users\Subhodip_PC\Desktop\seata v5.0\tcc\target\classes\io\seata\rm\tcc\TwoPhaseResult.class</Jar>
    <Jar>C:\Users\Subhodip_PC\Desktop\seata v5.0\tcc\target\test-classes\io\seata\rm\tcc\interceptor\ActionInterceptorHandlerTest.class</Jar>
    <Jar>C:\Users\Subhodip_PC\Desktop\seata v5.0\tcc\target\test-classes\io\seata\rm\tcc\remoting\parser\LocalTCCRemotingParserTest.class</Jar>
    <Jar>C:\Users\Subhodip_PC\Desktop\seata v5.0\tcc\target\test-classes\io\seata\rm\tcc\TccAction.class</Jar>
    <Jar>C:\Users\Subhodip_PC\Desktop\seata v5.0\tcc\target\test-classes\io\seata\rm\tcc\TccActionImpl.class</Jar>
    <Jar>C:\Users\Subhodip_PC\Desktop\seata v5.0\tcc\target\test-classes\io\seata\rm\tcc\TccParam.class</Jar>
    <AuxClasspathEntry>C:/Users/Subhodip_PC/Desktop/seata v5.0/core/target/classes</AuxClasspathEntry>
    <AuxClasspathEntry>C:/Users/Subhodip_PC/Desktop/seata v5.0/core/target/test-classes</AuxClasspathEntry>
    <AuxClasspathEntry>C:/Users/Subhodip_PC/Desktop/seata v5.0/discovery/seata-discovery-core/target/classes</AuxClasspathEntry>
    <AuxClasspathEntry>C:/Users/Subhodip_PC/Desktop/seata v5.0/discovery/seata-discovery-core/target/test-classes</AuxClasspathEntry>
    <AuxClasspathEntry>C:/Users/Subhodip_PC/Desktop/seata v5.0/tcc/target/classes</AuxClasspathEntry>
    <AuxClasspathEntry>C:/Users/Subhodip_PC/Desktop/seata v5.0/tcc/target/test-classes</AuxClasspathEntry>
    <AuxClasspathEntry>C:/Users/Subhodip_PC/Desktop/seata v5.0/rm/target/classes</AuxClasspathEntry>
    <AuxClasspathEntry>C:/Users/Subhodip_PC/Desktop/seata v5.0/config/seata-config-core/target/classes</AuxClasspathEntry>
    <AuxClasspathEntry>C:/Users/Subhodip_PC/Desktop/seata v5.0/common/target/classes</AuxClasspathEntry>
    <AuxClasspathEntry>C:/Users/Subhodip_PC/Desktop/seata v5.0/common/target/test-classes</AuxClasspathEntry>
    <SrcDir>C:/Users/Subhodip_PC/Desktop/seata v5.0/tcc/src/main/java</SrcDir>
    <SrcDir>C:/Users/Subhodip_PC/Desktop/seata v5.0/tcc/src/main/resources</SrcDir>
    <SrcDir>C:/Users/Subhodip_PC/Desktop/seata v5.0/tcc/src/test/java</SrcDir>
  </Project>
  <BugInstance type="NP_NULL_ON_SOME_PATH" priority="2" rank="8" abbrev="NP" category="CORRECTNESS" instanceHash="d1f5789e6f93a3bc7e4a27e4f9c98623" instanceOccurrenceNum="0" instanceOccurrenceMax="0" cweid="476">
    <ShortMessage>Possible null pointer dereference</ShortMessage>
    <LongMessage>Possible null pointer dereference of ret in io.seata.rm.tcc.TCCResourceManager.branchCommit(BranchType, String, long, String, String)</LongMessage>
    <Class classname="io.seata.rm.tcc.TCCResourceManager" primary="true">
      <SourceLine classname="io.seata.rm.tcc.TCCResourceManager" sourcefile="TCCResourceManager.java" sourcepath="io/seata/rm/tcc/TCCResourceManager.java" relSourcepath="main\java\io\seata\rm\tcc\TCCResourceManager.java">
        <Message>In TCCResourceManager.java</Message>
      </SourceLine>
      <Message>In class io.seata.rm.tcc.TCCResourceManager</Message>
    </Class>
    <Method classname="io.seata.rm.tcc.TCCResourceManager" name="branchCommit" signature="(Lio/seata/core/model/BranchType;Ljava/lang/String;JLjava/lang/String;Ljava/lang/String;)Lio/seata/core/model/BranchStatus;" isStatic="false" primary="true">
      <SourceLine classname="io.seata.rm.tcc.TCCResourceManager" start="82" end="106" startBytecode="0" endBytecode="613" sourcefile="TCCResourceManager.java" sourcepath="io/seata/rm/tcc/TCCResourceManager.java" relSourcepath="main\java\io\seata\rm\tcc\TCCResourceManager.java"/>
      <Message>In method io.seata.rm.tcc.TCCResourceManager.branchCommit(BranchType, String, long, String, String)</Message>
    </Method>
    <LocalVariable name="ret" register="12" pc="218" role="LOCAL_VARIABLE_VALUE_OF">
      <Message>Value loaded from ret</Message>
    </LocalVariable>
    <SourceLine classname="io.seata.rm.tcc.TCCResourceManager" primary="true" start="100" end="100" startBytecode="221" endBytecode="221" sourcefile="TCCResourceManager.java" sourcepath="io/seata/rm/tcc/TCCResourceManager.java" relSourcepath="main\java\io\seata\rm\tcc\TCCResourceManager.java" role="SOURCE_LINE_DEREF">
      <Message>Dereferenced at TCCResourceManager.java:[line 100]</Message>
    </SourceLine>
    <SourceLine classname="io.seata.rm.tcc.TCCResourceManager" start="97" end="97" startBytecode="192" endBytecode="192" sourcefile="TCCResourceManager.java" sourcepath="io/seata/rm/tcc/TCCResourceManager.java" relSourcepath="main\java\io\seata\rm\tcc\TCCResourceManager.java" role="SOURCE_LINE_KNOWN_NULL">
      <Message>Known null at TCCResourceManager.java:[line 97]</Message>
    </SourceLine>
  </BugInstance>
  <BugInstance type="NP_NULL_ON_SOME_PATH" priority="2" rank="8" abbrev="NP" category="CORRECTNESS" instanceHash="5ec1cf409208e47b22e18a2a1cbf9df9" instanceOccurrenceNum="0" instanceOccurrenceMax="0" cweid="476">
    <ShortMessage>Possible null pointer dereference</ShortMessage>
    <LongMessage>Possible null pointer dereference of ret in io.seata.rm.tcc.TCCResourceManager.branchRollback(BranchType, String, long, String, String)</LongMessage>
    <Class classname="io.seata.rm.tcc.TCCResourceManager" primary="true">
      <SourceLine classname="io.seata.rm.tcc.TCCResourceManager" sourcefile="TCCResourceManager.java" sourcepath="io/seata/rm/tcc/TCCResourceManager.java" relSourcepath="main\java\io\seata\rm\tcc\TCCResourceManager.java">
        <Message>In TCCResourceManager.java</Message>
      </SourceLine>
      <Message>In class io.seata.rm.tcc.TCCResourceManager</Message>
    </Class>
    <Method classname="io.seata.rm.tcc.TCCResourceManager" name="branchRollback" signature="(Lio/seata/core/model/BranchType;Ljava/lang/String;JLjava/lang/String;Ljava/lang/String;)Lio/seata/core/model/BranchStatus;" isStatic="false" primary="true">
      <SourceLine classname="io.seata.rm.tcc.TCCResourceManager" start="122" end="146" startBytecode="0" endBytecode="613" sourcefile="TCCResourceManager.java" sourcepath="io/seata/rm/tcc/TCCResourceManager.java" relSourcepath="main\java\io\seata\rm\tcc\TCCResourceManager.java"/>
      <Message>In method io.seata.rm.tcc.TCCResourceManager.branchRollback(BranchType, String, long, String, String)</Message>
    </Method>
    <LocalVariable name="ret" register="12" pc="218" role="LOCAL_VARIABLE_VALUE_OF">
      <Message>Value loaded from ret</Message>
    </LocalVariable>
    <SourceLine classname="io.seata.rm.tcc.TCCResourceManager" primary="true" start="140" end="140" startBytecode="221" endBytecode="221" sourcefile="TCCResourceManager.java" sourcepath="io/seata/rm/tcc/TCCResourceManager.java" relSourcepath="main\java\io\seata\rm\tcc\TCCResourceManager.java" role="SOURCE_LINE_DEREF">
      <Message>Dereferenced at TCCResourceManager.java:[line 140]</Message>
    </SourceLine>
    <SourceLine classname="io.seata.rm.tcc.TCCResourceManager" start="137" end="137" startBytecode="192" endBytecode="192" sourcefile="TCCResourceManager.java" sourcepath="io/seata/rm/tcc/TCCResourceManager.java" relSourcepath="main\java\io\seata\rm\tcc\TCCResourceManager.java" role="SOURCE_LINE_KNOWN_NULL">
      <Message>Known null at TCCResourceManager.java:[line 137]</Message>
    </SourceLine>
  </BugInstance>
  <BugInstance type="DM_BOXED_PRIMITIVE_FOR_PARSING" priority="1" rank="16" abbrev="Bx" category="PERFORMANCE" instanceHash="de07e5105cbf7e2918fc3fbfa5c2adb" instanceOccurrenceNum="0" instanceOccurrenceMax="0">
    <ShortMessage>Boxing/unboxing to parse a primitive</ShortMessage>
    <LongMessage>Boxing/unboxing to parse a primitive io.seata.rm.tcc.api.BusinessActionContext.getBranchId()</LongMessage>
    <Class classname="io.seata.rm.tcc.api.BusinessActionContext" primary="true">
      <SourceLine classname="io.seata.rm.tcc.api.BusinessActionContext" sourcefile="BusinessActionContext.java" sourcepath="io/seata/rm/tcc/api/BusinessActionContext.java" relSourcepath="main\java\io\seata\rm\tcc\api\BusinessActionContext.java">
        <Message>In BusinessActionContext.java</Message>
      </SourceLine>
      <Message>In class io.seata.rm.tcc.api.BusinessActionContext</Message>
    </Class>
    <Method classname="io.seata.rm.tcc.api.BusinessActionContext" name="getBranchId" signature="()J" isStatic="false" primary="true">
      <SourceLine classname="io.seata.rm.tcc.api.BusinessActionContext" start="72" end="72" startBytecode="0" endBytecode="76" sourcefile="BusinessActionContext.java" sourcepath="io/seata/rm/tcc/api/BusinessActionContext.java" relSourcepath="main\java\io\seata\rm\tcc\api\BusinessActionContext.java"/>
      <Message>In method io.seata.rm.tcc.api.BusinessActionContext.getBranchId()</Message>
    </Method>
    <Method classname="java.lang.Long" name="longValue" signature="()J" isStatic="false" role="METHOD_CALLED">
      <SourceLine classname="java.lang.Long" start="1000" end="1000" startBytecode="0" endBytecode="28" sourcefile="Long.java" sourcepath="java/lang/Long.java"/>
      <Message>Called method Long.longValue()</Message>
    </Method>
    <Method classname="java.lang.Long" name="parseLong" signature="(Ljava/lang/String;)J" isStatic="true" role="SHOULD_CALL">
      <Message>Should call Long.parseLong(String) instead</Message>
    </Method>
    <SourceLine classname="io.seata.rm.tcc.api.BusinessActionContext" primary="true" start="72" end="72" startBytecode="14" endBytecode="14" sourcefile="BusinessActionContext.java" sourcepath="io/seata/rm/tcc/api/BusinessActionContext.java" relSourcepath="main\java\io\seata\rm\tcc\api\BusinessActionContext.java">
      <Message>At BusinessActionContext.java:[line 72]</Message>
    </SourceLine>
    <SourceLine classname="io.seata.rm.tcc.api.BusinessActionContext" primary="true" start="72" end="72" startBytecode="14" endBytecode="14" sourcefile="BusinessActionContext.java" sourcepath="io/seata/rm/tcc/api/BusinessActionContext.java" relSourcepath="main\java\io\seata\rm\tcc\api\BusinessActionContext.java">
      <Message>At BusinessActionContext.java:[line 72]</Message>
    </SourceLine>
  </BugInstance>
  <BugInstance type="MS_SHOULD_BE_FINAL" priority="1" rank="16" abbrev="MS" category="MALICIOUS_CODE" instanceHash="66736a0677ab354526e6165c43eddfd6" instanceOccurrenceNum="0" instanceOccurrenceMax="0" cweid="218">
    <ShortMessage>Field isn&apos;t final but should be</ShortMessage>
    <LongMessage>io.seata.rm.tcc.remoting.Protocols.DUBBO isn&apos;t final but should be</LongMessage>
    <Class classname="io.seata.rm.tcc.remoting.Protocols" primary="true">
      <SourceLine classname="io.seata.rm.tcc.remoting.Protocols" sourcefile="Protocols.java" sourcepath="io/seata/rm/tcc/remoting/Protocols.java" relSourcepath="main\java\io\seata\rm\tcc\remoting\Protocols.java">
        <Message>In Protocols.java</Message>
      </SourceLine>
      <Message>In class io.seata.rm.tcc.remoting.Protocols</Message>
    </Class>
    <Field classname="io.seata.rm.tcc.remoting.Protocols" name="DUBBO" signature="S" isStatic="true" primary="true">
      <SourceLine classname="io.seata.rm.tcc.remoting.Protocols" sourcefile="Protocols.java" sourcepath="io/seata/rm/tcc/remoting/Protocols.java" relSourcepath="main\java\io\seata\rm\tcc\remoting\Protocols.java">
        <Message>In Protocols.java</Message>
      </SourceLine>
      <Message>Field io.seata.rm.tcc.remoting.Protocols.DUBBO</Message>
    </Field>
    <SourceLine classname="io.seata.rm.tcc.remoting.Protocols" primary="true" start="36" end="36" startBytecode="5" endBytecode="5" sourcefile="Protocols.java" sourcepath="io/seata/rm/tcc/remoting/Protocols.java" relSourcepath="main\java\io\seata\rm\tcc\remoting\Protocols.java">
      <Message>At Protocols.java:[line 36]</Message>
    </SourceLine>
  </BugInstance>
  <BugInstance type="MS_SHOULD_BE_FINAL" priority="1" rank="16" abbrev="MS" category="MALICIOUS_CODE" instanceHash="df478d7c20fa2cc65ae6369a4cfcfce6" instanceOccurrenceNum="0" instanceOccurrenceMax="0" cweid="218">
    <ShortMessage>Field isn&apos;t final but should be</ShortMessage>
    <LongMessage>io.seata.rm.tcc.remoting.Protocols.IN_JVM isn&apos;t final but should be</LongMessage>
    <Class classname="io.seata.rm.tcc.remoting.Protocols" primary="true">
      <SourceLine classname="io.seata.rm.tcc.remoting.Protocols" sourcefile="Protocols.java" sourcepath="io/seata/rm/tcc/remoting/Protocols.java" relSourcepath="main\java\io\seata\rm\tcc\remoting\Protocols.java">
        <Message>In Protocols.java</Message>
      </SourceLine>
      <Message>In class io.seata.rm.tcc.remoting.Protocols</Message>
    </Class>
    <Field classname="io.seata.rm.tcc.remoting.Protocols" name="IN_JVM" signature="S" isStatic="true" primary="true">
      <SourceLine classname="io.seata.rm.tcc.remoting.Protocols" sourcefile="Protocols.java" sourcepath="io/seata/rm/tcc/remoting/Protocols.java" relSourcepath="main\java\io\seata\rm\tcc\remoting\Protocols.java">
        <Message>In Protocols.java</Message>
      </SourceLine>
      <Message>Field io.seata.rm.tcc.remoting.Protocols.IN_JVM</Message>
    </Field>
    <SourceLine classname="io.seata.rm.tcc.remoting.Protocols" primary="true" start="46" end="46" startBytecode="13" endBytecode="13" sourcefile="Protocols.java" sourcepath="io/seata/rm/tcc/remoting/Protocols.java" relSourcepath="main\java\io\seata\rm\tcc\remoting\Protocols.java">
      <Message>At Protocols.java:[line 46]</Message>
    </SourceLine>
  </BugInstance>
  <BugInstance type="MS_SHOULD_BE_FINAL" priority="1" rank="16" abbrev="MS" category="MALICIOUS_CODE" instanceHash="8562aefecae575ce8c7e35c5b7134089" instanceOccurrenceNum="0" instanceOccurrenceMax="0" cweid="218">
    <ShortMessage>Field isn&apos;t final but should be</ShortMessage>
    <LongMessage>io.seata.rm.tcc.remoting.Protocols.SOFA_RPC isn&apos;t final but should be</LongMessage>
    <Class classname="io.seata.rm.tcc.remoting.Protocols" primary="true">
      <SourceLine classname="io.seata.rm.tcc.remoting.Protocols" sourcefile="Protocols.java" sourcepath="io/seata/rm/tcc/remoting/Protocols.java" relSourcepath="main\java\io\seata\rm\tcc\remoting\Protocols.java">
        <Message>In Protocols.java</Message>
      </SourceLine>
      <Message>In class io.seata.rm.tcc.remoting.Protocols</Message>
    </Class>
    <Field classname="io.seata.rm.tcc.remoting.Protocols" name="SOFA_RPC" signature="S" isStatic="true" primary="true">
      <SourceLine classname="io.seata.rm.tcc.remoting.Protocols" sourcefile="Protocols.java" sourcepath="io/seata/rm/tcc/remoting/Protocols.java" relSourcepath="main\java\io\seata\rm\tcc\remoting\Protocols.java">
        <Message>In Protocols.java</Message>
      </SourceLine>
      <Message>Field io.seata.rm.tcc.remoting.Protocols.SOFA_RPC</Message>
    </Field>
    <SourceLine classname="io.seata.rm.tcc.remoting.Protocols" primary="true" start="31" end="31" startBytecode="1" endBytecode="1" sourcefile="Protocols.java" sourcepath="io/seata/rm/tcc/remoting/Protocols.java" relSourcepath="main\java\io\seata\rm\tcc\remoting\Protocols.java">
      <Message>At Protocols.java:[line 31]</Message>
    </SourceLine>
  </BugInstance>
  <BugInstance type="MS_SHOULD_BE_FINAL" priority="1" rank="16" abbrev="MS" category="MALICIOUS_CODE" instanceHash="59ffa56add02ba606dceb01d72fedcb3" instanceOccurrenceNum="0" instanceOccurrenceMax="0" cweid="218">
    <ShortMessage>Field isn&apos;t final but should be</ShortMessage>
    <LongMessage>io.seata.rm.tcc.remoting.parser.DefaultRemotingParser.allRemotingParsers isn&apos;t final but should be</LongMessage>
    <Class classname="io.seata.rm.tcc.remoting.parser.DefaultRemotingParser" primary="true">
      <SourceLine classname="io.seata.rm.tcc.remoting.parser.DefaultRemotingParser" sourcefile="DefaultRemotingParser.java" sourcepath="io/seata/rm/tcc/remoting/parser/DefaultRemotingParser.java" relSourcepath="main\java\io\seata\rm\tcc\remoting\parser\DefaultRemotingParser.java">
        <Message>In DefaultRemotingParser.java</Message>
      </SourceLine>
      <Message>In class io.seata.rm.tcc.remoting.parser.DefaultRemotingParser</Message>
    </Class>
    <Field classname="io.seata.rm.tcc.remoting.parser.DefaultRemotingParser" name="allRemotingParsers" signature="Ljava/util/List;" isStatic="true" primary="true">
      <SourceLine classname="io.seata.rm.tcc.remoting.parser.DefaultRemotingParser" sourcefile="DefaultRemotingParser.java" sourcepath="io/seata/rm/tcc/remoting/parser/DefaultRemotingParser.java" relSourcepath="main\java\io\seata\rm\tcc\remoting\parser\DefaultRemotingParser.java">
        <Message>In DefaultRemotingParser.java</Message>
      </SourceLine>
      <Message>Field io.seata.rm.tcc.remoting.parser.DefaultRemotingParser.allRemotingParsers</Message>
    </Field>
    <SourceLine classname="io.seata.rm.tcc.remoting.parser.DefaultRemotingParser" primary="true" start="44" end="44" startBytecode="7" endBytecode="7" sourcefile="DefaultRemotingParser.java" sourcepath="io/seata/rm/tcc/remoting/parser/DefaultRemotingParser.java" relSourcepath="main\java\io\seata\rm\tcc\remoting\parser\DefaultRemotingParser.java">
      <Message>At DefaultRemotingParser.java:[line 44]</Message>
    </SourceLine>
  </BugInstance>
  <BugInstance type="MS_SHOULD_BE_FINAL" priority="1" rank="16" abbrev="MS" category="MALICIOUS_CODE" instanceHash="c5dedfc9f4098d799588443bd210d30" instanceOccurrenceNum="0" instanceOccurrenceMax="0" cweid="218">
    <ShortMessage>Field isn&apos;t final but should be</ShortMessage>
    <LongMessage>io.seata.rm.tcc.remoting.parser.DefaultRemotingParser.remotingServiceMap isn&apos;t final but should be</LongMessage>
    <Class classname="io.seata.rm.tcc.remoting.parser.DefaultRemotingParser" primary="true">
      <SourceLine classname="io.seata.rm.tcc.remoting.parser.DefaultRemotingParser" sourcefile="DefaultRemotingParser.java" sourcepath="io/seata/rm/tcc/remoting/parser/DefaultRemotingParser.java" relSourcepath="main\java\io\seata\rm\tcc\remoting\parser\DefaultRemotingParser.java">
        <Message>In DefaultRemotingParser.java</Message>
      </SourceLine>
      <Message>In class io.seata.rm.tcc.remoting.parser.DefaultRemotingParser</Message>
    </Class>
    <Field classname="io.seata.rm.tcc.remoting.parser.DefaultRemotingParser" name="remotingServiceMap" signature="Ljava/util/Map;" isStatic="true" primary="true">
      <SourceLine classname="io.seata.rm.tcc.remoting.parser.DefaultRemotingParser" sourcefile="DefaultRemotingParser.java" sourcepath="io/seata/rm/tcc/remoting/parser/DefaultRemotingParser.java" relSourcepath="main\java\io\seata\rm\tcc\remoting\parser\DefaultRemotingParser.java">
        <Message>In DefaultRemotingParser.java</Message>
      </SourceLine>
      <Message>Field io.seata.rm.tcc.remoting.parser.DefaultRemotingParser.remotingServiceMap</Message>
    </Field>
    <SourceLine classname="io.seata.rm.tcc.remoting.parser.DefaultRemotingParser" primary="true" start="49" end="49" startBytecode="17" endBytecode="17" sourcefile="DefaultRemotingParser.java" sourcepath="io/seata/rm/tcc/remoting/parser/DefaultRemotingParser.java" relSourcepath="main\java\io\seata\rm\tcc\remoting\parser\DefaultRemotingParser.java">
      <Message>At DefaultRemotingParser.java:[line 49]</Message>
    </SourceLine>
  </BugInstance>
  <BugCategory category="MALICIOUS_CODE">
    <Description>Malicious code vulnerability</Description>
  </BugCategory>
  <BugCategory category="CORRECTNESS">
    <Description>Correctness</Description>
  </BugCategory>
  <BugCategory category="PERFORMANCE">
    <Description>Performance</Description>
  </BugCategory>
  <BugPattern type="NP_NULL_ON_SOME_PATH" abbrev="NP" category="CORRECTNESS">
    <ShortDescription>Possible null pointer dereference</ShortDescription>
    <Details><![CDATA[

<p> There is a branch of statement that, <em>if executed,</em>  guarantees that
a null value will be dereferenced, which
would generate a <code>NullPointerException</code> when the code is executed.
Of course, the problem might be that the branch or statement is infeasible and that
the null pointer exception can't ever be executed; deciding that is beyond the ability of FindBugs.
</p>

    ]]></Details>
  </BugPattern>
  <BugPattern type="MS_SHOULD_BE_FINAL" abbrev="MS" category="MALICIOUS_CODE">
    <ShortDescription>Field isn&apos;t final but should be</ShortDescription>
    <Details><![CDATA[

   <p>
This static field public but not final, and
could be changed by malicious code or
        by accident from another package.
        The field could be made final to avoid
        this vulnerability.</p>

    ]]></Details>
  </BugPattern>
  <BugPattern type="DM_BOXED_PRIMITIVE_FOR_PARSING" abbrev="Bx" category="PERFORMANCE">
    <ShortDescription>Boxing/unboxing to parse a primitive</ShortDescription>
    <Details><![CDATA[

  <p>A boxed primitive is created from a String, just to extract the unboxed primitive value.
  It is more efficient to just call the static parseXXX method.</p>

    ]]></Details>
  </BugPattern>
  <BugCode abbrev="NP" cweid="476">
    <Description>Null pointer dereference</Description>
  </BugCode>
  <BugCode abbrev="Bx">
    <Description>Questionable Boxing of primitive value</Description>
  </BugCode>
  <BugCode abbrev="MS" cweid="218">
    <Description>Mutable static field</Description>
  </BugCode>
  <Errors errors="0" missingClasses="0"></Errors>
  <FindBugsSummary timestamp="Fri, 19 Apr 2019 09:16:38 -0500" total_classes="27" referenced_classes="105" total_bugs="8" total_size="710" num_packages="5" java_version="1.8.0_152-release" vm_version="25.152-b28" cpu_seconds="31.62" clock_seconds="69.08" peak_mbytes="1872.11" alloc_mbytes="2320.00" gc_seconds="0.13" priority_2="2" priority_1="6">
    <FileStats path="io/seata/rm/tcc/RMHandlerTCC.java" bugCount="0" size="7"/>
    <FileStats path="io/seata/rm/tcc/TCCResource.java" bugCount="0" size="68"/>
    <FileStats path="io/seata/rm/tcc/TCCResourceManager.java" bugCount="2" size="62" bugHash="2efd3faa8de4428917000337fa3f3148"/>
    <FileStats path="io/seata/rm/tcc/TccAction.java" bugCount="0" size="4"/>
    <FileStats path="io/seata/rm/tcc/TccActionImpl.java" bugCount="0" size="9"/>
    <FileStats path="io/seata/rm/tcc/TccParam.java" bugCount="0" size="13"/>
    <FileStats path="io/seata/rm/tcc/TwoPhaseResult.java" bugCount="0" size="27"/>
    <FileStats path="io/seata/rm/tcc/api/BusinessActionContext.java" bugCount="1" size="47" bugHash="65922ae882e71c7a89208e8a75e676b4"/>
    <FileStats path="io/seata/rm/tcc/api/BusinessActionContextParameter.java" bugCount="0" size="5"/>
    <FileStats path="io/seata/rm/tcc/api/BusinessActivityContext.java" bugCount="0" size="25"/>
    <FileStats path="io/seata/rm/tcc/api/LocalTCC.java" bugCount="0" size="1"/>
    <FileStats path="io/seata/rm/tcc/api/TwoPhaseBusinessAction.java" bugCount="0" size="4"/>
    <FileStats path="io/seata/rm/tcc/interceptor/ActionContextFilter.java" bugCount="0" size="2"/>
    <FileStats path="io/seata/rm/tcc/interceptor/ActionContextUtil.java" bugCount="0" size="40"/>
    <FileStats path="io/seata/rm/tcc/interceptor/ActionInterceptorHandler.java" bugCount="0" size="77"/>
    <FileStats path="io/seata/rm/tcc/interceptor/ActionInterceptorHandlerTest.java" bugCount="0" size="17"/>
    <FileStats path="io/seata/rm/tcc/remoting/Protocols.java" bugCount="3" size="14" bugHash="4868f177860dfe01a8d61947ea3ef971"/>
    <FileStats path="io/seata/rm/tcc/remoting/RemotingDesc.java" bugCount="0" size="46"/>
    <FileStats path="io/seata/rm/tcc/remoting/RemotingParser.java" bugCount="0" size="6"/>
    <FileStats path="io/seata/rm/tcc/remoting/parser/AbstractedRemotingParser.java" bugCount="0" size="5"/>
    <FileStats path="io/seata/rm/tcc/remoting/parser/DefaultRemotingParser.java" bugCount="2" size="83" bugHash="db8b424d5200206ce17c44caaca7d0d3"/>
    <FileStats path="io/seata/rm/tcc/remoting/parser/DubboRemotingParser.java" bugCount="0" size="36"/>
    <FileStats path="io/seata/rm/tcc/remoting/parser/DubboUtil.java" bugCount="0" size="20"/>
    <FileStats path="io/seata/rm/tcc/remoting/parser/LocalTCCRemotingParser.java" bugCount="0" size="37"/>
    <FileStats path="io/seata/rm/tcc/remoting/parser/LocalTCCRemotingParserTest.java" bugCount="0" size="23"/>
    <FileStats path="io/seata/rm/tcc/remoting/parser/SofaRpcRemotingParser.java" bugCount="0" size="32"/>
    <PackageStats package="io.seata.rm.tcc" total_bugs="2" total_types="7" total_size="190" priority_2="2">
      <ClassStats class="io.seata.rm.tcc.RMHandlerTCC" sourceFile="RMHandlerTCC.java" interface="false" size="7" bugs="0"/>
      <ClassStats class="io.seata.rm.tcc.TCCResource" sourceFile="TCCResource.java" interface="false" size="68" bugs="0"/>
      <ClassStats class="io.seata.rm.tcc.TCCResourceManager" sourceFile="TCCResourceManager.java" interface="false" size="62" bugs="2" priority_2="2"/>
      <ClassStats class="io.seata.rm.tcc.TccAction" sourceFile="TccAction.java" interface="true" size="4" bugs="0"/>
      <ClassStats class="io.seata.rm.tcc.TccActionImpl" sourceFile="TccActionImpl.java" interface="false" size="9" bugs="0"/>
      <ClassStats class="io.seata.rm.tcc.TccParam" sourceFile="TccParam.java" interface="false" size="13" bugs="0"/>
      <ClassStats class="io.seata.rm.tcc.TwoPhaseResult" sourceFile="TwoPhaseResult.java" interface="false" size="27" bugs="0"/>
    </PackageStats>
    <PackageStats package="io.seata.rm.tcc.api" total_bugs="1" total_types="5" total_size="82" priority_1="1">
      <ClassStats class="io.seata.rm.tcc.api.BusinessActionContext" sourceFile="BusinessActionContext.java" interface="false" size="47" bugs="1" priority_1="1"/>
      <ClassStats class="io.seata.rm.tcc.api.BusinessActionContextParameter" sourceFile="BusinessActionContextParameter.java" interface="true" size="5" bugs="0"/>
      <ClassStats class="io.seata.rm.tcc.api.BusinessActivityContext" sourceFile="BusinessActivityContext.java" interface="false" size="25" bugs="0"/>
      <ClassStats class="io.seata.rm.tcc.api.LocalTCC" sourceFile="LocalTCC.java" interface="true" size="1" bugs="0"/>
      <ClassStats class="io.seata.rm.tcc.api.TwoPhaseBusinessAction" sourceFile="TwoPhaseBusinessAction.java" interface="true" size="4" bugs="0"/>
    </PackageStats>
    <PackageStats package="io.seata.rm.tcc.interceptor" total_bugs="0" total_types="4" total_size="136">
      <ClassStats class="io.seata.rm.tcc.interceptor.ActionContextFilter" sourceFile="ActionContextFilter.java" interface="true" size="2" bugs="0"/>
      <ClassStats class="io.seata.rm.tcc.interceptor.ActionContextUtil" sourceFile="ActionContextUtil.java" interface="false" size="40" bugs="0"/>
      <ClassStats class="io.seata.rm.tcc.interceptor.ActionInterceptorHandler" sourceFile="ActionInterceptorHandler.java" interface="false" size="77" bugs="0"/>
      <ClassStats class="io.seata.rm.tcc.interceptor.ActionInterceptorHandlerTest" sourceFile="ActionInterceptorHandlerTest.java" interface="false" size="17" bugs="0"/>
    </PackageStats>
    <PackageStats package="io.seata.rm.tcc.remoting" total_bugs="3" total_types="3" total_size="66" priority_1="3">
      <ClassStats class="io.seata.rm.tcc.remoting.Protocols" sourceFile="Protocols.java" interface="false" size="14" bugs="3" priority_1="3"/>
      <ClassStats class="io.seata.rm.tcc.remoting.RemotingDesc" sourceFile="RemotingDesc.java" interface="false" size="46" bugs="0"/>
      <ClassStats class="io.seata.rm.tcc.remoting.RemotingParser" sourceFile="RemotingParser.java" interface="true" size="6" bugs="0"/>
    </PackageStats>
    <PackageStats package="io.seata.rm.tcc.remoting.parser" total_bugs="2" total_types="8" total_size="236" priority_1="2">
      <ClassStats class="io.seata.rm.tcc.remoting.parser.AbstractedRemotingParser" sourceFile="AbstractedRemotingParser.java" interface="false" size="5" bugs="0"/>
      <ClassStats class="io.seata.rm.tcc.remoting.parser.DefaultRemotingParser" sourceFile="DefaultRemotingParser.java" interface="false" size="76" bugs="2" priority_1="2"/>
      <ClassStats class="io.seata.rm.tcc.remoting.parser.DefaultRemotingParser$SingletonHolder" sourceFile="DefaultRemotingParser.java" interface="false" size="7" bugs="0"/>
      <ClassStats class="io.seata.rm.tcc.remoting.parser.DubboRemotingParser" sourceFile="DubboRemotingParser.java" interface="false" size="36" bugs="0"/>
      <ClassStats class="io.seata.rm.tcc.remoting.parser.DubboUtil" sourceFile="DubboUtil.java" interface="false" size="20" bugs="0"/>
      <ClassStats class="io.seata.rm.tcc.remoting.parser.LocalTCCRemotingParser" sourceFile="LocalTCCRemotingParser.java" interface="false" size="37" bugs="0"/>
      <ClassStats class="io.seata.rm.tcc.remoting.parser.LocalTCCRemotingParserTest" sourceFile="LocalTCCRemotingParserTest.java" interface="false" size="23" bugs="0"/>
      <ClassStats class="io.seata.rm.tcc.remoting.parser.SofaRpcRemotingParser" sourceFile="SofaRpcRemotingParser.java" interface="false" size="32" bugs="0"/>
    </PackageStats>
    <FindBugsProfile>
      <ClassProfile name="edu.umd.cs.findbugs.FindBugs2" totalMilliseconds="172" invocations="2" avgMicrosecondsPerInvocation="86417" maxMicrosecondsPerInvocation="159455" standardDeviationMircosecondsPerInvocation="73037"/>
      <ClassProfile name="edu.umd.cs.findbugs.classfile.engine.ClassDataAnalysisEngine" totalMilliseconds="171" invocations="639" avgMicrosecondsPerInvocation="269" maxMicrosecondsPerInvocation="1074" standardDeviationMircosecondsPerInvocation="93"/>
      <ClassProfile name="edu.umd.cs.findbugs.classfile.engine.ClassInfoAnalysisEngine" totalMilliseconds="63" invocations="636" avgMicrosecondsPerInvocation="100" maxMicrosecondsPerInvocation="2123" standardDeviationMircosecondsPerInvocation="198"/>
      <ClassProfile name="edu.umd.cs.findbugs.detect.FieldItemSummary" totalMilliseconds="20" invocations="105" avgMicrosecondsPerInvocation="193" maxMicrosecondsPerInvocation="3235" standardDeviationMircosecondsPerInvocation="454"/>
      <ClassProfile name="edu.umd.cs.findbugs.detect.FindNoSideEffectMethods" totalMilliseconds="15" invocations="105" avgMicrosecondsPerInvocation="146" maxMicrosecondsPerInvocation="3488" standardDeviationMircosecondsPerInvocation="382"/>
      <ClassProfile name="edu.umd.cs.findbugs.OpcodeStack$JumpInfoFactory" totalMilliseconds="14" invocations="351" avgMicrosecondsPerInvocation="41" maxMicrosecondsPerInvocation="524" standardDeviationMircosecondsPerInvocation="59"/>
    </FindBugsProfile>
  </FindBugsSummary>
  <ClassFeatures></ClassFeatures>
  <History></History>
</BugCollection>
