<?xml version="1.0" encoding="UTF-8"?>
<?xml-stylesheet type="text/xsl" href="http://findbugs.sourceforge.net/xsl/default.xsl"?>

<BugCollection version="3.0.1" sequence="0" timestamp="1555683419710" analysisTimestamp="1555683419395" release="">
  <Project projectName="seata-parent[seata-discovery-eureka]">
    <Jar>C:\Users\Subhodip_PC\Desktop\seata v5.0\discovery\seata-discovery-eureka\target\classes\io\seata\discovery\registry\eureka\CustomEurekaInstanceConfig.class</Jar>
    <Jar>C:\Users\Subhodip_PC\Desktop\seata v5.0\discovery\seata-discovery-eureka\target\classes\io\seata\discovery\registry\eureka\EurekaRegistryProvider.class</Jar>
    <Jar>C:\Users\Subhodip_PC\Desktop\seata v5.0\discovery\seata-discovery-eureka\target\classes\io\seata\discovery\registry\eureka\EurekaRegistryServiceImpl$1.class</Jar>
    <Jar>C:\Users\Subhodip_PC\Desktop\seata v5.0\discovery\seata-discovery-eureka\target\classes\io\seata\discovery\registry\eureka\EurekaRegistryServiceImpl.class</Jar>
    <AuxClasspathEntry>C:/Users/Subhodip_PC/Desktop/seata v5.0/discovery/seata-discovery-core/target/classes</AuxClasspathEntry>
    <AuxClasspathEntry>C:/Users/Subhodip_PC/Desktop/seata v5.0/discovery/seata-discovery-core/target/test-classes</AuxClasspathEntry>
    <AuxClasspathEntry>C:/Users/Subhodip_PC/Desktop/seata v5.0/discovery/seata-discovery-eureka/target/classes</AuxClasspathEntry>
    <AuxClasspathEntry>C:/Users/Subhodip_PC/Desktop/seata v5.0/config/seata-config-core/target/classes</AuxClasspathEntry>
    <AuxClasspathEntry>C:/Users/Subhodip_PC/Desktop/seata v5.0/common/target/classes</AuxClasspathEntry>
    <AuxClasspathEntry>C:/Users/Subhodip_PC/Desktop/seata v5.0/common/target/test-classes</AuxClasspathEntry>
    <SrcDir>C:/Users/Subhodip_PC/Desktop/seata v5.0/discovery/seata-discovery-eureka/src/main/java</SrcDir>
    <SrcDir>C:/Users/Subhodip_PC/Desktop/seata v5.0/discovery/seata-discovery-eureka/src/main/resources</SrcDir>
  </Project>
  <BugInstance type="ST_WRITE_TO_STATIC_FROM_INSTANCE_METHOD" priority="1" rank="15" abbrev="ST" category="STYLE" instanceHash="264ff3addefd3eea9ca92b983b0e87e0" instanceOccurrenceNum="0" instanceOccurrenceMax="0">
    <ShortMessage>Write to static field from instance method</ShortMessage>
    <LongMessage>Write to static field io.seata.discovery.registry.eureka.EurekaRegistryServiceImpl.subscribeListener from instance method io.seata.discovery.registry.eureka.EurekaRegistryServiceImpl.subscribe(String, EurekaEventListener)</LongMessage>
    <Class classname="io.seata.discovery.registry.eureka.EurekaRegistryServiceImpl" primary="true">
      <SourceLine classname="io.seata.discovery.registry.eureka.EurekaRegistryServiceImpl" sourcefile="EurekaRegistryServiceImpl.java" sourcepath="io/seata/discovery/registry/eureka/EurekaRegistryServiceImpl.java" relSourcepath="java\io\seata\discovery\registry\eureka\EurekaRegistryServiceImpl.java">
        <Message>In EurekaRegistryServiceImpl.java</Message>
      </SourceLine>
      <Message>In class io.seata.discovery.registry.eureka.EurekaRegistryServiceImpl</Message>
    </Class>
    <Method classname="io.seata.discovery.registry.eureka.EurekaRegistryServiceImpl" name="subscribe" signature="(Ljava/lang/String;Lcom/netflix/discovery/EurekaEventListener;)V" isStatic="false" primary="true">
      <SourceLine classname="io.seata.discovery.registry.eureka.EurekaRegistryServiceImpl" start="117" end="119" startBytecode="0" endBytecode="85" sourcefile="EurekaRegistryServiceImpl.java" sourcepath="io/seata/discovery/registry/eureka/EurekaRegistryServiceImpl.java" relSourcepath="java\io\seata\discovery\registry\eureka\EurekaRegistryServiceImpl.java"/>
      <Message>In method io.seata.discovery.registry.eureka.EurekaRegistryServiceImpl.subscribe(String, EurekaEventListener)</Message>
    </Method>
    <Field classname="io.seata.discovery.registry.eureka.EurekaRegistryServiceImpl" name="subscribeListener" signature="Z" isStatic="true" primary="true">
      <SourceLine classname="io.seata.discovery.registry.eureka.EurekaRegistryServiceImpl" sourcefile="EurekaRegistryServiceImpl.java" sourcepath="io/seata/discovery/registry/eureka/EurekaRegistryServiceImpl.java" relSourcepath="java\io\seata\discovery\registry\eureka\EurekaRegistryServiceImpl.java">
        <Message>In EurekaRegistryServiceImpl.java</Message>
      </SourceLine>
      <Message>Field io.seata.discovery.registry.eureka.EurekaRegistryServiceImpl.subscribeListener</Message>
    </Field>
    <SourceLine classname="io.seata.discovery.registry.eureka.EurekaRegistryServiceImpl" primary="true" start="117" end="117" startBytecode="1" endBytecode="1" sourcefile="EurekaRegistryServiceImpl.java" sourcepath="io/seata/discovery/registry/eureka/EurekaRegistryServiceImpl.java" relSourcepath="java\io\seata\discovery\registry\eureka\EurekaRegistryServiceImpl.java">
      <Message>At EurekaRegistryServiceImpl.java:[line 117]</Message>
    </SourceLine>
    <SourceLine classname="io.seata.discovery.registry.eureka.EurekaRegistryServiceImpl" primary="true" start="117" end="117" startBytecode="1" endBytecode="1" sourcefile="EurekaRegistryServiceImpl.java" sourcepath="io/seata/discovery/registry/eureka/EurekaRegistryServiceImpl.java" relSourcepath="java\io\seata\discovery\registry\eureka\EurekaRegistryServiceImpl.java">
      <Message>At EurekaRegistryServiceImpl.java:[line 117]</Message>
    </SourceLine>
  </BugInstance>
  <BugInstance type="ST_WRITE_TO_STATIC_FROM_INSTANCE_METHOD" priority="1" rank="15" abbrev="ST" category="STYLE" instanceHash="50ba961caaed0b12bb1465faf4b059cc" instanceOccurrenceNum="0" instanceOccurrenceMax="0">
    <ShortMessage>Write to static field from instance method</ShortMessage>
    <LongMessage>Write to static field io.seata.discovery.registry.eureka.EurekaRegistryServiceImpl.subscribeListener from instance method io.seata.discovery.registry.eureka.EurekaRegistryServiceImpl.unsubscribe(String, EurekaEventListener)</LongMessage>
    <Class classname="io.seata.discovery.registry.eureka.EurekaRegistryServiceImpl" primary="true">
      <SourceLine classname="io.seata.discovery.registry.eureka.EurekaRegistryServiceImpl" sourcefile="EurekaRegistryServiceImpl.java" sourcepath="io/seata/discovery/registry/eureka/EurekaRegistryServiceImpl.java" relSourcepath="java\io\seata\discovery\registry\eureka\EurekaRegistryServiceImpl.java">
        <Message>In EurekaRegistryServiceImpl.java</Message>
      </SourceLine>
      <Message>In class io.seata.discovery.registry.eureka.EurekaRegistryServiceImpl</Message>
    </Class>
    <Method classname="io.seata.discovery.registry.eureka.EurekaRegistryServiceImpl" name="unsubscribe" signature="(Ljava/lang/String;Lcom/netflix/discovery/EurekaEventListener;)V" isStatic="false" primary="true">
      <SourceLine classname="io.seata.discovery.registry.eureka.EurekaRegistryServiceImpl" start="123" end="125" startBytecode="0" endBytecode="86" sourcefile="EurekaRegistryServiceImpl.java" sourcepath="io/seata/discovery/registry/eureka/EurekaRegistryServiceImpl.java" relSourcepath="java\io\seata\discovery\registry\eureka\EurekaRegistryServiceImpl.java"/>
      <Message>In method io.seata.discovery.registry.eureka.EurekaRegistryServiceImpl.unsubscribe(String, EurekaEventListener)</Message>
    </Method>
    <Field classname="io.seata.discovery.registry.eureka.EurekaRegistryServiceImpl" name="subscribeListener" signature="Z" isStatic="true" primary="true">
      <SourceLine classname="io.seata.discovery.registry.eureka.EurekaRegistryServiceImpl" sourcefile="EurekaRegistryServiceImpl.java" sourcepath="io/seata/discovery/registry/eureka/EurekaRegistryServiceImpl.java" relSourcepath="java\io\seata\discovery\registry\eureka\EurekaRegistryServiceImpl.java">
        <Message>In EurekaRegistryServiceImpl.java</Message>
      </SourceLine>
      <Message>Field io.seata.discovery.registry.eureka.EurekaRegistryServiceImpl.subscribeListener</Message>
    </Field>
    <SourceLine classname="io.seata.discovery.registry.eureka.EurekaRegistryServiceImpl" primary="true" start="123" end="123" startBytecode="1" endBytecode="1" sourcefile="EurekaRegistryServiceImpl.java" sourcepath="io/seata/discovery/registry/eureka/EurekaRegistryServiceImpl.java" relSourcepath="java\io\seata\discovery\registry\eureka\EurekaRegistryServiceImpl.java">
      <Message>At EurekaRegistryServiceImpl.java:[line 123]</Message>
    </SourceLine>
    <SourceLine classname="io.seata.discovery.registry.eureka.EurekaRegistryServiceImpl" primary="true" start="123" end="123" startBytecode="1" endBytecode="1" sourcefile="EurekaRegistryServiceImpl.java" sourcepath="io/seata/discovery/registry/eureka/EurekaRegistryServiceImpl.java" relSourcepath="java\io\seata\discovery\registry\eureka\EurekaRegistryServiceImpl.java">
      <Message>At EurekaRegistryServiceImpl.java:[line 123]</Message>
    </SourceLine>
  </BugInstance>
  <BugInstance type="ST_WRITE_TO_STATIC_FROM_INSTANCE_METHOD" priority="2" rank="17" abbrev="ST" category="STYLE" instanceHash="339538ad7e8a1dcca2389136df64a20b" instanceOccurrenceNum="0" instanceOccurrenceMax="0">
    <ShortMessage>Write to static field from instance method</ShortMessage>
    <LongMessage>Write to static field io.seata.discovery.registry.eureka.EurekaRegistryServiceImpl.applicationInfoManager from instance method io.seata.discovery.registry.eureka.EurekaRegistryServiceImpl.clean()</LongMessage>
    <Class classname="io.seata.discovery.registry.eureka.EurekaRegistryServiceImpl" primary="true">
      <SourceLine classname="io.seata.discovery.registry.eureka.EurekaRegistryServiceImpl" sourcefile="EurekaRegistryServiceImpl.java" sourcepath="io/seata/discovery/registry/eureka/EurekaRegistryServiceImpl.java" relSourcepath="java\io\seata\discovery\registry\eureka\EurekaRegistryServiceImpl.java">
        <Message>In EurekaRegistryServiceImpl.java</Message>
      </SourceLine>
      <Message>In class io.seata.discovery.registry.eureka.EurekaRegistryServiceImpl</Message>
    </Class>
    <Method classname="io.seata.discovery.registry.eureka.EurekaRegistryServiceImpl" name="clean" signature="()V" isStatic="false" primary="true">
      <SourceLine classname="io.seata.discovery.registry.eureka.EurekaRegistryServiceImpl" start="233" end="236" startBytecode="0" endBytecode="66" sourcefile="EurekaRegistryServiceImpl.java" sourcepath="io/seata/discovery/registry/eureka/EurekaRegistryServiceImpl.java" relSourcepath="java\io\seata\discovery\registry\eureka\EurekaRegistryServiceImpl.java"/>
      <Message>In method io.seata.discovery.registry.eureka.EurekaRegistryServiceImpl.clean()</Message>
    </Method>
    <Field classname="io.seata.discovery.registry.eureka.EurekaRegistryServiceImpl" name="applicationInfoManager" signature="Lcom/netflix/appinfo/ApplicationInfoManager;" isStatic="true" primary="true">
      <SourceLine classname="io.seata.discovery.registry.eureka.EurekaRegistryServiceImpl" sourcefile="EurekaRegistryServiceImpl.java" sourcepath="io/seata/discovery/registry/eureka/EurekaRegistryServiceImpl.java" relSourcepath="java\io\seata\discovery\registry\eureka\EurekaRegistryServiceImpl.java">
        <Message>In EurekaRegistryServiceImpl.java</Message>
      </SourceLine>
      <Message>Field io.seata.discovery.registry.eureka.EurekaRegistryServiceImpl.applicationInfoManager</Message>
    </Field>
    <SourceLine classname="io.seata.discovery.registry.eureka.EurekaRegistryServiceImpl" primary="true" start="234" end="234" startBytecode="5" endBytecode="5" sourcefile="EurekaRegistryServiceImpl.java" sourcepath="io/seata/discovery/registry/eureka/EurekaRegistryServiceImpl.java" relSourcepath="java\io\seata\discovery\registry\eureka\EurekaRegistryServiceImpl.java">
      <Message>At EurekaRegistryServiceImpl.java:[line 234]</Message>
    </SourceLine>
    <SourceLine classname="io.seata.discovery.registry.eureka.EurekaRegistryServiceImpl" primary="true" start="234" end="234" startBytecode="5" endBytecode="5" sourcefile="EurekaRegistryServiceImpl.java" sourcepath="io/seata/discovery/registry/eureka/EurekaRegistryServiceImpl.java" relSourcepath="java\io\seata\discovery\registry\eureka\EurekaRegistryServiceImpl.java">
      <Message>At EurekaRegistryServiceImpl.java:[line 234]</Message>
    </SourceLine>
  </BugInstance>
  <BugInstance type="ST_WRITE_TO_STATIC_FROM_INSTANCE_METHOD" priority="2" rank="17" abbrev="ST" category="STYLE" instanceHash="e74bf885ab9f9056d6248516ea481a3f" instanceOccurrenceNum="0" instanceOccurrenceMax="0">
    <ShortMessage>Write to static field from instance method</ShortMessage>
    <LongMessage>Write to static field io.seata.discovery.registry.eureka.EurekaRegistryServiceImpl.eurekaClient from instance method io.seata.discovery.registry.eureka.EurekaRegistryServiceImpl.clean()</LongMessage>
    <Class classname="io.seata.discovery.registry.eureka.EurekaRegistryServiceImpl" primary="true">
      <SourceLine classname="io.seata.discovery.registry.eureka.EurekaRegistryServiceImpl" sourcefile="EurekaRegistryServiceImpl.java" sourcepath="io/seata/discovery/registry/eureka/EurekaRegistryServiceImpl.java" relSourcepath="java\io\seata\discovery\registry\eureka\EurekaRegistryServiceImpl.java">
        <Message>In EurekaRegistryServiceImpl.java</Message>
      </SourceLine>
      <Message>In class io.seata.discovery.registry.eureka.EurekaRegistryServiceImpl</Message>
    </Class>
    <Method classname="io.seata.discovery.registry.eureka.EurekaRegistryServiceImpl" name="clean" signature="()V" isStatic="false" primary="true">
      <SourceLine classname="io.seata.discovery.registry.eureka.EurekaRegistryServiceImpl" start="233" end="236" startBytecode="0" endBytecode="66" sourcefile="EurekaRegistryServiceImpl.java" sourcepath="io/seata/discovery/registry/eureka/EurekaRegistryServiceImpl.java" relSourcepath="java\io\seata\discovery\registry\eureka\EurekaRegistryServiceImpl.java"/>
      <Message>In method io.seata.discovery.registry.eureka.EurekaRegistryServiceImpl.clean()</Message>
    </Method>
    <Field classname="io.seata.discovery.registry.eureka.EurekaRegistryServiceImpl" name="eurekaClient" signature="Lcom/netflix/discovery/EurekaClient;" isStatic="true" primary="true">
      <SourceLine classname="io.seata.discovery.registry.eureka.EurekaRegistryServiceImpl" sourcefile="EurekaRegistryServiceImpl.java" sourcepath="io/seata/discovery/registry/eureka/EurekaRegistryServiceImpl.java" relSourcepath="java\io\seata\discovery\registry\eureka\EurekaRegistryServiceImpl.java">
        <Message>In EurekaRegistryServiceImpl.java</Message>
      </SourceLine>
      <Message>Field io.seata.discovery.registry.eureka.EurekaRegistryServiceImpl.eurekaClient</Message>
    </Field>
    <SourceLine classname="io.seata.discovery.registry.eureka.EurekaRegistryServiceImpl" primary="true" start="233" end="233" startBytecode="1" endBytecode="1" sourcefile="EurekaRegistryServiceImpl.java" sourcepath="io/seata/discovery/registry/eureka/EurekaRegistryServiceImpl.java" relSourcepath="java\io\seata\discovery\registry\eureka\EurekaRegistryServiceImpl.java">
      <Message>At EurekaRegistryServiceImpl.java:[line 233]</Message>
    </SourceLine>
    <SourceLine classname="io.seata.discovery.registry.eureka.EurekaRegistryServiceImpl" primary="true" start="233" end="233" startBytecode="1" endBytecode="1" sourcefile="EurekaRegistryServiceImpl.java" sourcepath="io/seata/discovery/registry/eureka/EurekaRegistryServiceImpl.java" relSourcepath="java\io\seata\discovery\registry\eureka\EurekaRegistryServiceImpl.java">
      <Message>At EurekaRegistryServiceImpl.java:[line 233]</Message>
    </SourceLine>
  </BugInstance>
  <BugInstance type="ST_WRITE_TO_STATIC_FROM_INSTANCE_METHOD" priority="2" rank="17" abbrev="ST" category="STYLE" instanceHash="a8782ad3e0ad389a772083df2f191960" instanceOccurrenceNum="0" instanceOccurrenceMax="0">
    <ShortMessage>Write to static field from instance method</ShortMessage>
    <LongMessage>Write to static field io.seata.discovery.registry.eureka.EurekaRegistryServiceImpl.instanceConfig from instance method io.seata.discovery.registry.eureka.EurekaRegistryServiceImpl.clean()</LongMessage>
    <Class classname="io.seata.discovery.registry.eureka.EurekaRegistryServiceImpl" primary="true">
      <SourceLine classname="io.seata.discovery.registry.eureka.EurekaRegistryServiceImpl" sourcefile="EurekaRegistryServiceImpl.java" sourcepath="io/seata/discovery/registry/eureka/EurekaRegistryServiceImpl.java" relSourcepath="java\io\seata\discovery\registry\eureka\EurekaRegistryServiceImpl.java">
        <Message>In EurekaRegistryServiceImpl.java</Message>
      </SourceLine>
      <Message>In class io.seata.discovery.registry.eureka.EurekaRegistryServiceImpl</Message>
    </Class>
    <Method classname="io.seata.discovery.registry.eureka.EurekaRegistryServiceImpl" name="clean" signature="()V" isStatic="false" primary="true">
      <SourceLine classname="io.seata.discovery.registry.eureka.EurekaRegistryServiceImpl" start="233" end="236" startBytecode="0" endBytecode="66" sourcefile="EurekaRegistryServiceImpl.java" sourcepath="io/seata/discovery/registry/eureka/EurekaRegistryServiceImpl.java" relSourcepath="java\io\seata\discovery\registry\eureka\EurekaRegistryServiceImpl.java"/>
      <Message>In method io.seata.discovery.registry.eureka.EurekaRegistryServiceImpl.clean()</Message>
    </Method>
    <Field classname="io.seata.discovery.registry.eureka.EurekaRegistryServiceImpl" name="instanceConfig" signature="Lio/seata/discovery/registry/eureka/CustomEurekaInstanceConfig;" isStatic="true" primary="true">
      <SourceLine classname="io.seata.discovery.registry.eureka.EurekaRegistryServiceImpl" sourcefile="EurekaRegistryServiceImpl.java" sourcepath="io/seata/discovery/registry/eureka/EurekaRegistryServiceImpl.java" relSourcepath="java\io\seata\discovery\registry\eureka\EurekaRegistryServiceImpl.java">
        <Message>In EurekaRegistryServiceImpl.java</Message>
      </SourceLine>
      <Message>Field io.seata.discovery.registry.eureka.EurekaRegistryServiceImpl.instanceConfig</Message>
    </Field>
    <SourceLine classname="io.seata.discovery.registry.eureka.EurekaRegistryServiceImpl" primary="true" start="235" end="235" startBytecode="9" endBytecode="9" sourcefile="EurekaRegistryServiceImpl.java" sourcepath="io/seata/discovery/registry/eureka/EurekaRegistryServiceImpl.java" relSourcepath="java\io\seata\discovery\registry\eureka\EurekaRegistryServiceImpl.java">
      <Message>At EurekaRegistryServiceImpl.java:[line 235]</Message>
    </SourceLine>
    <SourceLine classname="io.seata.discovery.registry.eureka.EurekaRegistryServiceImpl" primary="true" start="235" end="235" startBytecode="9" endBytecode="9" sourcefile="EurekaRegistryServiceImpl.java" sourcepath="io/seata/discovery/registry/eureka/EurekaRegistryServiceImpl.java" relSourcepath="java\io\seata\discovery\registry\eureka\EurekaRegistryServiceImpl.java">
      <Message>At EurekaRegistryServiceImpl.java:[line 235]</Message>
    </SourceLine>
  </BugInstance>
  <BugCategory category="STYLE">
    <Description>Dodgy code</Description>
  </BugCategory>
  <BugPattern type="ST_WRITE_TO_STATIC_FROM_INSTANCE_METHOD" abbrev="ST" category="STYLE">
    <ShortDescription>Write to static field from instance method</ShortDescription>
    <Details><![CDATA[

  <p> This instance method writes to a static field. This is tricky to get
correct if multiple instances are being manipulated,
and generally bad practice.
</p>

    ]]></Details>
  </BugPattern>
  <BugCode abbrev="ST">
    <Description>Misuse of static fields</Description>
  </BugCode>
  <Errors errors="0" missingClasses="0"></Errors>
  <FindBugsSummary timestamp="Fri, 19 Apr 2019 09:16:35 -0500" total_classes="4" referenced_classes="33" total_bugs="5" total_size="196" num_packages="1" java_version="1.8.0_152-release" vm_version="25.152-b28" cpu_seconds="13.73" clock_seconds="61.64" peak_mbytes="1872.06" alloc_mbytes="2320.00" gc_seconds="0.03" priority_2="3" priority_1="2">
    <FileStats path="io/seata/discovery/registry/eureka/CustomEurekaInstanceConfig.java" bugCount="0" size="36"/>
    <FileStats path="io/seata/discovery/registry/eureka/EurekaRegistryProvider.java" bugCount="0" size="5"/>
    <FileStats path="io/seata/discovery/registry/eureka/EurekaRegistryServiceImpl.java" bugCount="5" size="155" bugHash="167f7796605f47495c3893a3d623368a"/>
    <PackageStats package="io.seata.discovery.registry.eureka" total_bugs="5" total_types="4" total_size="196" priority_2="3" priority_1="2">
      <ClassStats class="io.seata.discovery.registry.eureka.CustomEurekaInstanceConfig" sourceFile="CustomEurekaInstanceConfig.java" interface="false" size="36" bugs="0"/>
      <ClassStats class="io.seata.discovery.registry.eureka.EurekaRegistryProvider" sourceFile="EurekaRegistryProvider.java" interface="false" size="5" bugs="0"/>
      <ClassStats class="io.seata.discovery.registry.eureka.EurekaRegistryServiceImpl" sourceFile="EurekaRegistryServiceImpl.java" interface="false" size="145" bugs="5" priority_2="3" priority_1="2"/>
      <ClassStats class="io.seata.discovery.registry.eureka.EurekaRegistryServiceImpl$1" sourceFile="EurekaRegistryServiceImpl.java" interface="false" size="10" bugs="0"/>
    </PackageStats>
    <FindBugsProfile>
      <ClassProfile name="edu.umd.cs.findbugs.classfile.engine.ClassDataAnalysisEngine" totalMilliseconds="86" invocations="476" avgMicrosecondsPerInvocation="182" maxMicrosecondsPerInvocation="571" standardDeviationMircosecondsPerInvocation="41"/>
      <ClassProfile name="edu.umd.cs.findbugs.FindBugs2" totalMilliseconds="80" invocations="2" avgMicrosecondsPerInvocation="40207" maxMicrosecondsPerInvocation="73868" standardDeviationMircosecondsPerInvocation="33661"/>
      <ClassProfile name="edu.umd.cs.findbugs.classfile.engine.ClassInfoAnalysisEngine" totalMilliseconds="49" invocations="473" avgMicrosecondsPerInvocation="105" maxMicrosecondsPerInvocation="2016" standardDeviationMircosecondsPerInvocation="210"/>
      <ClassProfile name="edu.umd.cs.findbugs.OpcodeStack$JumpInfoFactory" totalMilliseconds="12" invocations="161" avgMicrosecondsPerInvocation="78" maxMicrosecondsPerInvocation="3288" standardDeviationMircosecondsPerInvocation="261"/>
    </FindBugsProfile>
  </FindBugsSummary>
  <ClassFeatures></ClassFeatures>
  <History></History>
</BugCollection>
