<?xml version="1.0" encoding="UTF-8"?>
<?xml-stylesheet type="text/xsl" href="http://findbugs.sourceforge.net/xsl/default.xsl"?>

<BugCollection version="3.0.1" sequence="0" timestamp="1555683419395" analysisTimestamp="1555683419003" release="">
  <Project projectName="seata-parent[seata-rm]">
    <Jar>C:\Users\Subhodip_PC\Desktop\seata v5.0\rm\target\classes\io\seata\rm\AbstractResourceManager.class</Jar>
    <Jar>C:\Users\Subhodip_PC\Desktop\seata v5.0\rm\target\classes\io\seata\rm\AbstractRMHandler$1.class</Jar>
    <Jar>C:\Users\Subhodip_PC\Desktop\seata v5.0\rm\target\classes\io\seata\rm\AbstractRMHandler$2.class</Jar>
    <Jar>C:\Users\Subhodip_PC\Desktop\seata v5.0\rm\target\classes\io\seata\rm\AbstractRMHandler.class</Jar>
    <Jar>C:\Users\Subhodip_PC\Desktop\seata v5.0\rm\target\classes\io\seata\rm\DefaultResourceManager$1.class</Jar>
    <Jar>C:\Users\Subhodip_PC\Desktop\seata v5.0\rm\target\classes\io\seata\rm\DefaultResourceManager$SingletonHolder.class</Jar>
    <Jar>C:\Users\Subhodip_PC\Desktop\seata v5.0\rm\target\classes\io\seata\rm\DefaultResourceManager.class</Jar>
    <Jar>C:\Users\Subhodip_PC\Desktop\seata v5.0\rm\target\classes\io\seata\rm\DefaultRMHandler$SingletonHolder.class</Jar>
    <Jar>C:\Users\Subhodip_PC\Desktop\seata v5.0\rm\target\classes\io\seata\rm\DefaultRMHandler.class</Jar>
    <Jar>C:\Users\Subhodip_PC\Desktop\seata v5.0\rm\target\classes\io\seata\rm\RMClient.class</Jar>
    <AuxClasspathEntry>C:/Users/Subhodip_PC/Desktop/seata v5.0/core/target/classes</AuxClasspathEntry>
    <AuxClasspathEntry>C:/Users/Subhodip_PC/Desktop/seata v5.0/core/target/test-classes</AuxClasspathEntry>
    <AuxClasspathEntry>C:/Users/Subhodip_PC/Desktop/seata v5.0/discovery/seata-discovery-core/target/classes</AuxClasspathEntry>
    <AuxClasspathEntry>C:/Users/Subhodip_PC/Desktop/seata v5.0/discovery/seata-discovery-core/target/test-classes</AuxClasspathEntry>
    <AuxClasspathEntry>C:/Users/Subhodip_PC/Desktop/seata v5.0/rm/target/classes</AuxClasspathEntry>
    <AuxClasspathEntry>C:/Users/Subhodip_PC/Desktop/seata v5.0/config/seata-config-core/target/classes</AuxClasspathEntry>
    <AuxClasspathEntry>C:/Users/Subhodip_PC/Desktop/seata v5.0/common/target/classes</AuxClasspathEntry>
    <AuxClasspathEntry>C:/Users/Subhodip_PC/Desktop/seata v5.0/common/target/test-classes</AuxClasspathEntry>
    <SrcDir>C:/Users/Subhodip_PC/Desktop/seata v5.0/rm/src/main/java</SrcDir>
  </Project>
  <BugInstance type="MS_SHOULD_BE_FINAL" priority="1" rank="16" abbrev="MS" category="MALICIOUS_CODE" instanceHash="4701ca10d6f9ef195bf08a8ecf9cb3eb" instanceOccurrenceNum="0" instanceOccurrenceMax="0" cweid="218">
    <ShortMessage>Field isn&apos;t final but should be</ShortMessage>
    <LongMessage>io.seata.rm.DefaultRMHandler.allRMHandlersMap isn&apos;t final but should be</LongMessage>
    <Class classname="io.seata.rm.DefaultRMHandler" primary="true">
      <SourceLine classname="io.seata.rm.DefaultRMHandler" sourcefile="DefaultRMHandler.java" sourcepath="io/seata/rm/DefaultRMHandler.java" relSourcepath="io\seata\rm\DefaultRMHandler.java">
        <Message>In DefaultRMHandler.java</Message>
      </SourceLine>
      <Message>In class io.seata.rm.DefaultRMHandler</Message>
    </Class>
    <Field classname="io.seata.rm.DefaultRMHandler" name="allRMHandlersMap" signature="Ljava/util/Map;" isStatic="true" primary="true">
      <SourceLine classname="io.seata.rm.DefaultRMHandler" sourcefile="DefaultRMHandler.java" sourcepath="io/seata/rm/DefaultRMHandler.java" relSourcepath="io\seata\rm\DefaultRMHandler.java">
        <Message>In DefaultRMHandler.java</Message>
      </SourceLine>
      <Message>Field io.seata.rm.DefaultRMHandler.allRMHandlersMap</Message>
    </Field>
    <SourceLine classname="io.seata.rm.DefaultRMHandler" primary="true" start="40" end="40" startBytecode="7" endBytecode="7" sourcefile="DefaultRMHandler.java" sourcepath="io/seata/rm/DefaultRMHandler.java" relSourcepath="io\seata\rm\DefaultRMHandler.java">
      <Message>At DefaultRMHandler.java:[line 40]</Message>
    </SourceLine>
  </BugInstance>
  <BugInstance type="MS_SHOULD_BE_FINAL" priority="1" rank="16" abbrev="MS" category="MALICIOUS_CODE" instanceHash="175eb793bfcdc212b9dcbcf7a006b90a" instanceOccurrenceNum="0" instanceOccurrenceMax="0" cweid="218">
    <ShortMessage>Field isn&apos;t final but should be</ShortMessage>
    <LongMessage>io.seata.rm.DefaultResourceManager.resourceManagers isn&apos;t final but should be</LongMessage>
    <Class classname="io.seata.rm.DefaultResourceManager" primary="true">
      <SourceLine classname="io.seata.rm.DefaultResourceManager" sourcefile="DefaultResourceManager.java" sourcepath="io/seata/rm/DefaultResourceManager.java" relSourcepath="io\seata\rm\DefaultResourceManager.java">
        <Message>In DefaultResourceManager.java</Message>
      </SourceLine>
      <Message>In class io.seata.rm.DefaultResourceManager</Message>
    </Class>
    <Field classname="io.seata.rm.DefaultResourceManager" name="resourceManagers" signature="Ljava/util/Map;" isStatic="true" primary="true">
      <SourceLine classname="io.seata.rm.DefaultResourceManager" sourcefile="DefaultResourceManager.java" sourcepath="io/seata/rm/DefaultResourceManager.java" relSourcepath="io\seata\rm\DefaultResourceManager.java">
        <Message>In DefaultResourceManager.java</Message>
      </SourceLine>
      <Message>Field io.seata.rm.DefaultResourceManager.resourceManagers</Message>
    </Field>
    <SourceLine classname="io.seata.rm.DefaultResourceManager" primary="true" start="43" end="43" startBytecode="7" endBytecode="7" sourcefile="DefaultResourceManager.java" sourcepath="io/seata/rm/DefaultResourceManager.java" relSourcepath="io\seata\rm\DefaultResourceManager.java">
      <Message>At DefaultResourceManager.java:[line 43]</Message>
    </SourceLine>
  </BugInstance>
  <BugCategory category="MALICIOUS_CODE">
    <Description>Malicious code vulnerability</Description>
  </BugCategory>
  <BugPattern type="MS_SHOULD_BE_FINAL" abbrev="MS" category="MALICIOUS_CODE">
    <ShortDescription>Field isn&apos;t final but should be</ShortDescription>
    <Details><![CDATA[

   <p>
This static field public but not final, and
could be changed by malicious code or
        by accident from another package.
        The field could be made final to avoid
        this vulnerability.</p>

    ]]></Details>
  </BugPattern>
  <BugCode abbrev="MS" cweid="218">
    <Description>Mutable static field</Description>
  </BugCode>
  <Errors errors="0" missingClasses="0"></Errors>
  <FindBugsSummary timestamp="Fri, 19 Apr 2019 09:16:38 -0500" total_classes="10" referenced_classes="61" total_bugs="2" total_size="216" num_packages="1" java_version="1.8.0_152-release" vm_version="25.152-b28" cpu_seconds="13.28" clock_seconds="61.56" peak_mbytes="1872.06" alloc_mbytes="2320.00" gc_seconds="0.04" priority_1="2">
    <FileStats path="io/seata/rm/AbstractRMHandler.java" bugCount="0" size="68"/>
    <FileStats path="io/seata/rm/AbstractResourceManager.java" bugCount="0" size="43"/>
    <FileStats path="io/seata/rm/DefaultRMHandler.java" bugCount="1" size="34" bugHash="88a11824724365303fce8ecd70824864"/>
    <FileStats path="io/seata/rm/DefaultResourceManager.java" bugCount="1" size="62" bugHash="c7837e023d38ecd97a33ab002183110c"/>
    <FileStats path="io/seata/rm/RMClient.java" bugCount="0" size="9"/>
    <PackageStats package="io.seata.rm" total_bugs="2" total_types="10" total_size="216" priority_1="2">
      <ClassStats class="io.seata.rm.AbstractRMHandler" sourceFile="AbstractRMHandler.java" interface="false" size="52" bugs="0"/>
      <ClassStats class="io.seata.rm.AbstractRMHandler$1" sourceFile="AbstractRMHandler.java" interface="false" size="8" bugs="0"/>
      <ClassStats class="io.seata.rm.AbstractRMHandler$2" sourceFile="AbstractRMHandler.java" interface="false" size="8" bugs="0"/>
      <ClassStats class="io.seata.rm.AbstractResourceManager" sourceFile="AbstractResourceManager.java" interface="false" size="43" bugs="0"/>
      <ClassStats class="io.seata.rm.DefaultRMHandler" sourceFile="DefaultRMHandler.java" interface="false" size="27" bugs="1" priority_1="1"/>
      <ClassStats class="io.seata.rm.DefaultRMHandler$SingletonHolder" sourceFile="DefaultRMHandler.java" interface="false" size="7" bugs="0"/>
      <ClassStats class="io.seata.rm.DefaultResourceManager" sourceFile="DefaultResourceManager.java" interface="false" size="54" bugs="1" priority_1="1"/>
      <ClassStats class="io.seata.rm.DefaultResourceManager$1" sourceFile="DefaultResourceManager.java" interface="false" size="1" bugs="0"/>
      <ClassStats class="io.seata.rm.DefaultResourceManager$SingletonHolder" sourceFile="DefaultResourceManager.java" interface="false" size="7" bugs="0"/>
      <ClassStats class="io.seata.rm.RMClient" sourceFile="RMClient.java" interface="false" size="9" bugs="0"/>
    </PackageStats>
    <FindBugsProfile>
      <ClassProfile name="edu.umd.cs.findbugs.FindBugs2" totalMilliseconds="134" invocations="2" avgMicrosecondsPerInvocation="67252" maxMicrosecondsPerInvocation="104530" standardDeviationMircosecondsPerInvocation="37278"/>
      <ClassProfile name="edu.umd.cs.findbugs.classfile.engine.ClassDataAnalysisEngine" totalMilliseconds="104" invocations="512" avgMicrosecondsPerInvocation="203" maxMicrosecondsPerInvocation="520" standardDeviationMircosecondsPerInvocation="44"/>
      <ClassProfile name="edu.umd.cs.findbugs.classfile.engine.ClassInfoAnalysisEngine" totalMilliseconds="48" invocations="510" avgMicrosecondsPerInvocation="95" maxMicrosecondsPerInvocation="2444" standardDeviationMircosecondsPerInvocation="203"/>
      <ClassProfile name="edu.umd.cs.findbugs.detect.FindUnsyncGet" totalMilliseconds="11" invocations="10" avgMicrosecondsPerInvocation="1133" maxMicrosecondsPerInvocation="10805" standardDeviationMircosecondsPerInvocation="3226"/>
    </FindBugsProfile>
  </FindBugsSummary>
  <ClassFeatures></ClassFeatures>
  <History></History>
</BugCollection>
