<?xml version="1.0" encoding="UTF-8"?>
<?xml-stylesheet type="text/xsl" href="http://findbugs.sourceforge.net/xsl/default.xsl"?>

<BugCollection version="3.0.1" sequence="0" timestamp="1555683414328" analysisTimestamp="1555683414059" release="">
  <Project projectName="seata-parent[seata-config-apollo]">
    <Jar>C:\Users\Subhodip_PC\Desktop\seata v5.0\config\seata-config-apollo\target\classes\io\seata\config\apollo\ApolloConfiguration$1.class</Jar>
    <Jar>C:\Users\Subhodip_PC\Desktop\seata v5.0\config\seata-config-apollo\target\classes\io\seata\config\apollo\ApolloConfiguration$2.class</Jar>
    <Jar>C:\Users\Subhodip_PC\Desktop\seata v5.0\config\seata-config-apollo\target\classes\io\seata\config\apollo\ApolloConfiguration.class</Jar>
    <Jar>C:\Users\Subhodip_PC\Desktop\seata v5.0\config\seata-config-apollo\target\classes\io\seata\config\apollo\ApolloConfigurationProvider.class</Jar>
    <AuxClasspathEntry>C:/Users/Subhodip_PC/Desktop/seata v5.0/config/seata-config-core/target/classes</AuxClasspathEntry>
    <AuxClasspathEntry>C:/Users/Subhodip_PC/Desktop/seata v5.0/common/target/classes</AuxClasspathEntry>
    <AuxClasspathEntry>C:/Users/Subhodip_PC/Desktop/seata v5.0/common/target/test-classes</AuxClasspathEntry>
    <AuxClasspathEntry>C:/Users/Subhodip_PC/Desktop/seata v5.0/config/seata-config-apollo/target/classes</AuxClasspathEntry>
    <SrcDir>C:/Users/Subhodip_PC/Desktop/seata v5.0/config/seata-config-apollo/src/main/java</SrcDir>
    <SrcDir>C:/Users/Subhodip_PC/Desktop/seata v5.0/config/seata-config-apollo/src/main/resources</SrcDir>
  </Project>
  <Errors errors="0" missingClasses="0"></Errors>
  <FindBugsSummary timestamp="Fri, 19 Apr 2019 09:16:44 -0500" total_classes="4" referenced_classes="45" total_bugs="0" total_size="94" num_packages="1" java_version="1.8.0_152-release" vm_version="25.152-b28" cpu_seconds="26.92" clock_seconds="66.86" peak_mbytes="1872.06" alloc_mbytes="2320.00" gc_seconds="0.12">
    <FileStats path="io/seata/config/apollo/ApolloConfiguration.java" bugCount="0" size="89"/>
    <FileStats path="io/seata/config/apollo/ApolloConfigurationProvider.java" bugCount="0" size="5"/>
    <PackageStats package="io.seata.config.apollo" total_bugs="0" total_types="4" total_size="94">
      <ClassStats class="io.seata.config.apollo.ApolloConfiguration" sourceFile="ApolloConfiguration.java" interface="false" size="68" bugs="0"/>
      <ClassStats class="io.seata.config.apollo.ApolloConfiguration$1" sourceFile="ApolloConfiguration.java" interface="false" size="10" bugs="0"/>
      <ClassStats class="io.seata.config.apollo.ApolloConfiguration$2" sourceFile="ApolloConfiguration.java" interface="false" size="11" bugs="0"/>
      <ClassStats class="io.seata.config.apollo.ApolloConfigurationProvider" sourceFile="ApolloConfigurationProvider.java" interface="false" size="5" bugs="0"/>
    </PackageStats>
    <FindBugsProfile>
      <ClassProfile name="edu.umd.cs.findbugs.FindBugs2" totalMilliseconds="68" invocations="2" avgMicrosecondsPerInvocation="34232" maxMicrosecondsPerInvocation="63196" standardDeviationMircosecondsPerInvocation="28964"/>
      <ClassProfile name="edu.umd.cs.findbugs.classfile.engine.ClassDataAnalysisEngine" totalMilliseconds="67" invocations="476" avgMicrosecondsPerInvocation="141" maxMicrosecondsPerInvocation="437" standardDeviationMircosecondsPerInvocation="39"/>
      <ClassProfile name="edu.umd.cs.findbugs.classfile.engine.ClassInfoAnalysisEngine" totalMilliseconds="52" invocations="473" avgMicrosecondsPerInvocation="110" maxMicrosecondsPerInvocation="2738" standardDeviationMircosecondsPerInvocation="228"/>
      <ClassProfile name="edu.umd.cs.findbugs.detect.FieldItemSummary" totalMilliseconds="12" invocations="45" avgMicrosecondsPerInvocation="278" maxMicrosecondsPerInvocation="2946" standardDeviationMircosecondsPerInvocation="556"/>
    </FindBugsProfile>
  </FindBugsSummary>
  <ClassFeatures></ClassFeatures>
  <History></History>
</BugCollection>
