<?xml version="1.0" encoding="UTF-8"?>
<?xml-stylesheet type="text/xsl" href="http://findbugs.sourceforge.net/xsl/default.xsl"?>

<BugCollection version="3.0.1" sequence="0" timestamp="1555683414735" analysisTimestamp="1555683414328" release="">
  <Project projectName="seata-parent[seata-discovery-consul]">
    <Jar>C:\Users\Subhodip_PC\Desktop\seata v5.0\discovery\seata-discovery-consul\target\classes\io\seata\discovery\registry\consul\ConsulListener.class</Jar>
    <Jar>C:\Users\Subhodip_PC\Desktop\seata v5.0\discovery\seata-discovery-consul\target\classes\io\seata\discovery\registry\consul\ConsulRegistryProvider.class</Jar>
    <Jar>C:\Users\Subhodip_PC\Desktop\seata v5.0\discovery\seata-discovery-consul\target\classes\io\seata\discovery\registry\consul\ConsulRegistryServiceImpl$ConsulNotifier.class</Jar>
    <Jar>C:\Users\Subhodip_PC\Desktop\seata v5.0\discovery\seata-discovery-consul\target\classes\io\seata\discovery\registry\consul\ConsulRegistryServiceImpl.class</Jar>
    <Jar>C:\Users\Subhodip_PC\Desktop\seata v5.0\discovery\seata-discovery-consul\target\test-classes\io\seata\discovery\registry\consul\ConsulRegistryServiceImplTest.class</Jar>
    <AuxClasspathEntry>C:/Users/Subhodip_PC/Desktop/seata v5.0/discovery/seata-discovery-consul/target/classes</AuxClasspathEntry>
    <AuxClasspathEntry>C:/Users/Subhodip_PC/Desktop/seata v5.0/discovery/seata-discovery-consul/target/test-classes</AuxClasspathEntry>
    <AuxClasspathEntry>C:/Users/Subhodip_PC/Desktop/seata v5.0/discovery/seata-discovery-core/target/classes</AuxClasspathEntry>
    <AuxClasspathEntry>C:/Users/Subhodip_PC/Desktop/seata v5.0/discovery/seata-discovery-core/target/test-classes</AuxClasspathEntry>
    <AuxClasspathEntry>C:/Users/Subhodip_PC/Desktop/seata v5.0/config/seata-config-core/target/classes</AuxClasspathEntry>
    <AuxClasspathEntry>C:/Users/Subhodip_PC/Desktop/seata v5.0/common/target/classes</AuxClasspathEntry>
    <AuxClasspathEntry>C:/Users/Subhodip_PC/Desktop/seata v5.0/common/target/test-classes</AuxClasspathEntry>
    <SrcDir>C:/Users/Subhodip_PC/Desktop/seata v5.0/discovery/seata-discovery-consul/src/main/java</SrcDir>
    <SrcDir>C:/Users/Subhodip_PC/Desktop/seata v5.0/discovery/seata-discovery-consul/src/main/resources</SrcDir>
    <SrcDir>C:/Users/Subhodip_PC/Desktop/seata v5.0/discovery/seata-discovery-consul/src/test/java</SrcDir>
  </Project>
  <BugInstance type="ST_WRITE_TO_STATIC_FROM_INSTANCE_METHOD" priority="1" rank="15" abbrev="ST" category="STYLE" instanceHash="63f3c5ef139a6633dd6737877760bafb" instanceOccurrenceNum="0" instanceOccurrenceMax="0">
    <ShortMessage>Write to static field from instance method</ShortMessage>
    <LongMessage>Write to static field io.seata.discovery.registry.consul.ConsulRegistryServiceImpl.client from instance method io.seata.discovery.registry.consul.ConsulRegistryServiceImpl.close()</LongMessage>
    <Class classname="io.seata.discovery.registry.consul.ConsulRegistryServiceImpl" primary="true">
      <SourceLine classname="io.seata.discovery.registry.consul.ConsulRegistryServiceImpl" sourcefile="ConsulRegistryServiceImpl.java" sourcepath="io/seata/discovery/registry/consul/ConsulRegistryServiceImpl.java" relSourcepath="main\java\io\seata\discovery\registry\consul\ConsulRegistryServiceImpl.java">
        <Message>In ConsulRegistryServiceImpl.java</Message>
      </SourceLine>
      <Message>In class io.seata.discovery.registry.consul.ConsulRegistryServiceImpl</Message>
    </Class>
    <Method classname="io.seata.discovery.registry.consul.ConsulRegistryServiceImpl" name="close" signature="()V" isStatic="false" primary="true">
      <SourceLine classname="io.seata.discovery.registry.consul.ConsulRegistryServiceImpl" start="334" end="335" startBytecode="0" endBytecode="50" sourcefile="ConsulRegistryServiceImpl.java" sourcepath="io/seata/discovery/registry/consul/ConsulRegistryServiceImpl.java" relSourcepath="main\java\io\seata\discovery\registry\consul\ConsulRegistryServiceImpl.java"/>
      <Message>In method io.seata.discovery.registry.consul.ConsulRegistryServiceImpl.close()</Message>
    </Method>
    <Field classname="io.seata.discovery.registry.consul.ConsulRegistryServiceImpl" name="client" signature="Lcom/ecwid/consul/v1/ConsulClient;" isStatic="true" primary="true">
      <SourceLine classname="io.seata.discovery.registry.consul.ConsulRegistryServiceImpl" sourcefile="ConsulRegistryServiceImpl.java" sourcepath="io/seata/discovery/registry/consul/ConsulRegistryServiceImpl.java" relSourcepath="main\java\io\seata\discovery\registry\consul\ConsulRegistryServiceImpl.java">
        <Message>In ConsulRegistryServiceImpl.java</Message>
      </SourceLine>
      <Message>Field io.seata.discovery.registry.consul.ConsulRegistryServiceImpl.client</Message>
    </Field>
    <SourceLine classname="io.seata.discovery.registry.consul.ConsulRegistryServiceImpl" primary="true" start="334" end="334" startBytecode="1" endBytecode="1" sourcefile="ConsulRegistryServiceImpl.java" sourcepath="io/seata/discovery/registry/consul/ConsulRegistryServiceImpl.java" relSourcepath="main\java\io\seata\discovery\registry\consul\ConsulRegistryServiceImpl.java">
      <Message>At ConsulRegistryServiceImpl.java:[line 334]</Message>
    </SourceLine>
    <SourceLine classname="io.seata.discovery.registry.consul.ConsulRegistryServiceImpl" primary="true" start="334" end="334" startBytecode="1" endBytecode="1" sourcefile="ConsulRegistryServiceImpl.java" sourcepath="io/seata/discovery/registry/consul/ConsulRegistryServiceImpl.java" relSourcepath="main\java\io\seata\discovery\registry\consul\ConsulRegistryServiceImpl.java">
      <Message>At ConsulRegistryServiceImpl.java:[line 334]</Message>
    </SourceLine>
  </BugInstance>
  <BugCategory category="STYLE">
    <Description>Dodgy code</Description>
  </BugCategory>
  <BugPattern type="ST_WRITE_TO_STATIC_FROM_INSTANCE_METHOD" abbrev="ST" category="STYLE">
    <ShortDescription>Write to static field from instance method</ShortDescription>
    <Details><![CDATA[

  <p> This instance method writes to a static field. This is tricky to get
correct if multiple instances are being manipulated,
and generally bad practice.
</p>

    ]]></Details>
  </BugPattern>
  <BugCode abbrev="ST">
    <Description>Misuse of static fields</Description>
  </BugCode>
  <Errors errors="0" missingClasses="0"></Errors>
  <FindBugsSummary timestamp="Fri, 19 Apr 2019 09:16:35 -0500" total_classes="5" referenced_classes="51" total_bugs="1" total_size="197" num_packages="1" java_version="1.8.0_152-release" vm_version="25.152-b28" cpu_seconds="24.31" clock_seconds="65.58" peak_mbytes="1872.06" alloc_mbytes="2320.00" gc_seconds="0.12" priority_1="1">
    <FileStats path="io/seata/discovery/registry/consul/ConsulListener.java" bugCount="0" size="2"/>
    <FileStats path="io/seata/discovery/registry/consul/ConsulRegistryProvider.java" bugCount="0" size="5"/>
    <FileStats path="io/seata/discovery/registry/consul/ConsulRegistryServiceImpl.java" bugCount="1" size="164" bugHash="fea5a69cbf801c7535c2dab9d6336be1"/>
    <FileStats path="io/seata/discovery/registry/consul/ConsulRegistryServiceImplTest.java" bugCount="0" size="26"/>
    <PackageStats package="io.seata.discovery.registry.consul" total_bugs="1" total_types="5" total_size="197" priority_1="1">
      <ClassStats class="io.seata.discovery.registry.consul.ConsulListener" sourceFile="ConsulListener.java" interface="true" size="2" bugs="0"/>
      <ClassStats class="io.seata.discovery.registry.consul.ConsulRegistryProvider" sourceFile="ConsulRegistryProvider.java" interface="false" size="5" bugs="0"/>
      <ClassStats class="io.seata.discovery.registry.consul.ConsulRegistryServiceImpl" sourceFile="ConsulRegistryServiceImpl.java" interface="false" size="136" bugs="1" priority_1="1"/>
      <ClassStats class="io.seata.discovery.registry.consul.ConsulRegistryServiceImpl$ConsulNotifier" sourceFile="ConsulRegistryServiceImpl.java" interface="false" size="28" bugs="0"/>
      <ClassStats class="io.seata.discovery.registry.consul.ConsulRegistryServiceImplTest" sourceFile="ConsulRegistryServiceImplTest.java" interface="false" size="26" bugs="0"/>
    </PackageStats>
    <FindBugsProfile>
      <ClassProfile name="edu.umd.cs.findbugs.classfile.engine.ClassDataAnalysisEngine" totalMilliseconds="123" invocations="576" avgMicrosecondsPerInvocation="214" maxMicrosecondsPerInvocation="1382" standardDeviationMircosecondsPerInvocation="74"/>
      <ClassProfile name="edu.umd.cs.findbugs.FindBugs2" totalMilliseconds="103" invocations="2" avgMicrosecondsPerInvocation="51974" maxMicrosecondsPerInvocation="99051" standardDeviationMircosecondsPerInvocation="47077"/>
      <ClassProfile name="edu.umd.cs.findbugs.classfile.engine.ClassInfoAnalysisEngine" totalMilliseconds="64" invocations="575" avgMicrosecondsPerInvocation="111" maxMicrosecondsPerInvocation="2118" standardDeviationMircosecondsPerInvocation="212"/>
      <ClassProfile name="edu.umd.cs.findbugs.detect.FieldItemSummary" totalMilliseconds="15" invocations="51" avgMicrosecondsPerInvocation="312" maxMicrosecondsPerInvocation="2785" standardDeviationMircosecondsPerInvocation="515"/>
    </FindBugsProfile>
  </FindBugsSummary>
  <ClassFeatures></ClassFeatures>
  <History></History>
</BugCollection>
