<?xml version="1.0" encoding="UTF-8"?>
<?xml-stylesheet type="text/xsl" href="http://findbugs.sourceforge.net/xsl/default.xsl"?>

<BugCollection version="3.0.1" sequence="0" timestamp="1555683420056" analysisTimestamp="1555683419710" release="">
  <Project projectName="seata-parent[seata-discovery-zk]">
    <Jar>C:\Users\Subhodip_PC\Desktop\seata v5.0\discovery\seata-discovery-zk\target\classes\io\seata\discovery\registry\zk\ZookeeperRegisterServiceImpl$1.class</Jar>
    <Jar>C:\Users\Subhodip_PC\Desktop\seata v5.0\discovery\seata-discovery-zk\target\classes\io\seata\discovery\registry\zk\ZookeeperRegisterServiceImpl$2.class</Jar>
    <Jar>C:\Users\Subhodip_PC\Desktop\seata v5.0\discovery\seata-discovery-zk\target\classes\io\seata\discovery\registry\zk\ZookeeperRegisterServiceImpl.class</Jar>
    <Jar>C:\Users\Subhodip_PC\Desktop\seata v5.0\discovery\seata-discovery-zk\target\classes\io\seata\discovery\registry\zk\ZookeeperRegistryProvider.class</Jar>
    <AuxClasspathEntry>C:/Users/Subhodip_PC/Desktop/seata v5.0/discovery/seata-discovery-core/target/classes</AuxClasspathEntry>
    <AuxClasspathEntry>C:/Users/Subhodip_PC/Desktop/seata v5.0/discovery/seata-discovery-core/target/test-classes</AuxClasspathEntry>
    <AuxClasspathEntry>C:/Users/Subhodip_PC/Desktop/seata v5.0/discovery/seata-discovery-zk/target/classes</AuxClasspathEntry>
    <AuxClasspathEntry>C:/Users/Subhodip_PC/Desktop/seata v5.0/config/seata-config-core/target/classes</AuxClasspathEntry>
    <AuxClasspathEntry>C:/Users/Subhodip_PC/Desktop/seata v5.0/common/target/classes</AuxClasspathEntry>
    <AuxClasspathEntry>C:/Users/Subhodip_PC/Desktop/seata v5.0/common/target/test-classes</AuxClasspathEntry>
    <SrcDir>C:/Users/Subhodip_PC/Desktop/seata v5.0/discovery/seata-discovery-zk/src/main/java</SrcDir>
    <SrcDir>C:/Users/Subhodip_PC/Desktop/seata v5.0/discovery/seata-discovery-zk/src/main/resources</SrcDir>
  </Project>
  <BugInstance type="LI_LAZY_INIT_UPDATE_STATIC" priority="2" rank="8" abbrev="LI" category="MT_CORRECTNESS" instanceHash="f8a972730ff258b8b5676aec01f4bca0" instanceOccurrenceNum="0" instanceOccurrenceMax="0" cweid="543">
    <ShortMessage>Incorrect lazy initialization and update of static field</ShortMessage>
    <LongMessage>Incorrect lazy initialization and update of static field io.seata.discovery.registry.zk.ZookeeperRegisterServiceImpl.zkClient in io.seata.discovery.registry.zk.ZookeeperRegisterServiceImpl.getClientInstance()</LongMessage>
    <Class classname="io.seata.discovery.registry.zk.ZookeeperRegisterServiceImpl" primary="true">
      <SourceLine classname="io.seata.discovery.registry.zk.ZookeeperRegisterServiceImpl" sourcefile="ZookeeperRegisterServiceImpl.java" sourcepath="io/seata/discovery/registry/zk/ZookeeperRegisterServiceImpl.java" relSourcepath="java\io\seata\discovery\registry\zk\ZookeeperRegisterServiceImpl.java">
        <Message>In ZookeeperRegisterServiceImpl.java</Message>
      </SourceLine>
      <Message>In class io.seata.discovery.registry.zk.ZookeeperRegisterServiceImpl</Message>
    </Class>
    <Method classname="io.seata.discovery.registry.zk.ZookeeperRegisterServiceImpl" name="getClientInstance" signature="()Lorg/I0Itec/zkclient/ZkClient;" isStatic="false" primary="true">
      <SourceLine classname="io.seata.discovery.registry.zk.ZookeeperRegisterServiceImpl" start="191" end="216" startBytecode="0" endBytecode="30" sourcefile="ZookeeperRegisterServiceImpl.java" sourcepath="io/seata/discovery/registry/zk/ZookeeperRegisterServiceImpl.java" relSourcepath="java\io\seata\discovery\registry\zk\ZookeeperRegisterServiceImpl.java"/>
      <Message>In method io.seata.discovery.registry.zk.ZookeeperRegisterServiceImpl.getClientInstance()</Message>
    </Method>
    <Field classname="io.seata.discovery.registry.zk.ZookeeperRegisterServiceImpl" name="zkClient" signature="Lorg/I0Itec/zkclient/ZkClient;" isStatic="true" primary="true" role="FIELD_ON">
      <SourceLine classname="io.seata.discovery.registry.zk.ZookeeperRegisterServiceImpl" sourcefile="ZookeeperRegisterServiceImpl.java" sourcepath="io/seata/discovery/registry/zk/ZookeeperRegisterServiceImpl.java" relSourcepath="java\io\seata\discovery\registry\zk\ZookeeperRegisterServiceImpl.java">
        <Message>In ZookeeperRegisterServiceImpl.java</Message>
      </SourceLine>
      <Message>On field io.seata.discovery.registry.zk.ZookeeperRegisterServiceImpl.zkClient</Message>
    </Field>
    <SourceLine classname="io.seata.discovery.registry.zk.ZookeeperRegisterServiceImpl" primary="true" start="191" end="194" startBytecode="0" endBytecode="43" sourcefile="ZookeeperRegisterServiceImpl.java" sourcepath="io/seata/discovery/registry/zk/ZookeeperRegisterServiceImpl.java" relSourcepath="java\io\seata\discovery\registry\zk\ZookeeperRegisterServiceImpl.java">
      <Message>At ZookeeperRegisterServiceImpl.java:[lines 191-194]</Message>
    </SourceLine>
  </BugInstance>
  <BugCategory category="MT_CORRECTNESS">
    <Description>Multithreaded correctness</Description>
  </BugCategory>
  <BugPattern type="LI_LAZY_INIT_UPDATE_STATIC" abbrev="LI" category="MT_CORRECTNESS" cweid="543">
    <ShortDescription>Incorrect lazy initialization and update of static field</ShortDescription>
    <Details><![CDATA[

<p> This method contains an unsynchronized lazy initialization of a static field.
After the field is set, the object stored into that location is further updated or accessed.
The setting of the field is visible to other threads as soon as it is set. If the
futher accesses in the method that set the field serve to initialize the object, then
you have a <em>very serious</em> multithreading bug, unless something else prevents
any other thread from accessing the stored object until it is fully initialized.
</p>
<p>Even if you feel confident that the method is never called by multiple
threads, it might be better to not set the static field until the value
you are setting it to is fully populated/initialized.

    ]]></Details>
  </BugPattern>
  <BugCode abbrev="LI">
    <Description>Unsynchronized Lazy Initialization</Description>
  </BugCode>
  <Errors errors="0" missingClasses="0"></Errors>
  <FindBugsSummary timestamp="Fri, 19 Apr 2019 09:16:34 -0500" total_classes="4" referenced_classes="44" total_bugs="1" total_size="177" num_packages="1" java_version="1.8.0_152-release" vm_version="25.152-b28" cpu_seconds="13.64" clock_seconds="61.44" peak_mbytes="1872.06" alloc_mbytes="2320.00" gc_seconds="0.03" priority_2="1">
    <FileStats path="io/seata/discovery/registry/zk/ZookeeperRegisterServiceImpl.java" bugCount="1" size="172" bugHash="f504d40d925003945cf6df2694896484"/>
    <FileStats path="io/seata/discovery/registry/zk/ZookeeperRegistryProvider.java" bugCount="0" size="5"/>
    <PackageStats package="io.seata.discovery.registry.zk" total_bugs="1" total_types="4" total_size="177" priority_2="1">
      <ClassStats class="io.seata.discovery.registry.zk.ZookeeperRegisterServiceImpl" sourceFile="ZookeeperRegisterServiceImpl.java" interface="false" size="150" bugs="1" priority_2="1"/>
      <ClassStats class="io.seata.discovery.registry.zk.ZookeeperRegisterServiceImpl$1" sourceFile="ZookeeperRegisterServiceImpl.java" interface="false" size="11" bugs="0"/>
      <ClassStats class="io.seata.discovery.registry.zk.ZookeeperRegisterServiceImpl$2" sourceFile="ZookeeperRegisterServiceImpl.java" interface="false" size="11" bugs="0"/>
      <ClassStats class="io.seata.discovery.registry.zk.ZookeeperRegistryProvider" sourceFile="ZookeeperRegistryProvider.java" interface="false" size="5" bugs="0"/>
    </PackageStats>
    <FindBugsProfile>
      <ClassProfile name="edu.umd.cs.findbugs.classfile.engine.ClassDataAnalysisEngine" totalMilliseconds="97" invocations="537" avgMicrosecondsPerInvocation="182" maxMicrosecondsPerInvocation="945" standardDeviationMircosecondsPerInvocation="54"/>
      <ClassProfile name="edu.umd.cs.findbugs.FindBugs2" totalMilliseconds="79" invocations="2" avgMicrosecondsPerInvocation="39771" maxMicrosecondsPerInvocation="73055" standardDeviationMircosecondsPerInvocation="33284"/>
      <ClassProfile name="edu.umd.cs.findbugs.classfile.engine.ClassInfoAnalysisEngine" totalMilliseconds="59" invocations="536" avgMicrosecondsPerInvocation="111" maxMicrosecondsPerInvocation="1953" standardDeviationMircosecondsPerInvocation="215"/>
      <ClassProfile name="edu.umd.cs.findbugs.detect.FieldItemSummary" totalMilliseconds="13" invocations="44" avgMicrosecondsPerInvocation="312" maxMicrosecondsPerInvocation="2680" standardDeviationMircosecondsPerInvocation="506"/>
      <ClassProfile name="edu.umd.cs.findbugs.OpcodeStack$JumpInfoFactory" totalMilliseconds="11" invocations="199" avgMicrosecondsPerInvocation="58" maxMicrosecondsPerInvocation="536" standardDeviationMircosecondsPerInvocation="65"/>
    </FindBugsProfile>
  </FindBugsSummary>
  <ClassFeatures></ClassFeatures>
  <History></History>
</BugCollection>
