<?xml version="1.0" encoding="UTF-8"?>
<?xml-stylesheet type="text/xsl" href="http://findbugs.sourceforge.net/xsl/default.xsl"?>

<BugCollection version="3.0.1" sequence="0" timestamp="1555683415028" analysisTimestamp="1555683414735" release="">
  <Project projectName="seata-parent[seata-discovery-nacos]">
    <Jar>C:\Users\Subhodip_PC\Desktop\seata v5.0\discovery\seata-discovery-nacos\target\classes\io\seata\discovery\registry\nacos\NacosRegistryProvider.class</Jar>
    <Jar>C:\Users\Subhodip_PC\Desktop\seata v5.0\discovery\seata-discovery-nacos\target\classes\io\seata\discovery\registry\nacos\NacosRegistryServiceImpl$1.class</Jar>
    <Jar>C:\Users\Subhodip_PC\Desktop\seata v5.0\discovery\seata-discovery-nacos\target\classes\io\seata\discovery\registry\nacos\NacosRegistryServiceImpl.class</Jar>
    <AuxClasspathEntry>C:/Users/Subhodip_PC/Desktop/seata v5.0/discovery/seata-discovery-nacos/target/classes</AuxClasspathEntry>
    <AuxClasspathEntry>C:/Users/Subhodip_PC/Desktop/seata v5.0/discovery/seata-discovery-core/target/classes</AuxClasspathEntry>
    <AuxClasspathEntry>C:/Users/Subhodip_PC/Desktop/seata v5.0/discovery/seata-discovery-core/target/test-classes</AuxClasspathEntry>
    <AuxClasspathEntry>C:/Users/Subhodip_PC/Desktop/seata v5.0/config/seata-config-core/target/classes</AuxClasspathEntry>
    <AuxClasspathEntry>C:/Users/Subhodip_PC/Desktop/seata v5.0/common/target/classes</AuxClasspathEntry>
    <AuxClasspathEntry>C:/Users/Subhodip_PC/Desktop/seata v5.0/common/target/test-classes</AuxClasspathEntry>
    <SrcDir>C:/Users/Subhodip_PC/Desktop/seata v5.0/discovery/seata-discovery-nacos/src/main/java</SrcDir>
    <SrcDir>C:/Users/Subhodip_PC/Desktop/seata v5.0/discovery/seata-discovery-nacos/src/main/resources</SrcDir>
  </Project>
  <Errors errors="0" missingClasses="0"></Errors>
  <FindBugsSummary timestamp="Fri, 19 Apr 2019 09:16:35 -0500" total_classes="3" referenced_classes="29" total_bugs="0" total_size="136" num_packages="1" java_version="1.8.0_152-release" vm_version="25.152-b28" cpu_seconds="26.95" clock_seconds="67.21" peak_mbytes="1872.17" alloc_mbytes="2320.00" gc_seconds="0.11">
    <FileStats path="io/seata/discovery/registry/nacos/NacosRegistryProvider.java" bugCount="0" size="5"/>
    <FileStats path="io/seata/discovery/registry/nacos/NacosRegistryServiceImpl.java" bugCount="0" size="131"/>
    <PackageStats package="io.seata.discovery.registry.nacos" total_bugs="0" total_types="3" total_size="136">
      <ClassStats class="io.seata.discovery.registry.nacos.NacosRegistryProvider" sourceFile="NacosRegistryProvider.java" interface="false" size="5" bugs="0"/>
      <ClassStats class="io.seata.discovery.registry.nacos.NacosRegistryServiceImpl" sourceFile="NacosRegistryServiceImpl.java" interface="false" size="114" bugs="0"/>
      <ClassStats class="io.seata.discovery.registry.nacos.NacosRegistryServiceImpl$1" sourceFile="NacosRegistryServiceImpl.java" interface="false" size="17" bugs="0"/>
    </PackageStats>
    <FindBugsProfile>
      <ClassProfile name="edu.umd.cs.findbugs.classfile.engine.ClassDataAnalysisEngine" totalMilliseconds="84" invocations="474" avgMicrosecondsPerInvocation="177" maxMicrosecondsPerInvocation="547" standardDeviationMircosecondsPerInvocation="39"/>
      <ClassProfile name="edu.umd.cs.findbugs.FindBugs2" totalMilliseconds="77" invocations="2" avgMicrosecondsPerInvocation="38620" maxMicrosecondsPerInvocation="72261" standardDeviationMircosecondsPerInvocation="33641"/>
      <ClassProfile name="edu.umd.cs.findbugs.classfile.engine.ClassInfoAnalysisEngine" totalMilliseconds="49" invocations="473" avgMicrosecondsPerInvocation="103" maxMicrosecondsPerInvocation="2033" standardDeviationMircosecondsPerInvocation="203"/>
    </FindBugsProfile>
  </FindBugsSummary>
  <ClassFeatures></ClassFeatures>
  <History></History>
</BugCollection>
