<?xml version="1.0" encoding="UTF-8"?>
<?xml-stylesheet type="text/xsl" href="http://findbugs.sourceforge.net/xsl/default.xsl"?>

<BugCollection version="3.0.1" sequence="0" timestamp="1555683420573" analysisTimestamp="1555683420269" release="">
  <Project projectName="seata-parent[seata-config-core]">
    <Jar>C:\Users\Subhodip_PC\Desktop\seata v5.0\config\seata-config-core\target\classes\io\seata\config\AbstractConfiguration.class</Jar>
    <Jar>C:\Users\Subhodip_PC\Desktop\seata v5.0\config\seata-config-core\target\classes\io\seata\config\ConfigChangeListener.class</Jar>
    <Jar>C:\Users\Subhodip_PC\Desktop\seata v5.0\config\seata-config-core\target\classes\io\seata\config\ConfigFuture$ConfigOperation.class</Jar>
    <Jar>C:\Users\Subhodip_PC\Desktop\seata v5.0\config\seata-config-core\target\classes\io\seata\config\ConfigFuture.class</Jar>
    <Jar>C:\Users\Subhodip_PC\Desktop\seata v5.0\config\seata-config-core\target\classes\io\seata\config\ConfigType.class</Jar>
    <Jar>C:\Users\Subhodip_PC\Desktop\seata v5.0\config\seata-config-core\target\classes\io\seata\config\Configuration.class</Jar>
    <Jar>C:\Users\Subhodip_PC\Desktop\seata v5.0\config\seata-config-core\target\classes\io\seata\config\ConfigurationFactory.class</Jar>
    <Jar>C:\Users\Subhodip_PC\Desktop\seata v5.0\config\seata-config-core\target\classes\io\seata\config\ConfigurationKeys.class</Jar>
    <Jar>C:\Users\Subhodip_PC\Desktop\seata v5.0\config\seata-config-core\target\classes\io\seata\config\ConfigurationProvider.class</Jar>
    <Jar>C:\Users\Subhodip_PC\Desktop\seata v5.0\config\seata-config-core\target\classes\io\seata\config\FileConfiguration$ConfigChangeRunnable.class</Jar>
    <Jar>C:\Users\Subhodip_PC\Desktop\seata v5.0\config\seata-config-core\target\classes\io\seata\config\FileConfiguration$ConfigOperateRunnable.class</Jar>
    <Jar>C:\Users\Subhodip_PC\Desktop\seata v5.0\config\seata-config-core\target\classes\io\seata\config\FileConfiguration.class</Jar>
    <AuxClasspathEntry>C:/Users/Subhodip_PC/Desktop/seata v5.0/config/seata-config-core/target/classes</AuxClasspathEntry>
    <AuxClasspathEntry>C:/Users/Subhodip_PC/Desktop/seata v5.0/common/target/classes</AuxClasspathEntry>
    <AuxClasspathEntry>C:/Users/Subhodip_PC/Desktop/seata v5.0/common/target/test-classes</AuxClasspathEntry>
    <SrcDir>C:/Users/Subhodip_PC/Desktop/seata v5.0/config/seata-config-core/src/main/java</SrcDir>
    <SrcDir>C:/Users/Subhodip_PC/Desktop/seata v5.0/config/seata-config-core/src/main/resources</SrcDir>
  </Project>
  <Errors errors="0" missingClasses="0"></Errors>
  <FindBugsSummary timestamp="Fri, 19 Apr 2019 09:16:34 -0500" total_classes="12" referenced_classes="58" total_bugs="0" total_size="348" num_packages="1" java_version="1.8.0_152-release" vm_version="25.152-b28" cpu_seconds="10.95" clock_seconds="60.24" peak_mbytes="1872.06" alloc_mbytes="2320.00" gc_seconds="0.02">
    <FileStats path="io/seata/config/AbstractConfiguration.java" bugCount="0" size="38"/>
    <FileStats path="io/seata/config/ConfigChangeListener.java" bugCount="0" size="3"/>
    <FileStats path="io/seata/config/ConfigFuture.java" bugCount="0" size="81"/>
    <FileStats path="io/seata/config/ConfigType.java" bugCount="0" size="20"/>
    <FileStats path="io/seata/config/Configuration.java" bugCount="0" size="23"/>
    <FileStats path="io/seata/config/ConfigurationFactory.java" bugCount="0" size="24"/>
    <FileStats path="io/seata/config/ConfigurationKeys.java" bugCount="0" size="7"/>
    <FileStats path="io/seata/config/ConfigurationProvider.java" bugCount="0" size="2"/>
    <FileStats path="io/seata/config/FileConfiguration.java" bugCount="0" size="150"/>
    <PackageStats package="io.seata.config" total_bugs="0" total_types="12" total_size="348">
      <ClassStats class="io.seata.config.AbstractConfiguration" sourceFile="AbstractConfiguration.java" interface="false" size="38" bugs="0"/>
      <ClassStats class="io.seata.config.ConfigChangeListener" sourceFile="ConfigChangeListener.java" interface="true" size="3" bugs="0"/>
      <ClassStats class="io.seata.config.ConfigFuture" sourceFile="ConfigFuture.java" interface="false" size="66" bugs="0"/>
      <ClassStats class="io.seata.config.ConfigFuture$ConfigOperation" sourceFile="ConfigFuture.java" interface="false" size="15" bugs="0"/>
      <ClassStats class="io.seata.config.ConfigType" sourceFile="ConfigType.java" interface="false" size="20" bugs="0"/>
      <ClassStats class="io.seata.config.Configuration" sourceFile="Configuration.java" interface="true" size="23" bugs="0"/>
      <ClassStats class="io.seata.config.ConfigurationFactory" sourceFile="ConfigurationFactory.java" interface="false" size="24" bugs="0"/>
      <ClassStats class="io.seata.config.ConfigurationKeys" sourceFile="ConfigurationKeys.java" interface="false" size="7" bugs="0"/>
      <ClassStats class="io.seata.config.ConfigurationProvider" sourceFile="ConfigurationProvider.java" interface="true" size="2" bugs="0"/>
      <ClassStats class="io.seata.config.FileConfiguration" sourceFile="FileConfiguration.java" interface="false" size="78" bugs="0"/>
      <ClassStats class="io.seata.config.FileConfiguration$ConfigChangeRunnable" sourceFile="FileConfiguration.java" interface="false" size="43" bugs="0"/>
      <ClassStats class="io.seata.config.FileConfiguration$ConfigOperateRunnable" sourceFile="FileConfiguration.java" interface="false" size="29" bugs="0"/>
    </PackageStats>
    <FindBugsProfile>
      <ClassProfile name="edu.umd.cs.findbugs.FindBugs2" totalMilliseconds="70" invocations="2" avgMicrosecondsPerInvocation="35449" maxMicrosecondsPerInvocation="66401" standardDeviationMircosecondsPerInvocation="30952"/>
      <ClassProfile name="edu.umd.cs.findbugs.classfile.engine.ClassDataAnalysisEngine" totalMilliseconds="56" invocations="493" avgMicrosecondsPerInvocation="114" maxMicrosecondsPerInvocation="397" standardDeviationMircosecondsPerInvocation="36"/>
      <ClassProfile name="edu.umd.cs.findbugs.classfile.engine.ClassInfoAnalysisEngine" totalMilliseconds="51" invocations="491" avgMicrosecondsPerInvocation="104" maxMicrosecondsPerInvocation="2020" standardDeviationMircosecondsPerInvocation="207"/>
      <ClassProfile name="edu.umd.cs.findbugs.detect.FieldItemSummary" totalMilliseconds="13" invocations="58" avgMicrosecondsPerInvocation="227" maxMicrosecondsPerInvocation="2915" standardDeviationMircosecondsPerInvocation="503"/>
    </FindBugsProfile>
  </FindBugsSummary>
  <ClassFeatures></ClassFeatures>
  <History></History>
</BugCollection>
