<?xml version="1.0" encoding="UTF-8"?>
<?xml-stylesheet type="text/xsl" href="http://findbugs.sourceforge.net/xsl/default.xsl"?>

<BugCollection version="3.0.1" sequence="0" timestamp="1555683420269" analysisTimestamp="1555683420056" release="">
  <Project projectName="seata-parent[seata-config-nacos]">
    <Jar>C:\Users\Subhodip_PC\Desktop\seata v5.0\config\seata-config-nacos\target\classes\io\seata\config\nacos\NacosConfiguration.class</Jar>
    <Jar>C:\Users\Subhodip_PC\Desktop\seata v5.0\config\seata-config-nacos\target\classes\io\seata\config\nacos\NacosConfigurationProvider.class</Jar>
    <AuxClasspathEntry>C:/Users/Subhodip_PC/Desktop/seata v5.0/config/seata-config-nacos/target/classes</AuxClasspathEntry>
    <AuxClasspathEntry>C:/Users/Subhodip_PC/Desktop/seata v5.0/config/seata-config-core/target/classes</AuxClasspathEntry>
    <AuxClasspathEntry>C:/Users/Subhodip_PC/Desktop/seata v5.0/common/target/classes</AuxClasspathEntry>
    <AuxClasspathEntry>C:/Users/Subhodip_PC/Desktop/seata v5.0/common/target/test-classes</AuxClasspathEntry>
    <SrcDir>C:/Users/Subhodip_PC/Desktop/seata v5.0/config/seata-config-nacos/src/main/java</SrcDir>
    <SrcDir>C:/Users/Subhodip_PC/Desktop/seata v5.0/config/seata-config-nacos/src/main/resources</SrcDir>
  </Project>
  <BugInstance type="ST_WRITE_TO_STATIC_FROM_INSTANCE_METHOD" priority="2" rank="17" abbrev="ST" category="STYLE" instanceHash="85e3ab6f18c846300c0477e0c619372" instanceOccurrenceNum="0" instanceOccurrenceMax="0">
    <ShortMessage>Write to static field from instance method</ShortMessage>
    <LongMessage>Write to static field io.seata.config.nacos.NacosConfiguration.configService from instance method new io.seata.config.nacos.NacosConfiguration()</LongMessage>
    <Class classname="io.seata.config.nacos.NacosConfiguration" primary="true">
      <SourceLine classname="io.seata.config.nacos.NacosConfiguration" sourcefile="NacosConfiguration.java" sourcepath="io/seata/config/nacos/NacosConfiguration.java" relSourcepath="java\io\seata\config\nacos\NacosConfiguration.java">
        <Message>In NacosConfiguration.java</Message>
      </SourceLine>
      <Message>In class io.seata.config.nacos.NacosConfiguration</Message>
    </Class>
    <Method classname="io.seata.config.nacos.NacosConfiguration" name="&lt;init&gt;" signature="()V" isStatic="false" primary="true">
      <SourceLine classname="io.seata.config.nacos.NacosConfiguration" start="55" end="59" startBytecode="0" endBytecode="92" sourcefile="NacosConfiguration.java" sourcepath="io/seata/config/nacos/NacosConfiguration.java" relSourcepath="java\io\seata\config\nacos\NacosConfiguration.java"/>
      <Message>In method new io.seata.config.nacos.NacosConfiguration()</Message>
    </Method>
    <Field classname="io.seata.config.nacos.NacosConfiguration" name="configService" signature="Lcom/alibaba/nacos/api/config/ConfigService;" isStatic="true" primary="true">
      <SourceLine classname="io.seata.config.nacos.NacosConfiguration" sourcefile="NacosConfiguration.java" sourcepath="io/seata/config/nacos/NacosConfiguration.java" relSourcepath="java\io\seata\config\nacos\NacosConfiguration.java">
        <Message>In NacosConfiguration.java</Message>
      </SourceLine>
      <Message>Field io.seata.config.nacos.NacosConfiguration.configService</Message>
    </Field>
    <SourceLine classname="io.seata.config.nacos.NacosConfiguration" primary="true" start="57" end="57" startBytecode="17" endBytecode="17" sourcefile="NacosConfiguration.java" sourcepath="io/seata/config/nacos/NacosConfiguration.java" relSourcepath="java\io\seata\config\nacos\NacosConfiguration.java">
      <Message>At NacosConfiguration.java:[line 57]</Message>
    </SourceLine>
    <SourceLine classname="io.seata.config.nacos.NacosConfiguration" primary="true" start="57" end="57" startBytecode="17" endBytecode="17" sourcefile="NacosConfiguration.java" sourcepath="io/seata/config/nacos/NacosConfiguration.java" relSourcepath="java\io\seata\config\nacos\NacosConfiguration.java">
      <Message>At NacosConfiguration.java:[line 57]</Message>
    </SourceLine>
  </BugInstance>
  <BugCategory category="STYLE">
    <Description>Dodgy code</Description>
  </BugCategory>
  <BugPattern type="ST_WRITE_TO_STATIC_FROM_INSTANCE_METHOD" abbrev="ST" category="STYLE">
    <ShortDescription>Write to static field from instance method</ShortDescription>
    <Details><![CDATA[

  <p> This instance method writes to a static field. This is tricky to get
correct if multiple instances are being manipulated,
and generally bad practice.
</p>

    ]]></Details>
  </BugPattern>
  <BugCode abbrev="ST">
    <Description>Misuse of static fields</Description>
  </BugCode>
  <Errors errors="0" missingClasses="0"></Errors>
  <FindBugsSummary timestamp="Fri, 19 Apr 2019 09:16:44 -0500" total_classes="2" referenced_classes="23" total_bugs="1" total_size="71" num_packages="1" java_version="1.8.0_152-release" vm_version="25.152-b28" cpu_seconds="14.00" clock_seconds="61.94" peak_mbytes="1872.21" alloc_mbytes="2320.00" gc_seconds="0.03" priority_2="1">
    <FileStats path="io/seata/config/nacos/NacosConfiguration.java" bugCount="1" size="64" bugHash="f87e38d02ed2c2c2286608ac7206d8aa"/>
    <FileStats path="io/seata/config/nacos/NacosConfigurationProvider.java" bugCount="0" size="7"/>
    <PackageStats package="io.seata.config.nacos" total_bugs="1" total_types="2" total_size="71" priority_2="1">
      <ClassStats class="io.seata.config.nacos.NacosConfiguration" sourceFile="NacosConfiguration.java" interface="false" size="64" bugs="1" priority_2="1"/>
      <ClassStats class="io.seata.config.nacos.NacosConfigurationProvider" sourceFile="NacosConfigurationProvider.java" interface="false" size="7" bugs="0"/>
    </PackageStats>
    <FindBugsProfile>
      <ClassProfile name="edu.umd.cs.findbugs.FindBugs2" totalMilliseconds="62" invocations="2" avgMicrosecondsPerInvocation="31181" maxMicrosecondsPerInvocation="57855" standardDeviationMircosecondsPerInvocation="26674"/>
      <ClassProfile name="edu.umd.cs.findbugs.classfile.engine.ClassDataAnalysisEngine" totalMilliseconds="50" invocations="362" avgMicrosecondsPerInvocation="139" maxMicrosecondsPerInvocation="1890" standardDeviationMircosecondsPerInvocation="100"/>
      <ClassProfile name="edu.umd.cs.findbugs.classfile.engine.ClassInfoAnalysisEngine" totalMilliseconds="44" invocations="359" avgMicrosecondsPerInvocation="122" maxMicrosecondsPerInvocation="1950" standardDeviationMircosecondsPerInvocation="235"/>
      <ClassProfile name="edu.umd.cs.findbugs.util.TopologicalSort" totalMilliseconds="14" invocations="321" avgMicrosecondsPerInvocation="45" maxMicrosecondsPerInvocation="10611" standardDeviationMircosecondsPerInvocation="590"/>
    </FindBugsProfile>
  </FindBugsSummary>
  <ClassFeatures></ClassFeatures>
  <History></History>
</BugCollection>
