<?xml version="1.0" encoding="UTF-8"?>
<?xml-stylesheet type="text/xsl" href="http://findbugs.sourceforge.net/xsl/default.xsl"?>

<BugCollection version="3.0.1" sequence="0" timestamp="1555497063093" analysisTimestamp="1555497060877" release="">
  <Project projectName="fescar-all[fescar-server]">
    <Jar>C:\Users\Subhodip_PC\Desktop\PROJECT\Seta_Downloads\seata-0.2.3\server\target\classes\com\alibaba\fescar\server\AbstractTCInboundHandler$1.class</Jar>
    <Jar>C:\Users\Subhodip_PC\Desktop\PROJECT\Seta_Downloads\seata-0.2.3\server\target\classes\com\alibaba\fescar\server\AbstractTCInboundHandler$2.class</Jar>
    <Jar>C:\Users\Subhodip_PC\Desktop\PROJECT\Seta_Downloads\seata-0.2.3\server\target\classes\com\alibaba\fescar\server\AbstractTCInboundHandler$3.class</Jar>
    <Jar>C:\Users\Subhodip_PC\Desktop\PROJECT\Seta_Downloads\seata-0.2.3\server\target\classes\com\alibaba\fescar\server\AbstractTCInboundHandler$4.class</Jar>
    <Jar>C:\Users\Subhodip_PC\Desktop\PROJECT\Seta_Downloads\seata-0.2.3\server\target\classes\com\alibaba\fescar\server\AbstractTCInboundHandler$5.class</Jar>
    <Jar>C:\Users\Subhodip_PC\Desktop\PROJECT\Seta_Downloads\seata-0.2.3\server\target\classes\com\alibaba\fescar\server\AbstractTCInboundHandler$6.class</Jar>
    <Jar>C:\Users\Subhodip_PC\Desktop\PROJECT\Seta_Downloads\seata-0.2.3\server\target\classes\com\alibaba\fescar\server\AbstractTCInboundHandler$7.class</Jar>
    <Jar>C:\Users\Subhodip_PC\Desktop\PROJECT\Seta_Downloads\seata-0.2.3\server\target\classes\com\alibaba\fescar\server\AbstractTCInboundHandler.class</Jar>
    <Jar>C:\Users\Subhodip_PC\Desktop\PROJECT\Seta_Downloads\seata-0.2.3\server\target\classes\com\alibaba\fescar\server\coordinator\Core.class</Jar>
    <Jar>C:\Users\Subhodip_PC\Desktop\PROJECT\Seta_Downloads\seata-0.2.3\server\target\classes\com\alibaba\fescar\server\coordinator\CoreFactory$SingletonHolder.class</Jar>
    <Jar>C:\Users\Subhodip_PC\Desktop\PROJECT\Seta_Downloads\seata-0.2.3\server\target\classes\com\alibaba\fescar\server\coordinator\CoreFactory.class</Jar>
    <Jar>C:\Users\Subhodip_PC\Desktop\PROJECT\Seta_Downloads\seata-0.2.3\server\target\classes\com\alibaba\fescar\server\coordinator\DefaultCoordinator$1.class</Jar>
    <Jar>C:\Users\Subhodip_PC\Desktop\PROJECT\Seta_Downloads\seata-0.2.3\server\target\classes\com\alibaba\fescar\server\coordinator\DefaultCoordinator$2.class</Jar>
    <Jar>C:\Users\Subhodip_PC\Desktop\PROJECT\Seta_Downloads\seata-0.2.3\server\target\classes\com\alibaba\fescar\server\coordinator\DefaultCoordinator$3.class</Jar>
    <Jar>C:\Users\Subhodip_PC\Desktop\PROJECT\Seta_Downloads\seata-0.2.3\server\target\classes\com\alibaba\fescar\server\coordinator\DefaultCoordinator$4.class</Jar>
    <Jar>C:\Users\Subhodip_PC\Desktop\PROJECT\Seta_Downloads\seata-0.2.3\server\target\classes\com\alibaba\fescar\server\coordinator\DefaultCoordinator.class</Jar>
    <Jar>C:\Users\Subhodip_PC\Desktop\PROJECT\Seta_Downloads\seata-0.2.3\server\target\classes\com\alibaba\fescar\server\coordinator\DefaultCore$1.class</Jar>
    <Jar>C:\Users\Subhodip_PC\Desktop\PROJECT\Seta_Downloads\seata-0.2.3\server\target\classes\com\alibaba\fescar\server\coordinator\DefaultCore.class</Jar>
    <Jar>C:\Users\Subhodip_PC\Desktop\PROJECT\Seta_Downloads\seata-0.2.3\server\target\classes\com\alibaba\fescar\server\lock\DefaultLockManagerImpl.class</Jar>
    <Jar>C:\Users\Subhodip_PC\Desktop\PROJECT\Seta_Downloads\seata-0.2.3\server\target\classes\com\alibaba\fescar\server\lock\LockManager.class</Jar>
    <Jar>C:\Users\Subhodip_PC\Desktop\PROJECT\Seta_Downloads\seata-0.2.3\server\target\classes\com\alibaba\fescar\server\lock\LockManagerFactory$SingletonHolder.class</Jar>
    <Jar>C:\Users\Subhodip_PC\Desktop\PROJECT\Seta_Downloads\seata-0.2.3\server\target\classes\com\alibaba\fescar\server\lock\LockManagerFactory.class</Jar>
    <Jar>C:\Users\Subhodip_PC\Desktop\PROJECT\Seta_Downloads\seata-0.2.3\server\target\classes\com\alibaba\fescar\server\Server.class</Jar>
    <Jar>C:\Users\Subhodip_PC\Desktop\PROJECT\Seta_Downloads\seata-0.2.3\server\target\classes\com\alibaba\fescar\server\session\AbstractSessionManager.class</Jar>
    <Jar>C:\Users\Subhodip_PC\Desktop\PROJECT\Seta_Downloads\seata-0.2.3\server\target\classes\com\alibaba\fescar\server\session\BranchSession.class</Jar>
    <Jar>C:\Users\Subhodip_PC\Desktop\PROJECT\Seta_Downloads\seata-0.2.3\server\target\classes\com\alibaba\fescar\server\session\DefaultSessionManager$1.class</Jar>
    <Jar>C:\Users\Subhodip_PC\Desktop\PROJECT\Seta_Downloads\seata-0.2.3\server\target\classes\com\alibaba\fescar\server\session\DefaultSessionManager.class</Jar>
    <Jar>C:\Users\Subhodip_PC\Desktop\PROJECT\Seta_Downloads\seata-0.2.3\server\target\classes\com\alibaba\fescar\server\session\FileBasedSessionManager$1.class</Jar>
    <Jar>C:\Users\Subhodip_PC\Desktop\PROJECT\Seta_Downloads\seata-0.2.3\server\target\classes\com\alibaba\fescar\server\session\FileBasedSessionManager.class</Jar>
    <Jar>C:\Users\Subhodip_PC\Desktop\PROJECT\Seta_Downloads\seata-0.2.3\server\target\classes\com\alibaba\fescar\server\session\GlobalSession.class</Jar>
    <Jar>C:\Users\Subhodip_PC\Desktop\PROJECT\Seta_Downloads\seata-0.2.3\server\target\classes\com\alibaba\fescar\server\session\Lockable.class</Jar>
    <Jar>C:\Users\Subhodip_PC\Desktop\PROJECT\Seta_Downloads\seata-0.2.3\server\target\classes\com\alibaba\fescar\server\session\Reloadable.class</Jar>
    <Jar>C:\Users\Subhodip_PC\Desktop\PROJECT\Seta_Downloads\seata-0.2.3\server\target\classes\com\alibaba\fescar\server\session\SessionCondition.class</Jar>
    <Jar>C:\Users\Subhodip_PC\Desktop\PROJECT\Seta_Downloads\seata-0.2.3\server\target\classes\com\alibaba\fescar\server\session\SessionHelper.class</Jar>
    <Jar>C:\Users\Subhodip_PC\Desktop\PROJECT\Seta_Downloads\seata-0.2.3\server\target\classes\com\alibaba\fescar\server\session\SessionHolder$1.class</Jar>
    <Jar>C:\Users\Subhodip_PC\Desktop\PROJECT\Seta_Downloads\seata-0.2.3\server\target\classes\com\alibaba\fescar\server\session\SessionHolder.class</Jar>
    <Jar>C:\Users\Subhodip_PC\Desktop\PROJECT\Seta_Downloads\seata-0.2.3\server\target\classes\com\alibaba\fescar\server\session\SessionLifecycle.class</Jar>
    <Jar>C:\Users\Subhodip_PC\Desktop\PROJECT\Seta_Downloads\seata-0.2.3\server\target\classes\com\alibaba\fescar\server\session\SessionLifecycleListener.class</Jar>
    <Jar>C:\Users\Subhodip_PC\Desktop\PROJECT\Seta_Downloads\seata-0.2.3\server\target\classes\com\alibaba\fescar\server\session\SessionManager.class</Jar>
    <Jar>C:\Users\Subhodip_PC\Desktop\PROJECT\Seta_Downloads\seata-0.2.3\server\target\classes\com\alibaba\fescar\server\store\FileTransactionStoreManager$WriteDataFileRunnable.class</Jar>
    <Jar>C:\Users\Subhodip_PC\Desktop\PROJECT\Seta_Downloads\seata-0.2.3\server\target\classes\com\alibaba\fescar\server\store\FileTransactionStoreManager.class</Jar>
    <Jar>C:\Users\Subhodip_PC\Desktop\PROJECT\Seta_Downloads\seata-0.2.3\server\target\classes\com\alibaba\fescar\server\store\SessionStorable.class</Jar>
    <Jar>C:\Users\Subhodip_PC\Desktop\PROJECT\Seta_Downloads\seata-0.2.3\server\target\classes\com\alibaba\fescar\server\store\TransactionStoreManager$LogOperation.class</Jar>
    <Jar>C:\Users\Subhodip_PC\Desktop\PROJECT\Seta_Downloads\seata-0.2.3\server\target\classes\com\alibaba\fescar\server\store\TransactionStoreManager.class</Jar>
    <Jar>C:\Users\Subhodip_PC\Desktop\PROJECT\Seta_Downloads\seata-0.2.3\server\target\classes\com\alibaba\fescar\server\store\TransactionWriteFuture.class</Jar>
    <Jar>C:\Users\Subhodip_PC\Desktop\PROJECT\Seta_Downloads\seata-0.2.3\server\target\classes\com\alibaba\fescar\server\store\TransactionWriteStore$1.class</Jar>
    <Jar>C:\Users\Subhodip_PC\Desktop\PROJECT\Seta_Downloads\seata-0.2.3\server\target\classes\com\alibaba\fescar\server\store\TransactionWriteStore.class</Jar>
    <Jar>C:\Users\Subhodip_PC\Desktop\PROJECT\Seta_Downloads\seata-0.2.3\server\target\classes\com\alibaba\fescar\server\UUIDGenerator.class</Jar>
    <Jar>C:\Users\Subhodip_PC\Desktop\PROJECT\Seta_Downloads\seata-0.2.3\server\target\test-classes\com\alibaba\fescar\server\coordinator\DefaultCoreTest.class</Jar>
    <Jar>C:\Users\Subhodip_PC\Desktop\PROJECT\Seta_Downloads\seata-0.2.3\server\target\test-classes\com\alibaba\fescar\server\lock\DefaultLockManagerImplTest.class</Jar>
    <Jar>C:\Users\Subhodip_PC\Desktop\PROJECT\Seta_Downloads\seata-0.2.3\server\target\test-classes\com\alibaba\fescar\server\lock\LockManagerTest.class</Jar>
    <Jar>C:\Users\Subhodip_PC\Desktop\PROJECT\Seta_Downloads\seata-0.2.3\server\target\test-classes\com\alibaba\fescar\server\session\BranchSessionTest.class</Jar>
    <Jar>C:\Users\Subhodip_PC\Desktop\PROJECT\Seta_Downloads\seata-0.2.3\server\target\test-classes\com\alibaba\fescar\server\session\DefaultSessionManagerTest.class</Jar>
    <Jar>C:\Users\Subhodip_PC\Desktop\PROJECT\Seta_Downloads\seata-0.2.3\server\target\test-classes\com\alibaba\fescar\server\session\FileBasedSessionManagerTest.class</Jar>
    <Jar>C:\Users\Subhodip_PC\Desktop\PROJECT\Seta_Downloads\seata-0.2.3\server\target\test-classes\com\alibaba\fescar\server\session\GlobalSessionTest.class</Jar>
    <Jar>C:\Users\Subhodip_PC\Desktop\PROJECT\Seta_Downloads\seata-0.2.3\server\target\test-classes\com\alibaba\fescar\server\store\SessionStoreTest.class</Jar>
    <Jar>C:\Users\Subhodip_PC\Desktop\PROJECT\Seta_Downloads\seata-0.2.3\server\target\test-classes\com\alibaba\fescar\server\UUIDGeneratorOverflowTest.class</Jar>
    <Jar>C:\Users\Subhodip_PC\Desktop\PROJECT\Seta_Downloads\seata-0.2.3\server\target\test-classes\ServerTest.class</Jar>
    <Jar>C:\Users\Subhodip_PC\Desktop\PROJECT\Seta_Downloads\seata-0.2.3\server\target\test-classes\WriteStoreTest$1.class</Jar>
    <Jar>C:\Users\Subhodip_PC\Desktop\PROJECT\Seta_Downloads\seata-0.2.3\server\target\test-classes\WriteStoreTest.class</Jar>
    <AuxClasspathEntry>C:/Users/Subhodip_PC/Desktop/PROJECT/Seta_Downloads/seata-0.2.3/server/target/classes</AuxClasspathEntry>
    <AuxClasspathEntry>C:/Users/Subhodip_PC/Desktop/PROJECT/Seta_Downloads/seata-0.2.3/server/target/test-classes</AuxClasspathEntry>
    <AuxClasspathEntry>C:/Users/Subhodip_PC/Desktop/PROJECT/Seta_Downloads/seata-0.2.3/common/target/classes</AuxClasspathEntry>
    <AuxClasspathEntry>C:/Users/Subhodip_PC/Desktop/PROJECT/Seta_Downloads/seata-0.2.3/common/target/test-classes</AuxClasspathEntry>
    <AuxClasspathEntry>C:/Users/Subhodip_PC/Desktop/PROJECT/Seta_Downloads/seata-0.2.3/discovery/target/classes</AuxClasspathEntry>
    <AuxClasspathEntry>C:/Users/Subhodip_PC/Desktop/PROJECT/Seta_Downloads/seata-0.2.3/discovery/target/test-classes</AuxClasspathEntry>
    <AuxClasspathEntry>C:/Users/Subhodip_PC/Desktop/PROJECT/Seta_Downloads/seata-0.2.3/config/target/classes</AuxClasspathEntry>
    <AuxClasspathEntry>C:/Users/Subhodip_PC/Desktop/PROJECT/Seta_Downloads/seata-0.2.3/config/target/test-classes</AuxClasspathEntry>
    <AuxClasspathEntry>C:/Users/Subhodip_PC/Desktop/PROJECT/Seta_Downloads/seata-0.2.3/core/target/classes</AuxClasspathEntry>
    <AuxClasspathEntry>C:/Users/Subhodip_PC/Desktop/PROJECT/Seta_Downloads/seata-0.2.3/core/target/test-classes</AuxClasspathEntry>
    <SrcDir>C:/Users/Subhodip_PC/Desktop/PROJECT/Seta_Downloads/seata-0.2.3/server/src/main/java</SrcDir>
    <SrcDir>C:/Users/Subhodip_PC/Desktop/PROJECT/Seta_Downloads/seata-0.2.3/server/src/main/resources</SrcDir>
    <SrcDir>C:/Users/Subhodip_PC/Desktop/PROJECT/Seta_Downloads/seata-0.2.3/server/src/test/java</SrcDir>
  </Project>
  <BugInstance type="JLM_JSR166_UTILCONCURRENT_MONITORENTER" priority="2" rank="8" abbrev="JLM" category="MT_CORRECTNESS" instanceHash="48ac1dbe0af12f5ede860f9717606beb" instanceOccurrenceNum="0" instanceOccurrenceMax="0">
    <ShortMessage>Synchronization performed on util.concurrent instance</ShortMessage>
    <LongMessage>Synchronization performed on java.util.concurrent.atomic.AtomicLong in com.alibaba.fescar.server.UUIDGenerator.generateUUID()</LongMessage>
    <Class classname="com.alibaba.fescar.server.UUIDGenerator" primary="true">
      <SourceLine classname="com.alibaba.fescar.server.UUIDGenerator" sourcefile="UUIDGenerator.java" sourcepath="com/alibaba/fescar/server/UUIDGenerator.java" relSourcepath="main\java\com\alibaba\fescar\server\UUIDGenerator.java">
        <Message>In UUIDGenerator.java</Message>
      </SourceLine>
      <Message>In class com.alibaba.fescar.server.UUIDGenerator</Message>
    </Class>
    <Method classname="com.alibaba.fescar.server.UUIDGenerator" name="generateUUID" signature="()J" isStatic="true" primary="true">
      <SourceLine classname="com.alibaba.fescar.server.UUIDGenerator" start="42" end="51" startBytecode="0" endBytecode="171" sourcefile="UUIDGenerator.java" sourcepath="com/alibaba/fescar/server/UUIDGenerator.java" relSourcepath="main\java\com\alibaba\fescar\server\UUIDGenerator.java"/>
      <Message>In method com.alibaba.fescar.server.UUIDGenerator.generateUUID()</Message>
    </Method>
    <Type descriptor="Ljava/util/concurrent/atomic/AtomicLong;">
      <SourceLine classname="java.util.concurrent.atomic.AtomicLong" start="58" end="347" sourcefile="AtomicLong.java" sourcepath="java/util/concurrent/atomic/AtomicLong.java">
        <Message>At AtomicLong.java:[lines 58-347]</Message>
      </SourceLine>
      <Message>Type java.util.concurrent.atomic.AtomicLong</Message>
    </Type>
    <Field classname="com.alibaba.fescar.server.UUIDGenerator" name="UUID" signature="Ljava/util/concurrent/atomic/AtomicLong;" isStatic="true" primary="true" role="FIELD_VALUE_OF">
      <SourceLine classname="com.alibaba.fescar.server.UUIDGenerator" sourcefile="UUIDGenerator.java" sourcepath="com/alibaba/fescar/server/UUIDGenerator.java" relSourcepath="main\java\com\alibaba\fescar\server\UUIDGenerator.java">
        <Message>In UUIDGenerator.java</Message>
      </SourceLine>
      <Message>Value loaded from field com.alibaba.fescar.server.UUIDGenerator.UUID</Message>
    </Field>
    <SourceLine classname="com.alibaba.fescar.server.UUIDGenerator" primary="true" start="44" end="44" startBytecode="27" endBytecode="27" sourcefile="UUIDGenerator.java" sourcepath="com/alibaba/fescar/server/UUIDGenerator.java" relSourcepath="main\java\com\alibaba\fescar\server\UUIDGenerator.java">
      <Message>At UUIDGenerator.java:[line 44]</Message>
    </SourceLine>
  </BugInstance>
  <BugInstance type="DM_DEFAULT_ENCODING" priority="1" rank="19" abbrev="Dm" category="I18N" instanceHash="1d78da73bb647d8179d1c37ac8103167" instanceOccurrenceNum="0" instanceOccurrenceMax="0">
    <ShortMessage>Reliance on default encoding</ShortMessage>
    <LongMessage>Found reliance on default encoding in com.alibaba.fescar.server.session.BranchSession.decode(byte[]): new String(byte[])</LongMessage>
    <Class classname="com.alibaba.fescar.server.session.BranchSession" primary="true">
      <SourceLine classname="com.alibaba.fescar.server.session.BranchSession" sourcefile="BranchSession.java" sourcepath="com/alibaba/fescar/server/session/BranchSession.java" relSourcepath="main\java\com\alibaba\fescar\server\session\BranchSession.java">
        <Message>In BranchSession.java</Message>
      </SourceLine>
      <Message>In class com.alibaba.fescar.server.session.BranchSession</Message>
    </Class>
    <Method classname="com.alibaba.fescar.server.session.BranchSession" name="decode" signature="([B)V" isStatic="false" primary="true">
      <SourceLine classname="com.alibaba.fescar.server.session.BranchSession" start="310" end="339" startBytecode="0" endBytecode="442" sourcefile="BranchSession.java" sourcepath="com/alibaba/fescar/server/session/BranchSession.java" relSourcepath="main\java\com\alibaba\fescar\server\session\BranchSession.java"/>
      <Message>In method com.alibaba.fescar.server.session.BranchSession.decode(byte[])</Message>
    </Method>
    <Method classname="java.lang.String" name="&lt;init&gt;" signature="([B)V" isStatic="false" role="METHOD_CALLED">
      <SourceLine classname="java.lang.String" start="566" end="567" startBytecode="0" endBytecode="36" sourcefile="String.java" sourcepath="java/lang/String.java"/>
      <Message>Called method new String(byte[])</Message>
    </Method>
    <SourceLine classname="com.alibaba.fescar.server.session.BranchSession" primary="true" start="317" end="317" startBytecode="49" endBytecode="49" sourcefile="BranchSession.java" sourcepath="com/alibaba/fescar/server/session/BranchSession.java" relSourcepath="main\java\com\alibaba\fescar\server\session\BranchSession.java">
      <Message>At BranchSession.java:[line 317]</Message>
    </SourceLine>
    <SourceLine classname="com.alibaba.fescar.server.session.BranchSession" primary="true" start="317" end="317" startBytecode="49" endBytecode="49" sourcefile="BranchSession.java" sourcepath="com/alibaba/fescar/server/session/BranchSession.java" relSourcepath="main\java\com\alibaba\fescar\server\session\BranchSession.java">
      <Message>At BranchSession.java:[line 317]</Message>
    </SourceLine>
  </BugInstance>
  <BugInstance type="DM_DEFAULT_ENCODING" priority="1" rank="19" abbrev="Dm" category="I18N" instanceHash="d16469fa8277cbc04c7818dbe0e929dd" instanceOccurrenceNum="0" instanceOccurrenceMax="0">
    <ShortMessage>Reliance on default encoding</ShortMessage>
    <LongMessage>Found reliance on default encoding in com.alibaba.fescar.server.session.BranchSession.encode(): String.getBytes()</LongMessage>
    <Class classname="com.alibaba.fescar.server.session.BranchSession" primary="true">
      <SourceLine classname="com.alibaba.fescar.server.session.BranchSession" sourcefile="BranchSession.java" sourcepath="com/alibaba/fescar/server/session/BranchSession.java" relSourcepath="main\java\com\alibaba\fescar\server\session\BranchSession.java">
        <Message>In BranchSession.java</Message>
      </SourceLine>
      <Message>In class com.alibaba.fescar.server.session.BranchSession</Message>
    </Class>
    <Method classname="com.alibaba.fescar.server.session.BranchSession" name="encode" signature="()[B" isStatic="false" primary="true">
      <SourceLine classname="com.alibaba.fescar.server.session.BranchSession" start="270" end="305" startBytecode="0" endBytecode="457" sourcefile="BranchSession.java" sourcepath="com/alibaba/fescar/server/session/BranchSession.java" relSourcepath="main\java\com\alibaba\fescar\server\session\BranchSession.java"/>
      <Message>In method com.alibaba.fescar.server.session.BranchSession.encode()</Message>
    </Method>
    <Method classname="java.lang.String" name="getBytes" signature="()[B" isStatic="false" role="METHOD_CALLED">
      <SourceLine classname="java.lang.String" start="958" end="958" startBytecode="0" endBytecode="37" sourcefile="String.java" sourcepath="java/lang/String.java"/>
      <Message>Called method String.getBytes()</Message>
    </Method>
    <SourceLine classname="com.alibaba.fescar.server.session.BranchSession" primary="true" start="274" end="274" startBytecode="37" endBytecode="37" sourcefile="BranchSession.java" sourcepath="com/alibaba/fescar/server/session/BranchSession.java" relSourcepath="main\java\com\alibaba\fescar\server\session\BranchSession.java">
      <Message>At BranchSession.java:[line 274]</Message>
    </SourceLine>
    <SourceLine classname="com.alibaba.fescar.server.session.BranchSession" primary="true" start="274" end="274" startBytecode="37" endBytecode="37" sourcefile="BranchSession.java" sourcepath="com/alibaba/fescar/server/session/BranchSession.java" relSourcepath="main\java\com\alibaba\fescar\server\session\BranchSession.java">
      <Message>At BranchSession.java:[line 274]</Message>
    </SourceLine>
  </BugInstance>
  <BugInstance type="EQ_COMPARETO_USE_OBJECT_EQUALS" priority="2" rank="16" abbrev="Eq" category="BAD_PRACTICE" instanceHash="1bdae33e9de40f659a71e42951c928a4" instanceOccurrenceNum="0" instanceOccurrenceMax="0">
    <ShortMessage>Class defines compareTo(...) and uses Object.equals()</ShortMessage>
    <LongMessage>com.alibaba.fescar.server.session.BranchSession defines compareTo(BranchSession) and uses Object.equals()</LongMessage>
    <Class classname="com.alibaba.fescar.server.session.BranchSession" primary="true">
      <SourceLine classname="com.alibaba.fescar.server.session.BranchSession" sourcefile="BranchSession.java" sourcepath="com/alibaba/fescar/server/session/BranchSession.java" relSourcepath="main\java\com\alibaba\fescar\server\session\BranchSession.java">
        <Message>In BranchSession.java</Message>
      </SourceLine>
      <Message>In class com.alibaba.fescar.server.session.BranchSession</Message>
    </Class>
    <Method classname="com.alibaba.fescar.server.session.BranchSession" name="compareTo" signature="(Lcom/alibaba/fescar/server/session/BranchSession;)I" isStatic="false" primary="true">
      <SourceLine classname="com.alibaba.fescar.server.session.BranchSession" start="225" end="225" startBytecode="0" endBytecode="97" sourcefile="BranchSession.java" sourcepath="com/alibaba/fescar/server/session/BranchSession.java" relSourcepath="main\java\com\alibaba\fescar\server\session\BranchSession.java"/>
      <Message>In method com.alibaba.fescar.server.session.BranchSession.compareTo(BranchSession)</Message>
    </Method>
    <SourceLine classname="com.alibaba.fescar.server.session.BranchSession" start="225" end="225" startBytecode="0" endBytecode="97" sourcefile="BranchSession.java" sourcepath="com/alibaba/fescar/server/session/BranchSession.java" relSourcepath="main\java\com\alibaba\fescar\server\session\BranchSession.java" synthetic="true">
      <Message>At BranchSession.java:[line 225]</Message>
    </SourceLine>
  </BugInstance>
  <BugInstance type="UPM_UNCALLED_PRIVATE_METHOD" priority="2" rank="18" abbrev="UPM" category="PERFORMANCE" instanceHash="8f860a1e586b886d6588f75a434ed35d" instanceOccurrenceNum="0" instanceOccurrenceMax="0">
    <ShortMessage>Private method is never called</ShortMessage>
    <LongMessage>Private method com.alibaba.fescar.server.session.FileBasedSessionManager.restore(TransactionWriteStore) is never called</LongMessage>
    <Class classname="com.alibaba.fescar.server.session.FileBasedSessionManager" primary="true">
      <SourceLine classname="com.alibaba.fescar.server.session.FileBasedSessionManager" sourcefile="FileBasedSessionManager.java" sourcepath="com/alibaba/fescar/server/session/FileBasedSessionManager.java" relSourcepath="main\java\com\alibaba\fescar\server\session\FileBasedSessionManager.java">
        <Message>In FileBasedSessionManager.java</Message>
      </SourceLine>
      <Message>In class com.alibaba.fescar.server.session.FileBasedSessionManager</Message>
    </Class>
    <Method classname="com.alibaba.fescar.server.session.FileBasedSessionManager" name="restore" signature="(Lcom/alibaba/fescar/server/store/TransactionWriteStore;)V" isStatic="false" primary="true">
      <SourceLine classname="com.alibaba.fescar.server.session.FileBasedSessionManager" start="193" end="193" startBytecode="0" endBytecode="52" sourcefile="FileBasedSessionManager.java" sourcepath="com/alibaba/fescar/server/session/FileBasedSessionManager.java" relSourcepath="main\java\com\alibaba\fescar\server\session\FileBasedSessionManager.java"/>
      <Message>In method com.alibaba.fescar.server.session.FileBasedSessionManager.restore(TransactionWriteStore)</Message>
    </Method>
    <SourceLine classname="com.alibaba.fescar.server.session.FileBasedSessionManager" start="193" end="193" startBytecode="0" endBytecode="52" sourcefile="FileBasedSessionManager.java" sourcepath="com/alibaba/fescar/server/session/FileBasedSessionManager.java" relSourcepath="main\java\com\alibaba\fescar\server\session\FileBasedSessionManager.java" synthetic="true">
      <Message>At FileBasedSessionManager.java:[line 193]</Message>
    </SourceLine>
  </BugInstance>
  <BugInstance type="DM_DEFAULT_ENCODING" priority="1" rank="19" abbrev="Dm" category="I18N" instanceHash="9d44d5c35a6c8fed3b160a75c270a216" instanceOccurrenceNum="0" instanceOccurrenceMax="0">
    <ShortMessage>Reliance on default encoding</ShortMessage>
    <LongMessage>Found reliance on default encoding in com.alibaba.fescar.server.session.GlobalSession.decode(byte[]): new String(byte[])</LongMessage>
    <Class classname="com.alibaba.fescar.server.session.GlobalSession" primary="true">
      <SourceLine classname="com.alibaba.fescar.server.session.GlobalSession" sourcefile="GlobalSession.java" sourcepath="com/alibaba/fescar/server/session/GlobalSession.java" relSourcepath="main\java\com\alibaba\fescar\server\session\GlobalSession.java">
        <Message>In GlobalSession.java</Message>
      </SourceLine>
      <Message>In class com.alibaba.fescar.server.session.GlobalSession</Message>
    </Class>
    <Method classname="com.alibaba.fescar.server.session.GlobalSession" name="decode" signature="([B)V" isStatic="false" primary="true">
      <SourceLine classname="com.alibaba.fescar.server.session.GlobalSession" start="402" end="425" startBytecode="0" endBytecode="373" sourcefile="GlobalSession.java" sourcepath="com/alibaba/fescar/server/session/GlobalSession.java" relSourcepath="main\java\com\alibaba\fescar\server\session\GlobalSession.java"/>
      <Message>In method com.alibaba.fescar.server.session.GlobalSession.decode(byte[])</Message>
    </Method>
    <Method classname="java.lang.String" name="&lt;init&gt;" signature="([B)V" isStatic="false" role="METHOD_CALLED">
      <SourceLine classname="java.lang.String" start="566" end="567" startBytecode="0" endBytecode="36" sourcefile="String.java" sourcepath="java/lang/String.java"/>
      <Message>Called method new String(byte[])</Message>
    </Method>
    <SourceLine classname="com.alibaba.fescar.server.session.GlobalSession" primary="true" start="409" end="409" startBytecode="49" endBytecode="49" sourcefile="GlobalSession.java" sourcepath="com/alibaba/fescar/server/session/GlobalSession.java" relSourcepath="main\java\com\alibaba\fescar\server\session\GlobalSession.java">
      <Message>At GlobalSession.java:[line 409]</Message>
    </SourceLine>
    <SourceLine classname="com.alibaba.fescar.server.session.GlobalSession" primary="true" start="409" end="409" startBytecode="49" endBytecode="49" sourcefile="GlobalSession.java" sourcepath="com/alibaba/fescar/server/session/GlobalSession.java" relSourcepath="main\java\com\alibaba\fescar\server\session\GlobalSession.java">
      <Message>At GlobalSession.java:[line 409]</Message>
    </SourceLine>
  </BugInstance>
  <BugInstance type="DM_DEFAULT_ENCODING" priority="1" rank="19" abbrev="Dm" category="I18N" instanceHash="246774c6fcf768e06a3144e399708b68" instanceOccurrenceNum="0" instanceOccurrenceMax="0">
    <ShortMessage>Reliance on default encoding</ShortMessage>
    <LongMessage>Found reliance on default encoding in com.alibaba.fescar.server.session.GlobalSession.encode(): String.getBytes()</LongMessage>
    <Class classname="com.alibaba.fescar.server.session.GlobalSession" primary="true">
      <SourceLine classname="com.alibaba.fescar.server.session.GlobalSession" sourcefile="GlobalSession.java" sourcepath="com/alibaba/fescar/server/session/GlobalSession.java" relSourcepath="main\java\com\alibaba\fescar\server\session\GlobalSession.java">
        <Message>In GlobalSession.java</Message>
      </SourceLine>
      <Message>In class com.alibaba.fescar.server.session.GlobalSession</Message>
    </Class>
    <Method classname="com.alibaba.fescar.server.session.GlobalSession" name="encode" signature="()[B" isStatic="false" primary="true">
      <SourceLine classname="com.alibaba.fescar.server.session.GlobalSession" start="368" end="397" startBytecode="0" endBytecode="398" sourcefile="GlobalSession.java" sourcepath="com/alibaba/fescar/server/session/GlobalSession.java" relSourcepath="main\java\com\alibaba\fescar\server\session\GlobalSession.java"/>
      <Message>In method com.alibaba.fescar.server.session.GlobalSession.encode()</Message>
    </Method>
    <Method classname="java.lang.String" name="getBytes" signature="()[B" isStatic="false" role="METHOD_CALLED">
      <SourceLine classname="java.lang.String" start="958" end="958" startBytecode="0" endBytecode="37" sourcefile="String.java" sourcepath="java/lang/String.java"/>
      <Message>Called method String.getBytes()</Message>
    </Method>
    <SourceLine classname="com.alibaba.fescar.server.session.GlobalSession" primary="true" start="372" end="372" startBytecode="37" endBytecode="37" sourcefile="GlobalSession.java" sourcepath="com/alibaba/fescar/server/session/GlobalSession.java" relSourcepath="main\java\com\alibaba\fescar\server\session\GlobalSession.java">
      <Message>At GlobalSession.java:[line 372]</Message>
    </SourceLine>
    <SourceLine classname="com.alibaba.fescar.server.session.GlobalSession" primary="true" start="372" end="372" startBytecode="37" endBytecode="37" sourcefile="GlobalSession.java" sourcepath="com/alibaba/fescar/server/session/GlobalSession.java" relSourcepath="main\java\com\alibaba\fescar\server\session\GlobalSession.java">
      <Message>At GlobalSession.java:[line 372]</Message>
    </SourceLine>
  </BugInstance>
  <BugInstance type="RV_RETURN_VALUE_IGNORED_BAD_PRACTICE" priority="2" rank="16" abbrev="RV" category="BAD_PRACTICE" instanceHash="e06147429d3bd5e78a70b6c86da74f8b" instanceOccurrenceNum="0" instanceOccurrenceMax="0" cweid="253">
    <ShortMessage>Method ignores exceptional return value</ShortMessage>
    <LongMessage>Exceptional return value of java.io.File.createNewFile() ignored in com.alibaba.fescar.server.store.FileTransactionStoreManager.initFile(String)</LongMessage>
    <Class classname="com.alibaba.fescar.server.store.FileTransactionStoreManager" primary="true">
      <SourceLine classname="com.alibaba.fescar.server.store.FileTransactionStoreManager" sourcefile="FileTransactionStoreManager.java" sourcepath="com/alibaba/fescar/server/store/FileTransactionStoreManager.java" relSourcepath="main\java\com\alibaba\fescar\server\store\FileTransactionStoreManager.java">
        <Message>In FileTransactionStoreManager.java</Message>
      </SourceLine>
      <Message>In class com.alibaba.fescar.server.store.FileTransactionStoreManager</Message>
    </Class>
    <Method classname="com.alibaba.fescar.server.store.FileTransactionStoreManager" name="initFile" signature="(Ljava/lang/String;)V" isStatic="false" primary="true">
      <SourceLine classname="com.alibaba.fescar.server.store.FileTransactionStoreManager" start="96" end="113" startBytecode="0" endBytecode="301" sourcefile="FileTransactionStoreManager.java" sourcepath="com/alibaba/fescar/server/store/FileTransactionStoreManager.java" relSourcepath="main\java\com\alibaba\fescar\server\store\FileTransactionStoreManager.java"/>
      <Message>In method com.alibaba.fescar.server.store.FileTransactionStoreManager.initFile(String)</Message>
    </Method>
    <Method classname="java.io.File" name="createNewFile" signature="()Z" isStatic="false" role="METHOD_CALLED">
      <SourceLine classname="java.io.File" start="1007" end="1012" startBytecode="0" endBytecode="98" sourcefile="File.java" sourcepath="java/io/File.java"/>
      <Message>Called method java.io.File.createNewFile()</Message>
    </Method>
    <SourceLine classname="com.alibaba.fescar.server.store.FileTransactionStoreManager" primary="true" start="101" end="101" startBytecode="57" endBytecode="57" sourcefile="FileTransactionStoreManager.java" sourcepath="com/alibaba/fescar/server/store/FileTransactionStoreManager.java" relSourcepath="main\java\com\alibaba\fescar\server\store\FileTransactionStoreManager.java">
      <Message>At FileTransactionStoreManager.java:[line 101]</Message>
    </SourceLine>
    <SourceLine classname="com.alibaba.fescar.server.store.FileTransactionStoreManager" primary="true" start="101" end="101" startBytecode="57" endBytecode="57" sourcefile="FileTransactionStoreManager.java" sourcepath="com/alibaba/fescar/server/store/FileTransactionStoreManager.java" relSourcepath="main\java\com\alibaba\fescar\server\store\FileTransactionStoreManager.java">
      <Message>At FileTransactionStoreManager.java:[line 101]</Message>
    </SourceLine>
  </BugInstance>
  <BugInstance type="RV_RETURN_VALUE_IGNORED_BAD_PRACTICE" priority="2" rank="16" abbrev="RV" category="BAD_PRACTICE" instanceHash="f29d639b1048348a7ade79cc0a7b74a0" instanceOccurrenceNum="0" instanceOccurrenceMax="0" cweid="253">
    <ShortMessage>Method ignores exceptional return value</ShortMessage>
    <LongMessage>Exceptional return value of java.io.File.delete() ignored in com.alibaba.fescar.server.store.SessionStoreTest.clean()</LongMessage>
    <Class classname="com.alibaba.fescar.server.store.SessionStoreTest" primary="true">
      <SourceLine classname="com.alibaba.fescar.server.store.SessionStoreTest" sourcefile="SessionStoreTest.java" sourcepath="com/alibaba/fescar/server/store/SessionStoreTest.java" relSourcepath="test\java\com\alibaba\fescar\server\store\SessionStoreTest.java">
        <Message>In SessionStoreTest.java</Message>
      </SourceLine>
      <Message>In class com.alibaba.fescar.server.store.SessionStoreTest</Message>
    </Class>
    <Method classname="com.alibaba.fescar.server.store.SessionStoreTest" name="clean" signature="()V" isStatic="false" primary="true">
      <SourceLine classname="com.alibaba.fescar.server.store.SessionStoreTest" start="24" end="35" startBytecode="0" endBytecode="168" sourcefile="SessionStoreTest.java" sourcepath="com/alibaba/fescar/server/store/SessionStoreTest.java" relSourcepath="test\java\com\alibaba\fescar\server\store\SessionStoreTest.java"/>
      <Message>In method com.alibaba.fescar.server.store.SessionStoreTest.clean()</Message>
    </Method>
    <Method classname="java.io.File" name="delete" signature="()Z" isStatic="false" role="METHOD_CALLED">
      <SourceLine classname="java.io.File" start="1034" end="1041" startBytecode="0" endBytecode="91" sourcefile="File.java" sourcepath="java/io/File.java"/>
      <Message>Called method java.io.File.delete()</Message>
    </Method>
    <SourceLine classname="com.alibaba.fescar.server.store.SessionStoreTest" primary="true" start="28" end="28" startBytecode="28" endBytecode="28" sourcefile="SessionStoreTest.java" sourcepath="com/alibaba/fescar/server/store/SessionStoreTest.java" relSourcepath="test\java\com\alibaba\fescar\server\store\SessionStoreTest.java">
      <Message>At SessionStoreTest.java:[line 28]</Message>
    </SourceLine>
    <SourceLine classname="com.alibaba.fescar.server.store.SessionStoreTest" primary="true" start="28" end="28" startBytecode="28" endBytecode="28" sourcefile="SessionStoreTest.java" sourcepath="com/alibaba/fescar/server/store/SessionStoreTest.java" relSourcepath="test\java\com\alibaba\fescar\server\store\SessionStoreTest.java">
      <Message>At SessionStoreTest.java:[line 28]</Message>
    </SourceLine>
  </BugInstance>
  <BugCategory category="BAD_PRACTICE">
    <Description>Bad practice</Description>
  </BugCategory>
  <BugCategory category="PERFORMANCE">
    <Description>Performance</Description>
  </BugCategory>
  <BugCategory category="MT_CORRECTNESS">
    <Description>Multithreaded correctness</Description>
  </BugCategory>
  <BugCategory category="I18N">
    <Description>Internationalization</Description>
  </BugCategory>
  <BugPattern type="EQ_COMPARETO_USE_OBJECT_EQUALS" abbrev="Eq" category="BAD_PRACTICE">
    <ShortDescription>Class defines compareTo(...) and uses Object.equals()</ShortDescription>
    <Details><![CDATA[

  <p> This class defines a <code>compareTo(...)</code> method but inherits its
  <code>equals()</code> method from <code>java.lang.Object</code>.
    Generally, the value of compareTo should return zero if and only if
    equals returns true. If this is violated, weird and unpredictable
    failures will occur in classes such as PriorityQueue.
    In Java 5 the PriorityQueue.remove method uses the compareTo method,
    while in Java 6 it uses the equals method.</p>

<p>From the JavaDoc for the compareTo method in the Comparable interface:
<blockquote>
It is strongly recommended, but not strictly required that <code>(x.compareTo(y)==0) == (x.equals(y))</code>.
Generally speaking, any class that implements the Comparable interface and violates this condition
should clearly indicate this fact. The recommended language
is "Note: this class has a natural ordering that is inconsistent with equals."
</blockquote></p>

    ]]></Details>
  </BugPattern>
  <BugPattern type="JLM_JSR166_UTILCONCURRENT_MONITORENTER" abbrev="JLM" category="MT_CORRECTNESS">
    <ShortDescription>Synchronization performed on util.concurrent instance</ShortDescription>
    <Details><![CDATA[

<p> This method performs synchronization an object that is an instance of
a class from the java.util.concurrent package (or its subclasses). Instances
of these classes have their own concurrency control mechanisms that are orthogonal to
the synchronization provided by the Java keyword <code>synchronized</code>. For example,
synchronizing on an <code>AtomicBoolean</code> will not prevent other threads
from modifying the  <code>AtomicBoolean</code>.</p>
<p>Such code may be correct, but should be carefully reviewed and documented,
and may confuse people who have to maintain the code at a later date.
</p>

]]></Details>
  </BugPattern>
  <BugPattern type="DM_DEFAULT_ENCODING" abbrev="Dm" category="I18N">
    <ShortDescription>Reliance on default encoding</ShortDescription>
    <Details><![CDATA[

<p> Found a call to a method which will perform a byte to String (or String to byte) conversion, and will assume that the default platform encoding is suitable. This will cause the application behaviour to vary between platforms. Use an alternative API and specify a charset name or Charset object explicitly.  </p>

      ]]></Details>
  </BugPattern>
  <BugPattern type="UPM_UNCALLED_PRIVATE_METHOD" abbrev="UPM" category="PERFORMANCE">
    <ShortDescription>Private method is never called</ShortDescription>
    <Details><![CDATA[

<p> This private method is never called. Although it is
possible that the method will be invoked through reflection,
it is more likely that the method is never used, and should be
removed.
</p>

]]></Details>
  </BugPattern>
  <BugPattern type="RV_RETURN_VALUE_IGNORED_BAD_PRACTICE" abbrev="RV" category="BAD_PRACTICE" cweid="253">
    <ShortDescription>Method ignores exceptional return value</ShortDescription>
    <Details><![CDATA[

   <p> This method returns a value that is not checked. The return value should be checked
since it can indicate an unusual or unexpected function execution. For
example, the <code>File.delete()</code> method returns false
if the file could not be successfully deleted (rather than
throwing an Exception).
If you don't check the result, you won't notice if the method invocation
signals unexpected behavior by returning an atypical return value.
</p>

    ]]></Details>
  </BugPattern>
  <BugCode abbrev="UPM">
    <Description>Private method is never called</Description>
  </BugCode>
  <BugCode abbrev="RV" cweid="440">
    <Description>Bad use of return value from method</Description>
  </BugCode>
  <BugCode abbrev="Dm">
    <Description>Dubious method used</Description>
  </BugCode>
  <BugCode abbrev="JLM">
    <Description>Synchronization on java.util.concurrent objects</Description>
  </BugCode>
  <BugCode abbrev="Eq">
    <Description>Problems with implementation of equals()</Description>
  </BugCode>
  <Errors errors="0" missingClasses="0"></Errors>
  <FindBugsSummary timestamp="Wed, 17 Apr 2019 05:30:53 -0500" total_classes="60" referenced_classes="179" total_bugs="9" total_size="2573" num_packages="6" java_version="1.8.0_152-release" vm_version="25.152-b28" cpu_seconds="39.88" clock_seconds="66.69" peak_mbytes="1322.14" alloc_mbytes="2320.00" gc_seconds="0.58" priority_2="5" priority_1="4">
    <FileStats path="ServerTest.java" bugCount="0" size="13"/>
    <FileStats path="WriteStoreTest.java" bugCount="0" size="137"/>
    <FileStats path="com/alibaba/fescar/server/AbstractTCInboundHandler.java" bugCount="0" size="101"/>
    <FileStats path="com/alibaba/fescar/server/Server.java" bugCount="0" size="33"/>
    <FileStats path="com/alibaba/fescar/server/UUIDGenerator.java" bugCount="1" size="32" bugHash="78b4c9fe8272cef1b63ae5c4d0cb4221"/>
    <FileStats path="com/alibaba/fescar/server/UUIDGeneratorOverflowTest.java" bugCount="0" size="10"/>
    <FileStats path="com/alibaba/fescar/server/coordinator/Core.java" bugCount="0" size="4"/>
    <FileStats path="com/alibaba/fescar/server/coordinator/CoreFactory.java" bugCount="0" size="16"/>
    <FileStats path="com/alibaba/fescar/server/coordinator/DefaultCoordinator.java" bugCount="0" size="190"/>
    <FileStats path="com/alibaba/fescar/server/coordinator/DefaultCore.java" bugCount="0" size="166"/>
    <FileStats path="com/alibaba/fescar/server/coordinator/DefaultCoreTest.java" bugCount="0" size="72"/>
    <FileStats path="com/alibaba/fescar/server/lock/DefaultLockManagerImpl.java" bugCount="0" size="84"/>
    <FileStats path="com/alibaba/fescar/server/lock/DefaultLockManagerImplTest.java" bugCount="0" size="31"/>
    <FileStats path="com/alibaba/fescar/server/lock/LockManager.java" bugCount="0" size="4"/>
    <FileStats path="com/alibaba/fescar/server/lock/LockManagerFactory.java" bugCount="0" size="16"/>
    <FileStats path="com/alibaba/fescar/server/lock/LockManagerTest.java" bugCount="0" size="56"/>
    <FileStats path="com/alibaba/fescar/server/session/AbstractSessionManager.java" bugCount="0" size="77"/>
    <FileStats path="com/alibaba/fescar/server/session/BranchSession.java" bugCount="3" size="148" bugHash="b0cc56c89c2ba3cd6a9e73a6cf4b1f9f"/>
    <FileStats path="com/alibaba/fescar/server/session/BranchSessionTest.java" bugCount="0" size="27"/>
    <FileStats path="com/alibaba/fescar/server/session/DefaultSessionManager.java" bugCount="0" size="17"/>
    <FileStats path="com/alibaba/fescar/server/session/DefaultSessionManagerTest.java" bugCount="0" size="127"/>
    <FileStats path="com/alibaba/fescar/server/session/FileBasedSessionManager.java" bugCount="1" size="99" bugHash="9bc1fe347adb3c06daa3f0b7119ccb39"/>
    <FileStats path="com/alibaba/fescar/server/session/FileBasedSessionManagerTest.java" bugCount="0" size="130"/>
    <FileStats path="com/alibaba/fescar/server/session/GlobalSession.java" bugCount="2" size="191" bugHash="41f6c7ad8ecc2f379a72b3772250e093"/>
    <FileStats path="com/alibaba/fescar/server/session/GlobalSessionTest.java" bugCount="0" size="70"/>
    <FileStats path="com/alibaba/fescar/server/session/Lockable.java" bugCount="0" size="3"/>
    <FileStats path="com/alibaba/fescar/server/session/Reloadable.java" bugCount="0" size="2"/>
    <FileStats path="com/alibaba/fescar/server/session/SessionCondition.java" bugCount="0" size="18"/>
    <FileStats path="com/alibaba/fescar/server/session/SessionHelper.java" bugCount="0" size="34"/>
    <FileStats path="com/alibaba/fescar/server/session/SessionHolder.java" bugCount="0" size="88"/>
    <FileStats path="com/alibaba/fescar/server/session/SessionLifecycle.java" bugCount="0" size="9"/>
    <FileStats path="com/alibaba/fescar/server/session/SessionLifecycleListener.java" bugCount="0" size="8"/>
    <FileStats path="com/alibaba/fescar/server/session/SessionManager.java" bugCount="0" size="10"/>
    <FileStats path="com/alibaba/fescar/server/store/FileTransactionStoreManager.java" bugCount="1" size="255" bugHash="be366b3a343f54711347f7a9d5c832e0"/>
    <FileStats path="com/alibaba/fescar/server/store/SessionStorable.java" bugCount="0" size="3"/>
    <FileStats path="com/alibaba/fescar/server/store/SessionStoreTest.java" bugCount="1" size="142" bugHash="0c35f3a8726aed62b1b524ffb77b849c"/>
    <FileStats path="com/alibaba/fescar/server/store/TransactionStoreManager.java" bugCount="0" size="46"/>
    <FileStats path="com/alibaba/fescar/server/store/TransactionWriteFuture.java" bugCount="0" size="52"/>
    <FileStats path="com/alibaba/fescar/server/store/TransactionWriteStore.java" bugCount="0" size="52"/>
    <PackageStats package="" total_bugs="0" total_types="3" total_size="150">
      <ClassStats class="ServerTest" sourceFile="ServerTest.java" interface="false" size="13" bugs="0"/>
      <ClassStats class="WriteStoreTest" sourceFile="WriteStoreTest.java" interface="false" size="85" bugs="0"/>
      <ClassStats class="WriteStoreTest$1" sourceFile="WriteStoreTest.java" interface="false" size="52" bugs="0"/>
    </PackageStats>
    <PackageStats package="com.alibaba.fescar.server" total_bugs="1" total_types="11" total_size="176" priority_2="1">
      <ClassStats class="com.alibaba.fescar.server.AbstractTCInboundHandler" sourceFile="AbstractTCInboundHandler.java" interface="false" size="38" bugs="0"/>
      <ClassStats class="com.alibaba.fescar.server.AbstractTCInboundHandler$1" sourceFile="AbstractTCInboundHandler.java" interface="false" size="9" bugs="0"/>
      <ClassStats class="com.alibaba.fescar.server.AbstractTCInboundHandler$2" sourceFile="AbstractTCInboundHandler.java" interface="false" size="9" bugs="0"/>
      <ClassStats class="com.alibaba.fescar.server.AbstractTCInboundHandler$3" sourceFile="AbstractTCInboundHandler.java" interface="false" size="9" bugs="0"/>
      <ClassStats class="com.alibaba.fescar.server.AbstractTCInboundHandler$4" sourceFile="AbstractTCInboundHandler.java" interface="false" size="9" bugs="0"/>
      <ClassStats class="com.alibaba.fescar.server.AbstractTCInboundHandler$5" sourceFile="AbstractTCInboundHandler.java" interface="false" size="9" bugs="0"/>
      <ClassStats class="com.alibaba.fescar.server.AbstractTCInboundHandler$6" sourceFile="AbstractTCInboundHandler.java" interface="false" size="9" bugs="0"/>
      <ClassStats class="com.alibaba.fescar.server.AbstractTCInboundHandler$7" sourceFile="AbstractTCInboundHandler.java" interface="false" size="9" bugs="0"/>
      <ClassStats class="com.alibaba.fescar.server.Server" sourceFile="Server.java" interface="false" size="33" bugs="0"/>
      <ClassStats class="com.alibaba.fescar.server.UUIDGenerator" sourceFile="UUIDGenerator.java" interface="false" size="32" bugs="1" priority_2="1"/>
      <ClassStats class="com.alibaba.fescar.server.UUIDGeneratorOverflowTest" sourceFile="UUIDGeneratorOverflowTest.java" interface="false" size="10" bugs="0"/>
    </PackageStats>
    <PackageStats package="com.alibaba.fescar.server.coordinator" total_bugs="0" total_types="11" total_size="448">
      <ClassStats class="com.alibaba.fescar.server.coordinator.Core" sourceFile="Core.java" interface="true" size="4" bugs="0"/>
      <ClassStats class="com.alibaba.fescar.server.coordinator.CoreFactory" sourceFile="CoreFactory.java" interface="false" size="8" bugs="0"/>
      <ClassStats class="com.alibaba.fescar.server.coordinator.CoreFactory$SingletonHolder" sourceFile="CoreFactory.java" interface="false" size="8" bugs="0"/>
      <ClassStats class="com.alibaba.fescar.server.coordinator.DefaultCoordinator" sourceFile="DefaultCoordinator.java" interface="false" size="150" bugs="0"/>
      <ClassStats class="com.alibaba.fescar.server.coordinator.DefaultCoordinator$1" sourceFile="DefaultCoordinator.java" interface="false" size="10" bugs="0"/>
      <ClassStats class="com.alibaba.fescar.server.coordinator.DefaultCoordinator$2" sourceFile="DefaultCoordinator.java" interface="false" size="10" bugs="0"/>
      <ClassStats class="com.alibaba.fescar.server.coordinator.DefaultCoordinator$3" sourceFile="DefaultCoordinator.java" interface="false" size="10" bugs="0"/>
      <ClassStats class="com.alibaba.fescar.server.coordinator.DefaultCoordinator$4" sourceFile="DefaultCoordinator.java" interface="false" size="10" bugs="0"/>
      <ClassStats class="com.alibaba.fescar.server.coordinator.DefaultCore" sourceFile="DefaultCore.java" interface="false" size="162" bugs="0"/>
      <ClassStats class="com.alibaba.fescar.server.coordinator.DefaultCore$1" sourceFile="DefaultCore.java" interface="false" size="4" bugs="0"/>
      <ClassStats class="com.alibaba.fescar.server.coordinator.DefaultCoreTest" sourceFile="DefaultCoreTest.java" interface="false" size="72" bugs="0"/>
    </PackageStats>
    <PackageStats package="com.alibaba.fescar.server.lock" total_bugs="0" total_types="6" total_size="191">
      <ClassStats class="com.alibaba.fescar.server.lock.DefaultLockManagerImpl" sourceFile="DefaultLockManagerImpl.java" interface="false" size="84" bugs="0"/>
      <ClassStats class="com.alibaba.fescar.server.lock.DefaultLockManagerImplTest" sourceFile="DefaultLockManagerImplTest.java" interface="false" size="31" bugs="0"/>
      <ClassStats class="com.alibaba.fescar.server.lock.LockManager" sourceFile="LockManager.java" interface="true" size="4" bugs="0"/>
      <ClassStats class="com.alibaba.fescar.server.lock.LockManagerFactory" sourceFile="LockManagerFactory.java" interface="false" size="8" bugs="0"/>
      <ClassStats class="com.alibaba.fescar.server.lock.LockManagerFactory$SingletonHolder" sourceFile="LockManagerFactory.java" interface="false" size="8" bugs="0"/>
      <ClassStats class="com.alibaba.fescar.server.lock.LockManagerTest" sourceFile="LockManagerTest.java" interface="false" size="56" bugs="0"/>
    </PackageStats>
    <PackageStats package="com.alibaba.fescar.server.session" total_bugs="6" total_types="20" total_size="1058" priority_2="2" priority_1="4">
      <ClassStats class="com.alibaba.fescar.server.session.AbstractSessionManager" sourceFile="AbstractSessionManager.java" interface="false" size="77" bugs="0"/>
      <ClassStats class="com.alibaba.fescar.server.session.BranchSession" sourceFile="BranchSession.java" interface="false" size="148" bugs="3" priority_2="1" priority_1="2"/>
      <ClassStats class="com.alibaba.fescar.server.session.BranchSessionTest" sourceFile="BranchSessionTest.java" interface="false" size="27" bugs="0"/>
      <ClassStats class="com.alibaba.fescar.server.session.DefaultSessionManager" sourceFile="DefaultSessionManager.java" interface="false" size="5" bugs="0"/>
      <ClassStats class="com.alibaba.fescar.server.session.DefaultSessionManager$1" sourceFile="DefaultSessionManager.java" interface="false" size="12" bugs="0"/>
      <ClassStats class="com.alibaba.fescar.server.session.DefaultSessionManagerTest" sourceFile="DefaultSessionManagerTest.java" interface="false" size="127" bugs="0"/>
      <ClassStats class="com.alibaba.fescar.server.session.FileBasedSessionManager" sourceFile="FileBasedSessionManager.java" interface="false" size="93" bugs="1" priority_2="1"/>
      <ClassStats class="com.alibaba.fescar.server.session.FileBasedSessionManager$1" sourceFile="FileBasedSessionManager.java" interface="false" size="6" bugs="0"/>
      <ClassStats class="com.alibaba.fescar.server.session.FileBasedSessionManagerTest" sourceFile="FileBasedSessionManagerTest.java" interface="false" size="130" bugs="0"/>
      <ClassStats class="com.alibaba.fescar.server.session.GlobalSession" sourceFile="GlobalSession.java" interface="false" size="191" bugs="2" priority_1="2"/>
      <ClassStats class="com.alibaba.fescar.server.session.GlobalSessionTest" sourceFile="GlobalSessionTest.java" interface="false" size="70" bugs="0"/>
      <ClassStats class="com.alibaba.fescar.server.session.Lockable" sourceFile="Lockable.java" interface="true" size="3" bugs="0"/>
      <ClassStats class="com.alibaba.fescar.server.session.Reloadable" sourceFile="Reloadable.java" interface="true" size="2" bugs="0"/>
      <ClassStats class="com.alibaba.fescar.server.session.SessionCondition" sourceFile="SessionCondition.java" interface="false" size="18" bugs="0"/>
      <ClassStats class="com.alibaba.fescar.server.session.SessionHelper" sourceFile="SessionHelper.java" interface="false" size="34" bugs="0"/>
      <ClassStats class="com.alibaba.fescar.server.session.SessionHolder" sourceFile="SessionHolder.java" interface="false" size="84" bugs="0"/>
      <ClassStats class="com.alibaba.fescar.server.session.SessionHolder$1" sourceFile="SessionHolder.java" interface="false" size="4" bugs="0"/>
      <ClassStats class="com.alibaba.fescar.server.session.SessionLifecycle" sourceFile="SessionLifecycle.java" interface="true" size="9" bugs="0"/>
      <ClassStats class="com.alibaba.fescar.server.session.SessionLifecycleListener" sourceFile="SessionLifecycleListener.java" interface="true" size="8" bugs="0"/>
      <ClassStats class="com.alibaba.fescar.server.session.SessionManager" sourceFile="SessionManager.java" interface="true" size="10" bugs="0"/>
    </PackageStats>
    <PackageStats package="com.alibaba.fescar.server.store" total_bugs="2" total_types="9" total_size="550" priority_2="2">
      <ClassStats class="com.alibaba.fescar.server.store.FileTransactionStoreManager" sourceFile="FileTransactionStoreManager.java" interface="false" size="180" bugs="1" priority_2="1"/>
      <ClassStats class="com.alibaba.fescar.server.store.FileTransactionStoreManager$WriteDataFileRunnable" sourceFile="FileTransactionStoreManager.java" interface="false" size="75" bugs="0"/>
      <ClassStats class="com.alibaba.fescar.server.store.SessionStorable" sourceFile="SessionStorable.java" interface="true" size="3" bugs="0"/>
      <ClassStats class="com.alibaba.fescar.server.store.SessionStoreTest" sourceFile="SessionStoreTest.java" interface="false" size="142" bugs="1" priority_2="1"/>
      <ClassStats class="com.alibaba.fescar.server.store.TransactionStoreManager" sourceFile="TransactionStoreManager.java" interface="true" size="5" bugs="0"/>
      <ClassStats class="com.alibaba.fescar.server.store.TransactionStoreManager$LogOperation" sourceFile="TransactionStoreManager.java" interface="false" size="41" bugs="0"/>
      <ClassStats class="com.alibaba.fescar.server.store.TransactionWriteFuture" sourceFile="TransactionWriteFuture.java" interface="false" size="52" bugs="0"/>
      <ClassStats class="com.alibaba.fescar.server.store.TransactionWriteStore" sourceFile="TransactionWriteStore.java" interface="false" size="48" bugs="0"/>
      <ClassStats class="com.alibaba.fescar.server.store.TransactionWriteStore$1" sourceFile="TransactionWriteStore.java" interface="false" size="4" bugs="0"/>
    </PackageStats>
    <FindBugsProfile>
      <ClassProfile name="edu.umd.cs.findbugs.classfile.engine.ClassDataAnalysisEngine" totalMilliseconds="486" invocations="915" avgMicrosecondsPerInvocation="531" maxMicrosecondsPerInvocation="2096" standardDeviationMircosecondsPerInvocation="192"/>
      <ClassProfile name="edu.umd.cs.findbugs.FindBugs2" totalMilliseconds="441" invocations="2" avgMicrosecondsPerInvocation="220876" maxMicrosecondsPerInvocation="424355" standardDeviationMircosecondsPerInvocation="203478"/>
      <ClassProfile name="edu.umd.cs.findbugs.classfile.engine.ClassInfoAnalysisEngine" totalMilliseconds="180" invocations="912" avgMicrosecondsPerInvocation="197" maxMicrosecondsPerInvocation="4041" standardDeviationMircosecondsPerInvocation="378"/>
      <ClassProfile name="edu.umd.cs.findbugs.ba.npe.NullDerefAndRedundantComparisonFinder" totalMilliseconds="77" invocations="391" avgMicrosecondsPerInvocation="197" maxMicrosecondsPerInvocation="24350" standardDeviationMircosecondsPerInvocation="1245"/>
      <ClassProfile name="edu.umd.cs.findbugs.classfile.engine.bcel.ValueNumberDataflowFactory" totalMilliseconds="68" invocations="416" avgMicrosecondsPerInvocation="164" maxMicrosecondsPerInvocation="13638" standardDeviationMircosecondsPerInvocation="724"/>
      <ClassProfile name="edu.umd.cs.findbugs.detect.FieldItemSummary" totalMilliseconds="66" invocations="179" avgMicrosecondsPerInvocation="371" maxMicrosecondsPerInvocation="5369" standardDeviationMircosecondsPerInvocation="756"/>
      <ClassProfile name="edu.umd.cs.findbugs.detect.FindNoSideEffectMethods" totalMilliseconds="58" invocations="179" avgMicrosecondsPerInvocation="325" maxMicrosecondsPerInvocation="3628" standardDeviationMircosecondsPerInvocation="556"/>
      <ClassProfile name="edu.umd.cs.findbugs.classfile.engine.bcel.IsNullValueDataflowFactory" totalMilliseconds="56" invocations="399" avgMicrosecondsPerInvocation="142" maxMicrosecondsPerInvocation="2847" standardDeviationMircosecondsPerInvocation="295"/>
      <ClassProfile name="edu.umd.cs.findbugs.OpcodeStack$JumpInfoFactory" totalMilliseconds="50" invocations="756" avgMicrosecondsPerInvocation="66" maxMicrosecondsPerInvocation="2057" standardDeviationMircosecondsPerInvocation="120"/>
      <ClassProfile name="edu.umd.cs.findbugs.classfile.engine.bcel.UnconditionalValueDerefDataflowFactory" totalMilliseconds="47" invocations="399" avgMicrosecondsPerInvocation="118" maxMicrosecondsPerInvocation="2508" standardDeviationMircosecondsPerInvocation="266"/>
      <ClassProfile name="edu.umd.cs.findbugs.classfile.engine.bcel.TypeDataflowFactory" totalMilliseconds="46" invocations="409" avgMicrosecondsPerInvocation="112" maxMicrosecondsPerInvocation="2792" standardDeviationMircosecondsPerInvocation="260"/>
      <ClassProfile name="edu.umd.cs.findbugs.util.TopologicalSort" totalMilliseconds="32" invocations="847" avgMicrosecondsPerInvocation="37" maxMicrosecondsPerInvocation="14486" standardDeviationMircosecondsPerInvocation="497"/>
      <ClassProfile name="edu.umd.cs.findbugs.detect.FindRefComparison$SpecialTypeAnalysis" totalMilliseconds="30" invocations="310" avgMicrosecondsPerInvocation="98" maxMicrosecondsPerInvocation="1764" standardDeviationMircosecondsPerInvocation="195"/>
      <ClassProfile name="edu.umd.cs.findbugs.classfile.engine.bcel.CFGFactory" totalMilliseconds="27" invocations="399" avgMicrosecondsPerInvocation="69" maxMicrosecondsPerInvocation="1018" standardDeviationMircosecondsPerInvocation="95"/>
    </FindBugsProfile>
  </FindBugsSummary>
  <ClassFeatures></ClassFeatures>
  <History></History>
</BugCollection>
