<?xml version="1.0" encoding="UTF-8"?>
<?xml-stylesheet type="text/xsl" href="http://findbugs.sourceforge.net/xsl/default.xsl"?>

<BugCollection version="3.0.1" sequence="0" timestamp="1555497065411" analysisTimestamp="1555497064996" release="">
  <Project projectName="fescar-all[fescar-dubbo-alibaba]">
    <Jar>C:\Users\Subhodip_PC\Desktop\PROJECT\Seta_Downloads\seata-0.2.3\dubbo-alibaba\target\classes\com\alibaba\fescar\dubbo\alibaba\TransactionPropagationFilter.class</Jar>
    <AuxClasspathEntry>C:/Users/Subhodip_PC/Desktop/PROJECT/Seta_Downloads/seata-0.2.3/tm/target/classes</AuxClasspathEntry>
    <AuxClasspathEntry>C:/Users/Subhodip_PC/Desktop/PROJECT/Seta_Downloads/seata-0.2.3/tm/target/test-classes</AuxClasspathEntry>
    <AuxClasspathEntry>C:/Users/Subhodip_PC/Desktop/PROJECT/Seta_Downloads/seata-0.2.3/common/target/classes</AuxClasspathEntry>
    <AuxClasspathEntry>C:/Users/Subhodip_PC/Desktop/PROJECT/Seta_Downloads/seata-0.2.3/common/target/test-classes</AuxClasspathEntry>
    <AuxClasspathEntry>C:/Users/Subhodip_PC/Desktop/PROJECT/Seta_Downloads/seata-0.2.3/dubbo-alibaba/target/classes</AuxClasspathEntry>
    <AuxClasspathEntry>C:/Users/Subhodip_PC/Desktop/PROJECT/Seta_Downloads/seata-0.2.3/discovery/target/classes</AuxClasspathEntry>
    <AuxClasspathEntry>C:/Users/Subhodip_PC/Desktop/PROJECT/Seta_Downloads/seata-0.2.3/discovery/target/test-classes</AuxClasspathEntry>
    <AuxClasspathEntry>C:/Users/Subhodip_PC/Desktop/PROJECT/Seta_Downloads/seata-0.2.3/config/target/classes</AuxClasspathEntry>
    <AuxClasspathEntry>C:/Users/Subhodip_PC/Desktop/PROJECT/Seta_Downloads/seata-0.2.3/config/target/test-classes</AuxClasspathEntry>
    <AuxClasspathEntry>C:/Users/Subhodip_PC/Desktop/PROJECT/Seta_Downloads/seata-0.2.3/core/target/classes</AuxClasspathEntry>
    <AuxClasspathEntry>C:/Users/Subhodip_PC/Desktop/PROJECT/Seta_Downloads/seata-0.2.3/core/target/test-classes</AuxClasspathEntry>
    <SrcDir>C:/Users/Subhodip_PC/Desktop/PROJECT/Seta_Downloads/seata-0.2.3/dubbo-alibaba/src/main/java</SrcDir>
    <SrcDir>C:/Users/Subhodip_PC/Desktop/PROJECT/Seta_Downloads/seata-0.2.3/dubbo-alibaba/src/main/resources</SrcDir>
  </Project>
  <Errors errors="0" missingClasses="0"></Errors>
  <FindBugsSummary timestamp="Wed, 17 Apr 2019 05:30:59 -0500" total_classes="1" referenced_classes="11" total_bugs="0" total_size="30" num_packages="1" java_version="1.8.0_152-release" vm_version="25.152-b28" cpu_seconds="31.61" clock_seconds="62.74" peak_mbytes="1322.14" alloc_mbytes="2320.00" gc_seconds="0.49">
    <FileStats path="com/alibaba/fescar/dubbo/alibaba/TransactionPropagationFilter.java" bugCount="0" size="30"/>
    <PackageStats package="com.alibaba.fescar.dubbo.alibaba" total_bugs="0" total_types="1" total_size="30">
      <ClassStats class="com.alibaba.fescar.dubbo.alibaba.TransactionPropagationFilter" sourceFile="TransactionPropagationFilter.java" interface="false" size="30" bugs="0"/>
    </PackageStats>
    <FindBugsProfile>
      <ClassProfile name="edu.umd.cs.findbugs.FindBugs2" totalMilliseconds="158" invocations="2" avgMicrosecondsPerInvocation="79200" maxMicrosecondsPerInvocation="152937" standardDeviationMircosecondsPerInvocation="73737"/>
      <ClassProfile name="edu.umd.cs.findbugs.classfile.engine.ClassDataAnalysisEngine" totalMilliseconds="131" invocations="318" avgMicrosecondsPerInvocation="412" maxMicrosecondsPerInvocation="708" standardDeviationMircosecondsPerInvocation="77"/>
      <ClassProfile name="edu.umd.cs.findbugs.classfile.engine.ClassInfoAnalysisEngine" totalMilliseconds="73" invocations="318" avgMicrosecondsPerInvocation="232" maxMicrosecondsPerInvocation="11788" standardDeviationMircosecondsPerInvocation="773"/>
    </FindBugsProfile>
  </FindBugsSummary>
  <ClassFeatures></ClassFeatures>
  <History></History>
</BugCollection>
