<?xml version="1.0" encoding="UTF-8"?>
<?xml-stylesheet type="text/xsl" href="http://findbugs.sourceforge.net/xsl/default.xsl"?>

<BugCollection version="3.0.1" sequence="0" timestamp="1555497066095" analysisTimestamp="1555497065411" release="">
  <Project projectName="fescar-all[fescar-discovery]">
    <Jar>C:\Users\Subhodip_PC\Desktop\PROJECT\Seta_Downloads\seata-0.2.3\discovery\target\classes\com\alibaba\fescar\discovery\loadbalance\AbstractLoadBalance.class</Jar>
    <Jar>C:\Users\Subhodip_PC\Desktop\PROJECT\Seta_Downloads\seata-0.2.3\discovery\target\classes\com\alibaba\fescar\discovery\loadbalance\LoadBalance.class</Jar>
    <Jar>C:\Users\Subhodip_PC\Desktop\PROJECT\Seta_Downloads\seata-0.2.3\discovery\target\classes\com\alibaba\fescar\discovery\loadbalance\LoadBalanceFactory.class</Jar>
    <Jar>C:\Users\Subhodip_PC\Desktop\PROJECT\Seta_Downloads\seata-0.2.3\discovery\target\classes\com\alibaba\fescar\discovery\loadbalance\RandomLoadBalance.class</Jar>
    <Jar>C:\Users\Subhodip_PC\Desktop\PROJECT\Seta_Downloads\seata-0.2.3\discovery\target\classes\com\alibaba\fescar\discovery\loadbalance\RoundRobinLoadBalance.class</Jar>
    <Jar>C:\Users\Subhodip_PC\Desktop\PROJECT\Seta_Downloads\seata-0.2.3\discovery\target\classes\com\alibaba\fescar\discovery\registry\FileRegistryServiceImpl.class</Jar>
    <Jar>C:\Users\Subhodip_PC\Desktop\PROJECT\Seta_Downloads\seata-0.2.3\discovery\target\classes\com\alibaba\fescar\discovery\registry\NacosRegistryServiceImpl$1.class</Jar>
    <Jar>C:\Users\Subhodip_PC\Desktop\PROJECT\Seta_Downloads\seata-0.2.3\discovery\target\classes\com\alibaba\fescar\discovery\registry\NacosRegistryServiceImpl.class</Jar>
    <Jar>C:\Users\Subhodip_PC\Desktop\PROJECT\Seta_Downloads\seata-0.2.3\discovery\target\classes\com\alibaba\fescar\discovery\registry\RedisListener.class</Jar>
    <Jar>C:\Users\Subhodip_PC\Desktop\PROJECT\Seta_Downloads\seata-0.2.3\discovery\target\classes\com\alibaba\fescar\discovery\registry\RedisRegistryServiceImpl$1.class</Jar>
    <Jar>C:\Users\Subhodip_PC\Desktop\PROJECT\Seta_Downloads\seata-0.2.3\discovery\target\classes\com\alibaba\fescar\discovery\registry\RedisRegistryServiceImpl$2.class</Jar>
    <Jar>C:\Users\Subhodip_PC\Desktop\PROJECT\Seta_Downloads\seata-0.2.3\discovery\target\classes\com\alibaba\fescar\discovery\registry\RedisRegistryServiceImpl$NotifySub.class</Jar>
    <Jar>C:\Users\Subhodip_PC\Desktop\PROJECT\Seta_Downloads\seata-0.2.3\discovery\target\classes\com\alibaba\fescar\discovery\registry\RedisRegistryServiceImpl.class</Jar>
    <Jar>C:\Users\Subhodip_PC\Desktop\PROJECT\Seta_Downloads\seata-0.2.3\discovery\target\classes\com\alibaba\fescar\discovery\registry\RegistryFactory$1.class</Jar>
    <Jar>C:\Users\Subhodip_PC\Desktop\PROJECT\Seta_Downloads\seata-0.2.3\discovery\target\classes\com\alibaba\fescar\discovery\registry\RegistryFactory.class</Jar>
    <Jar>C:\Users\Subhodip_PC\Desktop\PROJECT\Seta_Downloads\seata-0.2.3\discovery\target\classes\com\alibaba\fescar\discovery\registry\RegistryService.class</Jar>
    <Jar>C:\Users\Subhodip_PC\Desktop\PROJECT\Seta_Downloads\seata-0.2.3\discovery\target\classes\com\alibaba\fescar\discovery\registry\RegistryType.class</Jar>
    <Jar>C:\Users\Subhodip_PC\Desktop\PROJECT\Seta_Downloads\seata-0.2.3\discovery\target\test-classes\com\alibaba\fescar\discovery\loadbalance\LoadBalanceFactoryTest.class</Jar>
    <Jar>C:\Users\Subhodip_PC\Desktop\PROJECT\Seta_Downloads\seata-0.2.3\discovery\target\test-classes\com\alibaba\fescar\discovery\loadbalance\LoadBalanceTest.class</Jar>
    <AuxClasspathEntry>C:/Users/Subhodip_PC/Desktop/PROJECT/Seta_Downloads/seata-0.2.3/common/target/classes</AuxClasspathEntry>
    <AuxClasspathEntry>C:/Users/Subhodip_PC/Desktop/PROJECT/Seta_Downloads/seata-0.2.3/common/target/test-classes</AuxClasspathEntry>
    <AuxClasspathEntry>C:/Users/Subhodip_PC/Desktop/PROJECT/Seta_Downloads/seata-0.2.3/discovery/target/classes</AuxClasspathEntry>
    <AuxClasspathEntry>C:/Users/Subhodip_PC/Desktop/PROJECT/Seta_Downloads/seata-0.2.3/discovery/target/test-classes</AuxClasspathEntry>
    <AuxClasspathEntry>C:/Users/Subhodip_PC/Desktop/PROJECT/Seta_Downloads/seata-0.2.3/config/target/classes</AuxClasspathEntry>
    <AuxClasspathEntry>C:/Users/Subhodip_PC/Desktop/PROJECT/Seta_Downloads/seata-0.2.3/config/target/test-classes</AuxClasspathEntry>
    <SrcDir>C:/Users/Subhodip_PC/Desktop/PROJECT/Seta_Downloads/seata-0.2.3/discovery/src/main/java</SrcDir>
    <SrcDir>C:/Users/Subhodip_PC/Desktop/PROJECT/Seta_Downloads/seata-0.2.3/discovery/src/main/resources</SrcDir>
    <SrcDir>C:/Users/Subhodip_PC/Desktop/PROJECT/Seta_Downloads/seata-0.2.3/discovery/src/test/java</SrcDir>
  </Project>
  <BugInstance type="WMI_WRONG_MAP_ITERATOR" priority="2" rank="18" abbrev="WMI" category="PERFORMANCE" instanceHash="ff561f5ac114cf83448acc8a22a87a46" instanceOccurrenceNum="0" instanceOccurrenceMax="0">
    <ShortMessage>Inefficient use of keySet iterator instead of entrySet iterator</ShortMessage>
    <LongMessage>com.alibaba.fescar.discovery.loadbalance.LoadBalanceTest.testRandomLoadBalance_select(List) makes inefficient use of keySet iterator instead of entrySet iterator</LongMessage>
    <Class classname="com.alibaba.fescar.discovery.loadbalance.LoadBalanceTest" primary="true">
      <SourceLine classname="com.alibaba.fescar.discovery.loadbalance.LoadBalanceTest" sourcefile="LoadBalanceTest.java" sourcepath="com/alibaba/fescar/discovery/loadbalance/LoadBalanceTest.java" relSourcepath="test\java\com\alibaba\fescar\discovery\loadbalance\LoadBalanceTest.java">
        <Message>In LoadBalanceTest.java</Message>
      </SourceLine>
      <Message>In class com.alibaba.fescar.discovery.loadbalance.LoadBalanceTest</Message>
    </Class>
    <Method classname="com.alibaba.fescar.discovery.loadbalance.LoadBalanceTest" name="testRandomLoadBalance_select" signature="(Ljava/util/List;)V" isStatic="false" primary="true">
      <SourceLine classname="com.alibaba.fescar.discovery.loadbalance.LoadBalanceTest" start="22" end="28" startBytecode="0" endBytecode="271" sourcefile="LoadBalanceTest.java" sourcepath="com/alibaba/fescar/discovery/loadbalance/LoadBalanceTest.java" relSourcepath="test\java\com\alibaba\fescar\discovery\loadbalance\LoadBalanceTest.java"/>
      <Message>In method com.alibaba.fescar.discovery.loadbalance.LoadBalanceTest.testRandomLoadBalance_select(List)</Message>
    </Method>
    <SourceLine classname="com.alibaba.fescar.discovery.loadbalance.LoadBalanceTest" primary="true" start="25" end="25" startBytecode="56" endBytecode="56" sourcefile="LoadBalanceTest.java" sourcepath="com/alibaba/fescar/discovery/loadbalance/LoadBalanceTest.java" relSourcepath="test\java\com\alibaba\fescar\discovery\loadbalance\LoadBalanceTest.java">
      <Message>At LoadBalanceTest.java:[line 25]</Message>
    </SourceLine>
    <SourceLine classname="com.alibaba.fescar.discovery.loadbalance.LoadBalanceTest" primary="true" start="25" end="25" startBytecode="56" endBytecode="56" sourcefile="LoadBalanceTest.java" sourcepath="com/alibaba/fescar/discovery/loadbalance/LoadBalanceTest.java" relSourcepath="test\java\com\alibaba\fescar\discovery\loadbalance\LoadBalanceTest.java">
      <Message>At LoadBalanceTest.java:[line 25]</Message>
    </SourceLine>
  </BugInstance>
  <BugInstance type="WMI_WRONG_MAP_ITERATOR" priority="2" rank="18" abbrev="WMI" category="PERFORMANCE" instanceHash="ca97ba3928d5adf01a0b0f98c95fe7f5" instanceOccurrenceNum="0" instanceOccurrenceMax="0">
    <ShortMessage>Inefficient use of keySet iterator instead of entrySet iterator</ShortMessage>
    <LongMessage>com.alibaba.fescar.discovery.loadbalance.LoadBalanceTest.testRoundRobinLoadBalance_select(List) makes inefficient use of keySet iterator instead of entrySet iterator</LongMessage>
    <Class classname="com.alibaba.fescar.discovery.loadbalance.LoadBalanceTest" primary="true">
      <SourceLine classname="com.alibaba.fescar.discovery.loadbalance.LoadBalanceTest" sourcefile="LoadBalanceTest.java" sourcepath="com/alibaba/fescar/discovery/loadbalance/LoadBalanceTest.java" relSourcepath="test\java\com\alibaba\fescar\discovery\loadbalance\LoadBalanceTest.java">
        <Message>In LoadBalanceTest.java</Message>
      </SourceLine>
      <Message>In class com.alibaba.fescar.discovery.loadbalance.LoadBalanceTest</Message>
    </Class>
    <Method classname="com.alibaba.fescar.discovery.loadbalance.LoadBalanceTest" name="testRoundRobinLoadBalance_select" signature="(Ljava/util/List;)V" isStatic="false" primary="true">
      <SourceLine classname="com.alibaba.fescar.discovery.loadbalance.LoadBalanceTest" start="32" end="38" startBytecode="0" endBytecode="288" sourcefile="LoadBalanceTest.java" sourcepath="com/alibaba/fescar/discovery/loadbalance/LoadBalanceTest.java" relSourcepath="test\java\com\alibaba\fescar\discovery\loadbalance\LoadBalanceTest.java"/>
      <Message>In method com.alibaba.fescar.discovery.loadbalance.LoadBalanceTest.testRoundRobinLoadBalance_select(List)</Message>
    </Method>
    <SourceLine classname="com.alibaba.fescar.discovery.loadbalance.LoadBalanceTest" primary="true" start="35" end="35" startBytecode="56" endBytecode="56" sourcefile="LoadBalanceTest.java" sourcepath="com/alibaba/fescar/discovery/loadbalance/LoadBalanceTest.java" relSourcepath="test\java\com\alibaba\fescar\discovery\loadbalance\LoadBalanceTest.java">
      <Message>At LoadBalanceTest.java:[line 35]</Message>
    </SourceLine>
    <SourceLine classname="com.alibaba.fescar.discovery.loadbalance.LoadBalanceTest" primary="true" start="35" end="35" startBytecode="56" endBytecode="56" sourcefile="LoadBalanceTest.java" sourcepath="com/alibaba/fescar/discovery/loadbalance/LoadBalanceTest.java" relSourcepath="test\java\com\alibaba\fescar\discovery\loadbalance\LoadBalanceTest.java">
      <Message>At LoadBalanceTest.java:[line 35]</Message>
    </SourceLine>
  </BugInstance>
  <BugInstance type="DM_BOXED_PRIMITIVE_FOR_PARSING" priority="1" rank="16" abbrev="Bx" category="PERFORMANCE" instanceHash="cd6f46095995e534c30439fa458032d1" instanceOccurrenceNum="0" instanceOccurrenceMax="0">
    <ShortMessage>Boxing/unboxing to parse a primitive</ShortMessage>
    <LongMessage>Boxing/unboxing to parse a primitive new com.alibaba.fescar.discovery.registry.RedisRegistryServiceImpl()</LongMessage>
    <Class classname="com.alibaba.fescar.discovery.registry.RedisRegistryServiceImpl" primary="true">
      <SourceLine classname="com.alibaba.fescar.discovery.registry.RedisRegistryServiceImpl" sourcefile="RedisRegistryServiceImpl.java" sourcepath="com/alibaba/fescar/discovery/registry/RedisRegistryServiceImpl.java" relSourcepath="main\java\com\alibaba\fescar\discovery\registry\RedisRegistryServiceImpl.java">
        <Message>In RedisRegistryServiceImpl.java</Message>
      </SourceLine>
      <Message>In class com.alibaba.fescar.discovery.registry.RedisRegistryServiceImpl</Message>
    </Class>
    <Method classname="com.alibaba.fescar.discovery.registry.RedisRegistryServiceImpl" name="&lt;init&gt;" signature="()V" isStatic="false" primary="true">
      <SourceLine classname="com.alibaba.fescar.discovery.registry.RedisRegistryServiceImpl" start="61" end="111" startBytecode="0" endBytecode="839" sourcefile="RedisRegistryServiceImpl.java" sourcepath="com/alibaba/fescar/discovery/registry/RedisRegistryServiceImpl.java" relSourcepath="main\java\com\alibaba\fescar\discovery\registry\RedisRegistryServiceImpl.java"/>
      <Message>In method new com.alibaba.fescar.discovery.registry.RedisRegistryServiceImpl()</Message>
    </Method>
    <Method classname="java.lang.Integer" name="intValue" signature="()I" isStatic="false" role="METHOD_CALLED">
      <SourceLine classname="java.lang.Integer" start="893" end="893" startBytecode="0" endBytecode="28" sourcefile="Integer.java" sourcepath="java/lang/Integer.java"/>
      <Message>Called method Integer.intValue()</Message>
    </Method>
    <Method classname="java.lang.Integer" name="parseInt" signature="(Ljava/lang/String;)I" isStatic="true" role="SHOULD_CALL">
      <Message>Should call Integer.parseInt(String) instead</Message>
    </Method>
    <SourceLine classname="com.alibaba.fescar.discovery.registry.RedisRegistryServiceImpl" primary="true" start="68" end="68" startBytecode="87" endBytecode="87" sourcefile="RedisRegistryServiceImpl.java" sourcepath="com/alibaba/fescar/discovery/registry/RedisRegistryServiceImpl.java" relSourcepath="main\java\com\alibaba\fescar\discovery\registry\RedisRegistryServiceImpl.java">
      <Message>At RedisRegistryServiceImpl.java:[line 68]</Message>
    </SourceLine>
    <SourceLine classname="com.alibaba.fescar.discovery.registry.RedisRegistryServiceImpl" primary="true" start="68" end="68" startBytecode="87" endBytecode="87" sourcefile="RedisRegistryServiceImpl.java" sourcepath="com/alibaba/fescar/discovery/registry/RedisRegistryServiceImpl.java" relSourcepath="main\java\com\alibaba\fescar\discovery\registry\RedisRegistryServiceImpl.java">
      <Message>At RedisRegistryServiceImpl.java:[line 68]</Message>
    </SourceLine>
  </BugInstance>
  <BugInstance type="SIC_INNER_SHOULD_BE_STATIC" priority="2" rank="18" abbrev="SIC" category="PERFORMANCE" instanceHash="d58d896bf5e69f4c5597760957f35458" instanceOccurrenceNum="0" instanceOccurrenceMax="0">
    <ShortMessage>Should be a static inner class</ShortMessage>
    <LongMessage>Should com.alibaba.fescar.discovery.registry.RedisRegistryServiceImpl$NotifySub be a _static_ inner class?</LongMessage>
    <Class classname="com.alibaba.fescar.discovery.registry.RedisRegistryServiceImpl$NotifySub" primary="true">
      <SourceLine classname="com.alibaba.fescar.discovery.registry.RedisRegistryServiceImpl$NotifySub" start="224" end="233" sourcefile="RedisRegistryServiceImpl.java" sourcepath="com/alibaba/fescar/discovery/registry/RedisRegistryServiceImpl.java" relSourcepath="main\java\com\alibaba\fescar\discovery\registry\RedisRegistryServiceImpl.java">
        <Message>At RedisRegistryServiceImpl.java:[lines 224-233]</Message>
      </SourceLine>
      <Message>In class com.alibaba.fescar.discovery.registry.RedisRegistryServiceImpl$NotifySub</Message>
    </Class>
    <SourceLine classname="com.alibaba.fescar.discovery.registry.RedisRegistryServiceImpl$NotifySub" start="224" end="233" sourcefile="RedisRegistryServiceImpl.java" sourcepath="com/alibaba/fescar/discovery/registry/RedisRegistryServiceImpl.java" relSourcepath="main\java\com\alibaba\fescar\discovery\registry\RedisRegistryServiceImpl.java" synthetic="true">
      <Message>At RedisRegistryServiceImpl.java:[lines 224-233]</Message>
    </SourceLine>
  </BugInstance>
  <BugInstance type="NP_NULL_ON_SOME_PATH_EXCEPTION" priority="2" rank="11" abbrev="NP" category="CORRECTNESS" instanceHash="882eab79ab7b24d5717edbc131851ebb" instanceOccurrenceNum="0" instanceOccurrenceMax="0" cweid="476">
    <ShortMessage>Possible null pointer dereference in method on exception path</ShortMessage>
    <LongMessage>Possible null pointer dereference of registryType in com.alibaba.fescar.discovery.registry.RegistryFactory.getInstance() on exception path</LongMessage>
    <Class classname="com.alibaba.fescar.discovery.registry.RegistryFactory" primary="true">
      <SourceLine classname="com.alibaba.fescar.discovery.registry.RegistryFactory" sourcefile="RegistryFactory.java" sourcepath="com/alibaba/fescar/discovery/registry/RegistryFactory.java" relSourcepath="main\java\com\alibaba\fescar\discovery\registry\RegistryFactory.java">
        <Message>In RegistryFactory.java</Message>
      </SourceLine>
      <Message>In class com.alibaba.fescar.discovery.registry.RegistryFactory</Message>
    </Class>
    <Method classname="com.alibaba.fescar.discovery.registry.RegistryFactory" name="getInstance" signature="()Lcom/alibaba/fescar/discovery/registry/RegistryService;" isStatic="true" primary="true">
      <SourceLine classname="com.alibaba.fescar.discovery.registry.RegistryFactory" start="44" end="68" startBytecode="0" endBytecode="309" sourcefile="RegistryFactory.java" sourcepath="com/alibaba/fescar/discovery/registry/RegistryFactory.java" relSourcepath="main\java\com\alibaba\fescar\discovery\registry\RegistryFactory.java"/>
      <Message>In method com.alibaba.fescar.discovery.registry.RegistryFactory.getInstance()</Message>
    </Method>
    <LocalVariable name="registryType" register="0" pc="16" role="LOCAL_VARIABLE_VALUE_OF">
      <Message>Value loaded from registryType</Message>
    </LocalVariable>
    <SourceLine classname="com.alibaba.fescar.discovery.registry.RegistryFactory" primary="true" start="54" end="54" startBytecode="36" endBytecode="36" sourcefile="RegistryFactory.java" sourcepath="com/alibaba/fescar/discovery/registry/RegistryFactory.java" relSourcepath="main\java\com\alibaba\fescar\discovery\registry\RegistryFactory.java" role="SOURCE_LINE_DEREF">
      <Message>Dereferenced at RegistryFactory.java:[line 54]</Message>
    </SourceLine>
    <SourceLine classname="com.alibaba.fescar.discovery.registry.RegistryFactory" start="44" end="44" startBytecode="0" endBytecode="0" sourcefile="RegistryFactory.java" sourcepath="com/alibaba/fescar/discovery/registry/RegistryFactory.java" relSourcepath="main\java\com\alibaba\fescar\discovery\registry\RegistryFactory.java" role="SOURCE_LINE_NULL_VALUE">
      <Message>Null value at RegistryFactory.java:[line 44]</Message>
    </SourceLine>
    <SourceLine classname="com.alibaba.fescar.discovery.registry.RegistryFactory" start="50" end="50" startBytecode="19" endBytecode="19" sourcefile="RegistryFactory.java" sourcepath="com/alibaba/fescar/discovery/registry/RegistryFactory.java" relSourcepath="main\java\com\alibaba\fescar\discovery\registry\RegistryFactory.java" role="SOURCE_LINE_KNOWN_NULL">
      <Message>Known null at RegistryFactory.java:[line 50]</Message>
    </SourceLine>
    <SourceLine classname="com.alibaba.fescar.discovery.registry.RegistryFactory" start="51" end="51" startBytecode="24" endBytecode="24" sourcefile="RegistryFactory.java" sourcepath="com/alibaba/fescar/discovery/registry/RegistryFactory.java" relSourcepath="main\java\com\alibaba\fescar\discovery\registry\RegistryFactory.java" role="SOURCE_LINE_KNOWN_NULL">
      <Message>Known null at RegistryFactory.java:[line 51]</Message>
    </SourceLine>
    <Property name="edu.umd.cs.findbugs.detect.NullDerefProperty.ALWAYS_ON_EXCEPTION_PATH" value="true"/>
  </BugInstance>
  <BugCategory category="PERFORMANCE">
    <Description>Performance</Description>
  </BugCategory>
  <BugCategory category="CORRECTNESS">
    <Description>Correctness</Description>
  </BugCategory>
  <BugPattern type="WMI_WRONG_MAP_ITERATOR" abbrev="WMI" category="PERFORMANCE">
    <ShortDescription>Inefficient use of keySet iterator instead of entrySet iterator</ShortDescription>
    <Details><![CDATA[

<p> This method accesses the value of a Map entry, using a key that was retrieved from
a keySet iterator. It is more efficient to use an iterator on the entrySet of the map, to avoid the
Map.get(key) lookup.</p>

        ]]></Details>
  </BugPattern>
  <BugPattern type="SIC_INNER_SHOULD_BE_STATIC" abbrev="SIC" category="PERFORMANCE">
    <ShortDescription>Should be a static inner class</ShortDescription>
    <Details><![CDATA[

  <p> This class is an inner class, but does not use its embedded reference
  to the object which created it.&nbsp; This reference makes the instances
  of the class larger, and may keep the reference to the creator object
  alive longer than necessary.&nbsp; If possible, the class should be
   made static.
</p>

    ]]></Details>
  </BugPattern>
  <BugPattern type="DM_BOXED_PRIMITIVE_FOR_PARSING" abbrev="Bx" category="PERFORMANCE">
    <ShortDescription>Boxing/unboxing to parse a primitive</ShortDescription>
    <Details><![CDATA[

  <p>A boxed primitive is created from a String, just to extract the unboxed primitive value.
  It is more efficient to just call the static parseXXX method.</p>

    ]]></Details>
  </BugPattern>
  <BugPattern type="NP_NULL_ON_SOME_PATH_EXCEPTION" abbrev="NP" category="CORRECTNESS">
    <ShortDescription>Possible null pointer dereference in method on exception path</ShortDescription>
    <Details><![CDATA[

<p> A reference value which is null on some exception control path is
dereferenced here.&nbsp; This may lead to a <code>NullPointerException</code>
when the code is executed.&nbsp;
Note that because FindBugs currently does not prune infeasible exception paths,
this may be a false warning.</p>

<p> Also note that FindBugs considers the default case of a switch statement to
be an exception path, since the default case is often infeasible.</p>

    ]]></Details>
  </BugPattern>
  <BugCode abbrev="WMI">
    <Description>Inefficient Map Iterator</Description>
  </BugCode>
  <BugCode abbrev="NP" cweid="476">
    <Description>Null pointer dereference</Description>
  </BugCode>
  <BugCode abbrev="Bx">
    <Description>Questionable Boxing of primitive value</Description>
  </BugCode>
  <BugCode abbrev="SIC">
    <Description>Inner class could be made static</Description>
  </BugCode>
  <Errors errors="0" missingClasses="0"></Errors>
  <FindBugsSummary timestamp="Wed, 17 Apr 2019 05:30:50 -0500" total_classes="19" referenced_classes="78" total_bugs="5" total_size="528" num_packages="2" java_version="1.8.0_152-release" vm_version="25.152-b28" cpu_seconds="30.22" clock_seconds="62.04" peak_mbytes="1322.14" alloc_mbytes="2320.00" gc_seconds="0.48" priority_2="4" priority_1="1">
    <FileStats path="com/alibaba/fescar/discovery/loadbalance/AbstractLoadBalance.java" bugCount="0" size="10"/>
    <FileStats path="com/alibaba/fescar/discovery/loadbalance/LoadBalance.java" bugCount="0" size="2"/>
    <FileStats path="com/alibaba/fescar/discovery/loadbalance/LoadBalanceFactory.java" bugCount="0" size="6"/>
    <FileStats path="com/alibaba/fescar/discovery/loadbalance/LoadBalanceFactoryTest.java" bugCount="0" size="44"/>
    <FileStats path="com/alibaba/fescar/discovery/loadbalance/LoadBalanceTest.java" bugCount="2" size="39" bugHash="3cc05b1fbca6c69a94437b261ef02ed7"/>
    <FileStats path="com/alibaba/fescar/discovery/loadbalance/RandomLoadBalance.java" bugCount="0" size="8"/>
    <FileStats path="com/alibaba/fescar/discovery/loadbalance/RoundRobinLoadBalance.java" bugCount="0" size="14"/>
    <FileStats path="com/alibaba/fescar/discovery/registry/FileRegistryServiceImpl.java" bugCount="0" size="43"/>
    <FileStats path="com/alibaba/fescar/discovery/registry/NacosRegistryServiceImpl.java" bugCount="0" size="130"/>
    <FileStats path="com/alibaba/fescar/discovery/registry/RedisListener.java" bugCount="0" size="4"/>
    <FileStats path="com/alibaba/fescar/discovery/registry/RedisRegistryServiceImpl.java" bugCount="2" size="172" bugHash="998ab0c2ca98aa2e1cf473f006c907c2"/>
    <FileStats path="com/alibaba/fescar/discovery/registry/RegistryFactory.java" bugCount="1" size="26" bugHash="fda4c2224354eca9158fe861a96ffbc3"/>
    <FileStats path="com/alibaba/fescar/discovery/registry/RegistryService.java" bugCount="0" size="9"/>
    <FileStats path="com/alibaba/fescar/discovery/registry/RegistryType.java" bugCount="0" size="21"/>
    <PackageStats package="com.alibaba.fescar.discovery.loadbalance" total_bugs="2" total_types="7" total_size="123" priority_2="2">
      <ClassStats class="com.alibaba.fescar.discovery.loadbalance.AbstractLoadBalance" sourceFile="AbstractLoadBalance.java" interface="false" size="10" bugs="0"/>
      <ClassStats class="com.alibaba.fescar.discovery.loadbalance.LoadBalance" sourceFile="LoadBalance.java" interface="true" size="2" bugs="0"/>
      <ClassStats class="com.alibaba.fescar.discovery.loadbalance.LoadBalanceFactory" sourceFile="LoadBalanceFactory.java" interface="false" size="6" bugs="0"/>
      <ClassStats class="com.alibaba.fescar.discovery.loadbalance.LoadBalanceFactoryTest" sourceFile="LoadBalanceFactoryTest.java" interface="false" size="44" bugs="0"/>
      <ClassStats class="com.alibaba.fescar.discovery.loadbalance.LoadBalanceTest" sourceFile="LoadBalanceTest.java" interface="false" size="39" bugs="2" priority_2="2"/>
      <ClassStats class="com.alibaba.fescar.discovery.loadbalance.RandomLoadBalance" sourceFile="RandomLoadBalance.java" interface="false" size="8" bugs="0"/>
      <ClassStats class="com.alibaba.fescar.discovery.loadbalance.RoundRobinLoadBalance" sourceFile="RoundRobinLoadBalance.java" interface="false" size="14" bugs="0"/>
    </PackageStats>
    <PackageStats package="com.alibaba.fescar.discovery.registry" total_bugs="3" total_types="12" total_size="405" priority_2="2" priority_1="1">
      <ClassStats class="com.alibaba.fescar.discovery.registry.FileRegistryServiceImpl" sourceFile="FileRegistryServiceImpl.java" interface="false" size="43" bugs="0"/>
      <ClassStats class="com.alibaba.fescar.discovery.registry.NacosRegistryServiceImpl" sourceFile="NacosRegistryServiceImpl.java" interface="false" size="113" bugs="0"/>
      <ClassStats class="com.alibaba.fescar.discovery.registry.NacosRegistryServiceImpl$1" sourceFile="NacosRegistryServiceImpl.java" interface="false" size="17" bugs="0"/>
      <ClassStats class="com.alibaba.fescar.discovery.registry.RedisListener" sourceFile="RedisListener.java" interface="true" size="4" bugs="0"/>
      <ClassStats class="com.alibaba.fescar.discovery.registry.RedisRegistryServiceImpl" sourceFile="RedisRegistryServiceImpl.java" interface="false" size="129" bugs="1" priority_1="1"/>
      <ClassStats class="com.alibaba.fescar.discovery.registry.RedisRegistryServiceImpl$1" sourceFile="RedisRegistryServiceImpl.java" interface="false" size="15" bugs="0"/>
      <ClassStats class="com.alibaba.fescar.discovery.registry.RedisRegistryServiceImpl$2" sourceFile="RedisRegistryServiceImpl.java" interface="false" size="16" bugs="0"/>
      <ClassStats class="com.alibaba.fescar.discovery.registry.RedisRegistryServiceImpl$NotifySub" sourceFile="RedisRegistryServiceImpl.java" interface="false" size="12" bugs="1" priority_2="1"/>
      <ClassStats class="com.alibaba.fescar.discovery.registry.RegistryFactory" sourceFile="RegistryFactory.java" interface="false" size="22" bugs="1" priority_2="1"/>
      <ClassStats class="com.alibaba.fescar.discovery.registry.RegistryFactory$1" sourceFile="RegistryFactory.java" interface="false" size="4" bugs="0"/>
      <ClassStats class="com.alibaba.fescar.discovery.registry.RegistryService" sourceFile="RegistryService.java" interface="true" size="9" bugs="0"/>
      <ClassStats class="com.alibaba.fescar.discovery.registry.RegistryType" sourceFile="RegistryType.java" interface="false" size="21" bugs="0"/>
    </PackageStats>
    <FindBugsProfile>
      <ClassProfile name="edu.umd.cs.findbugs.FindBugs2" totalMilliseconds="204" invocations="2" avgMicrosecondsPerInvocation="102120" maxMicrosecondsPerInvocation="194963" standardDeviationMircosecondsPerInvocation="92842"/>
      <ClassProfile name="edu.umd.cs.findbugs.classfile.engine.ClassDataAnalysisEngine" totalMilliseconds="129" invocations="570" avgMicrosecondsPerInvocation="226" maxMicrosecondsPerInvocation="651" standardDeviationMircosecondsPerInvocation="42"/>
      <ClassProfile name="edu.umd.cs.findbugs.classfile.engine.ClassInfoAnalysisEngine" totalMilliseconds="68" invocations="568" avgMicrosecondsPerInvocation="120" maxMicrosecondsPerInvocation="2759" standardDeviationMircosecondsPerInvocation="251"/>
      <ClassProfile name="edu.umd.cs.findbugs.classfile.engine.bcel.CFGFactory" totalMilliseconds="17" invocations="83" avgMicrosecondsPerInvocation="212" maxMicrosecondsPerInvocation="10932" standardDeviationMircosecondsPerInvocation="1187"/>
      <ClassProfile name="edu.umd.cs.findbugs.detect.FieldItemSummary" totalMilliseconds="16" invocations="78" avgMicrosecondsPerInvocation="206" maxMicrosecondsPerInvocation="3391" standardDeviationMircosecondsPerInvocation="470"/>
      <ClassProfile name="edu.umd.cs.findbugs.classfile.engine.bcel.IsNullValueDataflowFactory" totalMilliseconds="15" invocations="83" avgMicrosecondsPerInvocation="184" maxMicrosecondsPerInvocation="1838" standardDeviationMircosecondsPerInvocation="293"/>
      <ClassProfile name="edu.umd.cs.findbugs.OpcodeStack$JumpInfoFactory" totalMilliseconds="14" invocations="239" avgMicrosecondsPerInvocation="62" maxMicrosecondsPerInvocation="450" standardDeviationMircosecondsPerInvocation="71"/>
      <ClassProfile name="edu.umd.cs.findbugs.ba.npe.NullDerefAndRedundantComparisonFinder" totalMilliseconds="12" invocations="77" avgMicrosecondsPerInvocation="160" maxMicrosecondsPerInvocation="1255" standardDeviationMircosecondsPerInvocation="229"/>
      <ClassProfile name="edu.umd.cs.findbugs.classfile.engine.bcel.UnconditionalValueDerefDataflowFactory" totalMilliseconds="11" invocations="83" avgMicrosecondsPerInvocation="141" maxMicrosecondsPerInvocation="1364" standardDeviationMircosecondsPerInvocation="239"/>
    </FindBugsProfile>
  </FindBugsSummary>
  <ClassFeatures></ClassFeatures>
  <History></History>
</BugCollection>
