<?xml version="1.0" encoding="UTF-8"?>
<?xml-stylesheet type="text/xsl" href="http://findbugs.sourceforge.net/xsl/default.xsl"?>

<BugCollection version="3.0.1" sequence="0" timestamp="1555683641317" analysisTimestamp="1555683640997" release="">
  <Project projectName="fescar-all[fescar-dubbo-alibaba]">
    <Jar>C:\Users\Subhodip_PC\Desktop\PROJECT\Seta_Downloads\seata-0.3.0\dubbo-alibaba\target\classes\com\alibaba\fescar\dubbo\alibaba\TransactionPropagationFilter.class</Jar>
    <AuxClasspathEntry>C:/Users/Subhodip_PC/Desktop/PROJECT/Seta_Downloads/seata-0.3.0/common/target/classes</AuxClasspathEntry>
    <AuxClasspathEntry>C:/Users/Subhodip_PC/Desktop/PROJECT/Seta_Downloads/seata-0.3.0/common/target/test-classes</AuxClasspathEntry>
    <AuxClasspathEntry>C:/Users/Subhodip_PC/Desktop/PROJECT/Seta_Downloads/seata-0.3.0/config/target/classes</AuxClasspathEntry>
    <AuxClasspathEntry>C:/Users/Subhodip_PC/Desktop/PROJECT/Seta_Downloads/seata-0.3.0/config/target/test-classes</AuxClasspathEntry>
    <AuxClasspathEntry>C:/Users/Subhodip_PC/Desktop/PROJECT/Seta_Downloads/seata-0.3.0/dubbo-alibaba/target/classes</AuxClasspathEntry>
    <AuxClasspathEntry>C:/Users/Subhodip_PC/Desktop/PROJECT/Seta_Downloads/seata-0.3.0/tm/target/classes</AuxClasspathEntry>
    <AuxClasspathEntry>C:/Users/Subhodip_PC/Desktop/PROJECT/Seta_Downloads/seata-0.3.0/tm/target/test-classes</AuxClasspathEntry>
    <AuxClasspathEntry>C:/Users/Subhodip_PC/Desktop/PROJECT/Seta_Downloads/seata-0.3.0/core/target/classes</AuxClasspathEntry>
    <AuxClasspathEntry>C:/Users/Subhodip_PC/Desktop/PROJECT/Seta_Downloads/seata-0.3.0/core/target/test-classes</AuxClasspathEntry>
    <AuxClasspathEntry>C:/Users/Subhodip_PC/Desktop/PROJECT/Seta_Downloads/seata-0.3.0/discovery/target/classes</AuxClasspathEntry>
    <AuxClasspathEntry>C:/Users/Subhodip_PC/Desktop/PROJECT/Seta_Downloads/seata-0.3.0/discovery/target/test-classes</AuxClasspathEntry>
    <SrcDir>C:/Users/Subhodip_PC/Desktop/PROJECT/Seta_Downloads/seata-0.3.0/dubbo-alibaba/src/main/java</SrcDir>
    <SrcDir>C:/Users/Subhodip_PC/Desktop/PROJECT/Seta_Downloads/seata-0.3.0/dubbo-alibaba/src/main/resources</SrcDir>
  </Project>
  <Errors errors="0" missingClasses="0"></Errors>
  <FindBugsSummary timestamp="Wed, 17 Apr 2019 05:35:06 -0500" total_classes="1" referenced_classes="11" total_bugs="0" total_size="30" num_packages="1" java_version="1.8.0_152-release" vm_version="25.152-b28" cpu_seconds="15.17" clock_seconds="49.12" peak_mbytes="1874.87" alloc_mbytes="2320.00" gc_seconds="0.11">
    <FileStats path="com/alibaba/fescar/dubbo/alibaba/TransactionPropagationFilter.java" bugCount="0" size="30"/>
    <PackageStats package="com.alibaba.fescar.dubbo.alibaba" total_bugs="0" total_types="1" total_size="30">
      <ClassStats class="com.alibaba.fescar.dubbo.alibaba.TransactionPropagationFilter" sourceFile="TransactionPropagationFilter.java" interface="false" size="30" bugs="0"/>
    </PackageStats>
    <FindBugsProfile>
      <ClassProfile name="edu.umd.cs.findbugs.FindBugs2" totalMilliseconds="135" invocations="2" avgMicrosecondsPerInvocation="67528" maxMicrosecondsPerInvocation="131844" standardDeviationMircosecondsPerInvocation="64316"/>
      <ClassProfile name="edu.umd.cs.findbugs.classfile.engine.ClassDataAnalysisEngine" totalMilliseconds="95" invocations="318" avgMicrosecondsPerInvocation="301" maxMicrosecondsPerInvocation="1142" standardDeviationMircosecondsPerInvocation="74"/>
      <ClassProfile name="edu.umd.cs.findbugs.classfile.engine.ClassInfoAnalysisEngine" totalMilliseconds="52" invocations="318" avgMicrosecondsPerInvocation="164" maxMicrosecondsPerInvocation="11202" standardDeviationMircosecondsPerInvocation="670"/>
    </FindBugsProfile>
  </FindBugsSummary>
  <ClassFeatures></ClassFeatures>
  <History></History>
</BugCollection>
