<?xml version="1.0" encoding="UTF-8"?>
<?xml-stylesheet type="text/xsl" href="http://findbugs.sourceforge.net/xsl/default.xsl"?>

<BugCollection version="3.0.1" sequence="0" timestamp="1555683640278" analysisTimestamp="1555683639569" release="">
  <Project projectName="fescar-all[fescar-common]">
    <Jar>C:\Users\Subhodip_PC\Desktop\PROJECT\Seta_Downloads\seata-0.3.0\common\target\classes\com\alibaba\fescar\common\Constants.class</Jar>
    <Jar>C:\Users\Subhodip_PC\Desktop\PROJECT\Seta_Downloads\seata-0.3.0\common\target\classes\com\alibaba\fescar\common\exception\EurekaRegistryException.class</Jar>
    <Jar>C:\Users\Subhodip_PC\Desktop\PROJECT\Seta_Downloads\seata-0.3.0\common\target\classes\com\alibaba\fescar\common\exception\FrameworkErrorCode.class</Jar>
    <Jar>C:\Users\Subhodip_PC\Desktop\PROJECT\Seta_Downloads\seata-0.3.0\common\target\classes\com\alibaba\fescar\common\exception\FrameworkException.class</Jar>
    <Jar>C:\Users\Subhodip_PC\Desktop\PROJECT\Seta_Downloads\seata-0.3.0\common\target\classes\com\alibaba\fescar\common\exception\NotSupportYetException.class</Jar>
    <Jar>C:\Users\Subhodip_PC\Desktop\PROJECT\Seta_Downloads\seata-0.3.0\common\target\classes\com\alibaba\fescar\common\exception\ShouldNeverHappenException.class</Jar>
    <Jar>C:\Users\Subhodip_PC\Desktop\PROJECT\Seta_Downloads\seata-0.3.0\common\target\classes\com\alibaba\fescar\common\loader\EnhancedServiceLoader$1.class</Jar>
    <Jar>C:\Users\Subhodip_PC\Desktop\PROJECT\Seta_Downloads\seata-0.3.0\common\target\classes\com\alibaba\fescar\common\loader\EnhancedServiceLoader.class</Jar>
    <Jar>C:\Users\Subhodip_PC\Desktop\PROJECT\Seta_Downloads\seata-0.3.0\common\target\classes\com\alibaba\fescar\common\loader\EnhancedServiceNotFoundException.class</Jar>
    <Jar>C:\Users\Subhodip_PC\Desktop\PROJECT\Seta_Downloads\seata-0.3.0\common\target\classes\com\alibaba\fescar\common\loader\LoadLevel.class</Jar>
    <Jar>C:\Users\Subhodip_PC\Desktop\PROJECT\Seta_Downloads\seata-0.3.0\common\target\classes\com\alibaba\fescar\common\thread\NamedThreadFactory.class</Jar>
    <Jar>C:\Users\Subhodip_PC\Desktop\PROJECT\Seta_Downloads\seata-0.3.0\common\target\classes\com\alibaba\fescar\common\thread\RejectedPolicys$1.class</Jar>
    <Jar>C:\Users\Subhodip_PC\Desktop\PROJECT\Seta_Downloads\seata-0.3.0\common\target\classes\com\alibaba\fescar\common\thread\RejectedPolicys.class</Jar>
    <Jar>C:\Users\Subhodip_PC\Desktop\PROJECT\Seta_Downloads\seata-0.3.0\common\target\classes\com\alibaba\fescar\common\util\BlobUtils.class</Jar>
    <Jar>C:\Users\Subhodip_PC\Desktop\PROJECT\Seta_Downloads\seata-0.3.0\common\target\classes\com\alibaba\fescar\common\util\NetUtil.class</Jar>
    <Jar>C:\Users\Subhodip_PC\Desktop\PROJECT\Seta_Downloads\seata-0.3.0\common\target\classes\com\alibaba\fescar\common\util\StringUtils.class</Jar>
    <Jar>C:\Users\Subhodip_PC\Desktop\PROJECT\Seta_Downloads\seata-0.3.0\common\target\classes\com\alibaba\fescar\common\XID.class</Jar>
    <Jar>C:\Users\Subhodip_PC\Desktop\PROJECT\Seta_Downloads\seata-0.3.0\common\target\test-classes\com\alibaba\fescar\common\exception\FrameworkExceptionTest.class</Jar>
    <Jar>C:\Users\Subhodip_PC\Desktop\PROJECT\Seta_Downloads\seata-0.3.0\common\target\test-classes\com\alibaba\fescar\common\exception\Message.class</Jar>
    <Jar>C:\Users\Subhodip_PC\Desktop\PROJECT\Seta_Downloads\seata-0.3.0\common\target\test-classes\com\alibaba\fescar\common\loader\ChineseHello.class</Jar>
    <Jar>C:\Users\Subhodip_PC\Desktop\PROJECT\Seta_Downloads\seata-0.3.0\common\target\test-classes\com\alibaba\fescar\common\loader\EnglishHello.class</Jar>
    <Jar>C:\Users\Subhodip_PC\Desktop\PROJECT\Seta_Downloads\seata-0.3.0\common\target\test-classes\com\alibaba\fescar\common\loader\EnhancedServiceLoaderTest.class</Jar>
    <Jar>C:\Users\Subhodip_PC\Desktop\PROJECT\Seta_Downloads\seata-0.3.0\common\target\test-classes\com\alibaba\fescar\common\loader\FrenchHello.class</Jar>
    <Jar>C:\Users\Subhodip_PC\Desktop\PROJECT\Seta_Downloads\seata-0.3.0\common\target\test-classes\com\alibaba\fescar\common\loader\Hello.class</Jar>
    <Jar>C:\Users\Subhodip_PC\Desktop\PROJECT\Seta_Downloads\seata-0.3.0\common\target\test-classes\com\alibaba\fescar\common\thread\NamedThreadFactoryTest.class</Jar>
    <Jar>C:\Users\Subhodip_PC\Desktop\PROJECT\Seta_Downloads\seata-0.3.0\common\target\test-classes\com\alibaba\fescar\common\thread\RejectedPolicysTest$1.class</Jar>
    <Jar>C:\Users\Subhodip_PC\Desktop\PROJECT\Seta_Downloads\seata-0.3.0\common\target\test-classes\com\alibaba\fescar\common\thread\RejectedPolicysTest$2.class</Jar>
    <Jar>C:\Users\Subhodip_PC\Desktop\PROJECT\Seta_Downloads\seata-0.3.0\common\target\test-classes\com\alibaba\fescar\common\thread\RejectedPolicysTest$3.class</Jar>
    <Jar>C:\Users\Subhodip_PC\Desktop\PROJECT\Seta_Downloads\seata-0.3.0\common\target\test-classes\com\alibaba\fescar\common\thread\RejectedPolicysTest.class</Jar>
    <Jar>C:\Users\Subhodip_PC\Desktop\PROJECT\Seta_Downloads\seata-0.3.0\common\target\test-classes\com\alibaba\fescar\common\util\BlobUtilsTest.class</Jar>
    <Jar>C:\Users\Subhodip_PC\Desktop\PROJECT\Seta_Downloads\seata-0.3.0\common\target\test-classes\com\alibaba\fescar\common\util\NetUtilTest.class</Jar>
    <Jar>C:\Users\Subhodip_PC\Desktop\PROJECT\Seta_Downloads\seata-0.3.0\common\target\test-classes\com\alibaba\fescar\common\util\StringUtilsTest.class</Jar>
    <Jar>C:\Users\Subhodip_PC\Desktop\PROJECT\Seta_Downloads\seata-0.3.0\common\target\test-classes\com\alibaba\fescar\common\XIDTest.class</Jar>
    <AuxClasspathEntry>C:/Users/Subhodip_PC/Desktop/PROJECT/Seta_Downloads/seata-0.3.0/common/target/classes</AuxClasspathEntry>
    <AuxClasspathEntry>C:/Users/Subhodip_PC/Desktop/PROJECT/Seta_Downloads/seata-0.3.0/common/target/test-classes</AuxClasspathEntry>
    <SrcDir>C:/Users/Subhodip_PC/Desktop/PROJECT/Seta_Downloads/seata-0.3.0/common/src/main/java</SrcDir>
    <SrcDir>C:/Users/Subhodip_PC/Desktop/PROJECT/Seta_Downloads/seata-0.3.0/common/src/test/java</SrcDir>
    <SrcDir>C:/Users/Subhodip_PC/Desktop/PROJECT/Seta_Downloads/seata-0.3.0/common/src/test/resources</SrcDir>
  </Project>
  <BugInstance type="DMI_RANDOM_USED_ONLY_ONCE" priority="1" rank="14" abbrev="DMI" category="BAD_PRACTICE" instanceHash="461f8703fbda4609576a43b9662b2371" instanceOccurrenceNum="0" instanceOccurrenceMax="0" cweid="440">
    <ShortMessage>Random object created and used only once</ShortMessage>
    <LongMessage>Random object created and used only once in com.alibaba.fescar.common.XIDTest.testGenerateXID()</LongMessage>
    <Class classname="com.alibaba.fescar.common.XIDTest" primary="true">
      <SourceLine classname="com.alibaba.fescar.common.XIDTest" sourcefile="XIDTest.java" sourcepath="com/alibaba/fescar/common/XIDTest.java" relSourcepath="test\java\com\alibaba\fescar\common\XIDTest.java">
        <Message>In XIDTest.java</Message>
      </SourceLine>
      <Message>In class com.alibaba.fescar.common.XIDTest</Message>
    </Class>
    <Method classname="com.alibaba.fescar.common.XIDTest" name="testGenerateXID" signature="()V" isStatic="false" primary="true">
      <SourceLine classname="com.alibaba.fescar.common.XIDTest" start="56" end="60" startBytecode="0" endBytecode="137" sourcefile="XIDTest.java" sourcepath="com/alibaba/fescar/common/XIDTest.java" relSourcepath="test\java\com\alibaba\fescar\common\XIDTest.java"/>
      <Message>In method com.alibaba.fescar.common.XIDTest.testGenerateXID()</Message>
    </Method>
    <Method classname="java.util.Random" name="nextLong" signature="()J" isStatic="false" role="METHOD_CALLED">
      <SourceLine classname="java.util.Random" start="424" end="424" startBytecode="0" endBytecode="42" sourcefile="Random.java" sourcepath="java/util/Random.java"/>
      <Message>Called method java.util.Random.nextLong()</Message>
    </Method>
    <SourceLine classname="com.alibaba.fescar.common.XIDTest" primary="true" start="56" end="56" startBytecode="7" endBytecode="7" sourcefile="XIDTest.java" sourcepath="com/alibaba/fescar/common/XIDTest.java" relSourcepath="test\java\com\alibaba\fescar\common\XIDTest.java">
      <Message>At XIDTest.java:[line 56]</Message>
    </SourceLine>
    <SourceLine classname="com.alibaba.fescar.common.XIDTest" primary="true" start="56" end="56" startBytecode="7" endBytecode="7" sourcefile="XIDTest.java" sourcepath="com/alibaba/fescar/common/XIDTest.java" relSourcepath="test\java\com\alibaba\fescar\common\XIDTest.java">
      <Message>At XIDTest.java:[line 56]</Message>
    </SourceLine>
  </BugInstance>
  <BugInstance type="ME_MUTABLE_ENUM_FIELD" priority="2" rank="16" abbrev="ME" category="BAD_PRACTICE" instanceHash="a7e9d7350ba9396bf81bb504cc391e40" instanceOccurrenceNum="0" instanceOccurrenceMax="0">
    <ShortMessage>Enum field is public and mutable</ShortMessage>
    <LongMessage>com.alibaba.fescar.common.exception.FrameworkErrorCode.errCode field is public and mutable</LongMessage>
    <Class classname="com.alibaba.fescar.common.exception.FrameworkErrorCode" primary="true">
      <SourceLine classname="com.alibaba.fescar.common.exception.FrameworkErrorCode" sourcefile="FrameworkErrorCode.java" sourcepath="com/alibaba/fescar/common/exception/FrameworkErrorCode.java" relSourcepath="main\java\com\alibaba\fescar\common\exception\FrameworkErrorCode.java">
        <Message>In FrameworkErrorCode.java</Message>
      </SourceLine>
      <Message>In class com.alibaba.fescar.common.exception.FrameworkErrorCode</Message>
    </Class>
    <Field classname="com.alibaba.fescar.common.exception.FrameworkErrorCode" name="errCode" signature="Ljava/lang/String;" isStatic="false" primary="true">
      <SourceLine classname="com.alibaba.fescar.common.exception.FrameworkErrorCode" sourcefile="FrameworkErrorCode.java" sourcepath="com/alibaba/fescar/common/exception/FrameworkErrorCode.java" relSourcepath="main\java\com\alibaba\fescar\common\exception\FrameworkErrorCode.java">
        <Message>In FrameworkErrorCode.java</Message>
      </SourceLine>
      <Message>Field com.alibaba.fescar.common.exception.FrameworkErrorCode.errCode</Message>
    </Field>
    <SourceLine classname="com.alibaba.fescar.common.exception.FrameworkErrorCode" sourcefile="FrameworkErrorCode.java" sourcepath="com/alibaba/fescar/common/exception/FrameworkErrorCode.java" relSourcepath="main\java\com\alibaba\fescar\common\exception\FrameworkErrorCode.java" synthetic="true">
      <Message>In FrameworkErrorCode.java</Message>
    </SourceLine>
  </BugInstance>
  <BugInstance type="ME_MUTABLE_ENUM_FIELD" priority="2" rank="16" abbrev="ME" category="BAD_PRACTICE" instanceHash="94e87a214eaf279b24308f4549a0eb78" instanceOccurrenceNum="0" instanceOccurrenceMax="0">
    <ShortMessage>Enum field is public and mutable</ShortMessage>
    <LongMessage>com.alibaba.fescar.common.exception.FrameworkErrorCode.errDispose field is public and mutable</LongMessage>
    <Class classname="com.alibaba.fescar.common.exception.FrameworkErrorCode" primary="true">
      <SourceLine classname="com.alibaba.fescar.common.exception.FrameworkErrorCode" sourcefile="FrameworkErrorCode.java" sourcepath="com/alibaba/fescar/common/exception/FrameworkErrorCode.java" relSourcepath="main\java\com\alibaba\fescar\common\exception\FrameworkErrorCode.java">
        <Message>In FrameworkErrorCode.java</Message>
      </SourceLine>
      <Message>In class com.alibaba.fescar.common.exception.FrameworkErrorCode</Message>
    </Class>
    <Field classname="com.alibaba.fescar.common.exception.FrameworkErrorCode" name="errDispose" signature="Ljava/lang/String;" isStatic="false" primary="true">
      <SourceLine classname="com.alibaba.fescar.common.exception.FrameworkErrorCode" sourcefile="FrameworkErrorCode.java" sourcepath="com/alibaba/fescar/common/exception/FrameworkErrorCode.java" relSourcepath="main\java\com\alibaba\fescar\common\exception\FrameworkErrorCode.java">
        <Message>In FrameworkErrorCode.java</Message>
      </SourceLine>
      <Message>Field com.alibaba.fescar.common.exception.FrameworkErrorCode.errDispose</Message>
    </Field>
    <SourceLine classname="com.alibaba.fescar.common.exception.FrameworkErrorCode" sourcefile="FrameworkErrorCode.java" sourcepath="com/alibaba/fescar/common/exception/FrameworkErrorCode.java" relSourcepath="main\java\com\alibaba\fescar\common\exception\FrameworkErrorCode.java" synthetic="true">
      <Message>In FrameworkErrorCode.java</Message>
    </SourceLine>
  </BugInstance>
  <BugInstance type="ME_MUTABLE_ENUM_FIELD" priority="2" rank="16" abbrev="ME" category="BAD_PRACTICE" instanceHash="5fbb27384975f7393d7e43062ebfe8bc" instanceOccurrenceNum="0" instanceOccurrenceMax="0">
    <ShortMessage>Enum field is public and mutable</ShortMessage>
    <LongMessage>com.alibaba.fescar.common.exception.FrameworkErrorCode.errMessage field is public and mutable</LongMessage>
    <Class classname="com.alibaba.fescar.common.exception.FrameworkErrorCode" primary="true">
      <SourceLine classname="com.alibaba.fescar.common.exception.FrameworkErrorCode" sourcefile="FrameworkErrorCode.java" sourcepath="com/alibaba/fescar/common/exception/FrameworkErrorCode.java" relSourcepath="main\java\com\alibaba\fescar\common\exception\FrameworkErrorCode.java">
        <Message>In FrameworkErrorCode.java</Message>
      </SourceLine>
      <Message>In class com.alibaba.fescar.common.exception.FrameworkErrorCode</Message>
    </Class>
    <Field classname="com.alibaba.fescar.common.exception.FrameworkErrorCode" name="errMessage" signature="Ljava/lang/String;" isStatic="false" primary="true">
      <SourceLine classname="com.alibaba.fescar.common.exception.FrameworkErrorCode" sourcefile="FrameworkErrorCode.java" sourcepath="com/alibaba/fescar/common/exception/FrameworkErrorCode.java" relSourcepath="main\java\com\alibaba\fescar\common\exception\FrameworkErrorCode.java">
        <Message>In FrameworkErrorCode.java</Message>
      </SourceLine>
      <Message>Field com.alibaba.fescar.common.exception.FrameworkErrorCode.errMessage</Message>
    </Field>
    <SourceLine classname="com.alibaba.fescar.common.exception.FrameworkErrorCode" sourcefile="FrameworkErrorCode.java" sourcepath="com/alibaba/fescar/common/exception/FrameworkErrorCode.java" relSourcepath="main\java\com\alibaba\fescar\common\exception\FrameworkErrorCode.java" synthetic="true">
      <Message>In FrameworkErrorCode.java</Message>
    </SourceLine>
  </BugInstance>
  <BugInstance type="DLS_DEAD_LOCAL_STORE" priority="2" rank="17" abbrev="DLS" category="STYLE" instanceHash="b1a73b21e5894bc39134ae701af0aacf" instanceOccurrenceNum="0" instanceOccurrenceMax="0" cweid="563">
    <ShortMessage>Dead store to local variable</ShortMessage>
    <LongMessage>Dead store to load in com.alibaba.fescar.common.loader.EnhancedServiceLoaderTest.testLoadException()</LongMessage>
    <Class classname="com.alibaba.fescar.common.loader.EnhancedServiceLoaderTest" primary="true">
      <SourceLine classname="com.alibaba.fescar.common.loader.EnhancedServiceLoaderTest" sourcefile="EnhancedServiceLoaderTest.java" sourcepath="com/alibaba/fescar/common/loader/EnhancedServiceLoaderTest.java" relSourcepath="test\java\com\alibaba\fescar\common\loader\EnhancedServiceLoaderTest.java">
        <Message>In EnhancedServiceLoaderTest.java</Message>
      </SourceLine>
      <Message>In class com.alibaba.fescar.common.loader.EnhancedServiceLoaderTest</Message>
    </Class>
    <Method classname="com.alibaba.fescar.common.loader.EnhancedServiceLoaderTest" name="testLoadException" signature="()V" isStatic="false" primary="true">
      <SourceLine classname="com.alibaba.fescar.common.loader.EnhancedServiceLoaderTest" start="48" end="49" startBytecode="0" endBytecode="4" sourcefile="EnhancedServiceLoaderTest.java" sourcepath="com/alibaba/fescar/common/loader/EnhancedServiceLoaderTest.java" relSourcepath="test\java\com\alibaba\fescar\common\loader\EnhancedServiceLoaderTest.java"/>
      <Message>In method com.alibaba.fescar.common.loader.EnhancedServiceLoaderTest.testLoadException()</Message>
    </Method>
    <LocalVariable name="load" register="1" pc="9" role="LOCAL_VARIABLE_NAMED">
      <Message>Local variable named load</Message>
    </LocalVariable>
    <SourceLine classname="com.alibaba.fescar.common.loader.EnhancedServiceLoaderTest" primary="true" start="48" end="48" startBytecode="8" endBytecode="8" sourcefile="EnhancedServiceLoaderTest.java" sourcepath="com/alibaba/fescar/common/loader/EnhancedServiceLoaderTest.java" relSourcepath="test\java\com\alibaba\fescar\common\loader\EnhancedServiceLoaderTest.java">
      <Message>At EnhancedServiceLoaderTest.java:[line 48]</Message>
    </SourceLine>
    <SourceLine classname="com.alibaba.fescar.common.loader.EnhancedServiceLoaderTest" primary="true" start="48" end="48" startBytecode="8" endBytecode="8" sourcefile="EnhancedServiceLoaderTest.java" sourcepath="com/alibaba/fescar/common/loader/EnhancedServiceLoaderTest.java" relSourcepath="test\java\com\alibaba\fescar\common\loader\EnhancedServiceLoaderTest.java">
      <Message>At EnhancedServiceLoaderTest.java:[line 48]</Message>
    </SourceLine>
    <Property name="edu.umd.cs.findbugs.detect.DeadLocalStoreProperty.LOCAL_NAME" value="load"/>
    <Property name="edu.umd.cs.findbugs.detect.DeadLocalStoreProperty.NO_LOADS" value="true"/>
  </BugInstance>
  <BugInstance type="SS_SHOULD_BE_STATIC" priority="2" rank="18" abbrev="SS" category="PERFORMANCE" instanceHash="861ce863d87c889a4dc1aff7a538ff0a" instanceOccurrenceNum="0" instanceOccurrenceMax="0">
    <ShortMessage>Unread field: should this field be static?</ShortMessage>
    <LongMessage>Unread field: com.alibaba.fescar.common.thread.RejectedPolicysTest.DEFAULT_CORE_POOL_SIZE; should this field be static?</LongMessage>
    <Class classname="com.alibaba.fescar.common.thread.RejectedPolicysTest" primary="true">
      <SourceLine classname="com.alibaba.fescar.common.thread.RejectedPolicysTest" sourcefile="RejectedPolicysTest.java" sourcepath="com/alibaba/fescar/common/thread/RejectedPolicysTest.java" relSourcepath="test\java\com\alibaba\fescar\common\thread\RejectedPolicysTest.java">
        <Message>In RejectedPolicysTest.java</Message>
      </SourceLine>
      <Message>In class com.alibaba.fescar.common.thread.RejectedPolicysTest</Message>
    </Class>
    <Field classname="com.alibaba.fescar.common.thread.RejectedPolicysTest" name="DEFAULT_CORE_POOL_SIZE" signature="I" isStatic="false" primary="true">
      <SourceLine classname="com.alibaba.fescar.common.thread.RejectedPolicysTest" sourcefile="RejectedPolicysTest.java" sourcepath="com/alibaba/fescar/common/thread/RejectedPolicysTest.java" relSourcepath="test\java\com\alibaba\fescar\common\thread\RejectedPolicysTest.java">
        <Message>In RejectedPolicysTest.java</Message>
      </SourceLine>
      <Message>Field com.alibaba.fescar.common.thread.RejectedPolicysTest.DEFAULT_CORE_POOL_SIZE</Message>
    </Field>
    <SourceLine classname="com.alibaba.fescar.common.thread.RejectedPolicysTest" primary="true" start="34" end="34" startBytecode="6" endBytecode="6" sourcefile="RejectedPolicysTest.java" sourcepath="com/alibaba/fescar/common/thread/RejectedPolicysTest.java" relSourcepath="test\java\com\alibaba\fescar\common\thread\RejectedPolicysTest.java">
      <Message>At RejectedPolicysTest.java:[line 34]</Message>
    </SourceLine>
  </BugInstance>
  <BugInstance type="SS_SHOULD_BE_STATIC" priority="2" rank="18" abbrev="SS" category="PERFORMANCE" instanceHash="a19f6e6380dd8592eed4fd7e197428c2" instanceOccurrenceNum="0" instanceOccurrenceMax="0">
    <ShortMessage>Unread field: should this field be static?</ShortMessage>
    <LongMessage>Unread field: com.alibaba.fescar.common.thread.RejectedPolicysTest.DEFAULT_KEEP_ALIVE_TIME; should this field be static?</LongMessage>
    <Class classname="com.alibaba.fescar.common.thread.RejectedPolicysTest" primary="true">
      <SourceLine classname="com.alibaba.fescar.common.thread.RejectedPolicysTest" sourcefile="RejectedPolicysTest.java" sourcepath="com/alibaba/fescar/common/thread/RejectedPolicysTest.java" relSourcepath="test\java\com\alibaba\fescar\common\thread\RejectedPolicysTest.java">
        <Message>In RejectedPolicysTest.java</Message>
      </SourceLine>
      <Message>In class com.alibaba.fescar.common.thread.RejectedPolicysTest</Message>
    </Class>
    <Field classname="com.alibaba.fescar.common.thread.RejectedPolicysTest" name="DEFAULT_KEEP_ALIVE_TIME" signature="I" isStatic="false" primary="true">
      <SourceLine classname="com.alibaba.fescar.common.thread.RejectedPolicysTest" sourcefile="RejectedPolicysTest.java" sourcepath="com/alibaba/fescar/common/thread/RejectedPolicysTest.java" relSourcepath="test\java\com\alibaba\fescar\common\thread\RejectedPolicysTest.java">
        <Message>In RejectedPolicysTest.java</Message>
      </SourceLine>
      <Message>Field com.alibaba.fescar.common.thread.RejectedPolicysTest.DEFAULT_KEEP_ALIVE_TIME</Message>
    </Field>
    <SourceLine classname="com.alibaba.fescar.common.thread.RejectedPolicysTest" primary="true" start="35" end="35" startBytecode="12" endBytecode="12" sourcefile="RejectedPolicysTest.java" sourcepath="com/alibaba/fescar/common/thread/RejectedPolicysTest.java" relSourcepath="test\java\com\alibaba\fescar\common\thread\RejectedPolicysTest.java">
      <Message>At RejectedPolicysTest.java:[line 35]</Message>
    </SourceLine>
  </BugInstance>
  <BugInstance type="SS_SHOULD_BE_STATIC" priority="2" rank="18" abbrev="SS" category="PERFORMANCE" instanceHash="7af5829aae8b189a37950abbe7b63b0c" instanceOccurrenceNum="0" instanceOccurrenceMax="0">
    <ShortMessage>Unread field: should this field be static?</ShortMessage>
    <LongMessage>Unread field: com.alibaba.fescar.common.thread.RejectedPolicysTest.MAX_QUEUE_SIZE; should this field be static?</LongMessage>
    <Class classname="com.alibaba.fescar.common.thread.RejectedPolicysTest" primary="true">
      <SourceLine classname="com.alibaba.fescar.common.thread.RejectedPolicysTest" sourcefile="RejectedPolicysTest.java" sourcepath="com/alibaba/fescar/common/thread/RejectedPolicysTest.java" relSourcepath="test\java\com\alibaba\fescar\common\thread\RejectedPolicysTest.java">
        <Message>In RejectedPolicysTest.java</Message>
      </SourceLine>
      <Message>In class com.alibaba.fescar.common.thread.RejectedPolicysTest</Message>
    </Class>
    <Field classname="com.alibaba.fescar.common.thread.RejectedPolicysTest" name="MAX_QUEUE_SIZE" signature="I" isStatic="false" primary="true">
      <SourceLine classname="com.alibaba.fescar.common.thread.RejectedPolicysTest" sourcefile="RejectedPolicysTest.java" sourcepath="com/alibaba/fescar/common/thread/RejectedPolicysTest.java" relSourcepath="test\java\com\alibaba\fescar\common\thread\RejectedPolicysTest.java">
        <Message>In RejectedPolicysTest.java</Message>
      </SourceLine>
      <Message>Field com.alibaba.fescar.common.thread.RejectedPolicysTest.MAX_QUEUE_SIZE</Message>
    </Field>
    <SourceLine classname="com.alibaba.fescar.common.thread.RejectedPolicysTest" primary="true" start="36" end="36" startBytecode="17" endBytecode="17" sourcefile="RejectedPolicysTest.java" sourcepath="com/alibaba/fescar/common/thread/RejectedPolicysTest.java" relSourcepath="test\java\com\alibaba\fescar\common\thread\RejectedPolicysTest.java">
      <Message>At RejectedPolicysTest.java:[line 36]</Message>
    </SourceLine>
  </BugInstance>
  <BugInstance type="DM_DEFAULT_ENCODING" priority="1" rank="19" abbrev="Dm" category="I18N" instanceHash="2d63935f6fc8dc8186bb10e01a9f4156" instanceOccurrenceNum="0" instanceOccurrenceMax="0">
    <ShortMessage>Reliance on default encoding</ShortMessage>
    <LongMessage>Found reliance on default encoding in com.alibaba.fescar.common.util.BlobUtils.blob2string(Blob): new String(byte[])</LongMessage>
    <Class classname="com.alibaba.fescar.common.util.BlobUtils" primary="true">
      <SourceLine classname="com.alibaba.fescar.common.util.BlobUtils" sourcefile="BlobUtils.java" sourcepath="com/alibaba/fescar/common/util/BlobUtils.java" relSourcepath="main\java\com\alibaba\fescar\common\util\BlobUtils.java">
        <Message>In BlobUtils.java</Message>
      </SourceLine>
      <Message>In class com.alibaba.fescar.common.util.BlobUtils</Message>
    </Class>
    <Method classname="com.alibaba.fescar.common.util.BlobUtils" name="blob2string" signature="(Ljava/sql/Blob;)Ljava/lang/String;" isStatic="true" primary="true">
      <SourceLine classname="com.alibaba.fescar.common.util.BlobUtils" start="61" end="68" startBytecode="0" endBytecode="126" sourcefile="BlobUtils.java" sourcepath="com/alibaba/fescar/common/util/BlobUtils.java" relSourcepath="main\java\com\alibaba\fescar\common\util\BlobUtils.java"/>
      <Message>In method com.alibaba.fescar.common.util.BlobUtils.blob2string(Blob)</Message>
    </Method>
    <Method classname="java.lang.String" name="&lt;init&gt;" signature="([B)V" isStatic="false" role="METHOD_CALLED">
      <SourceLine classname="java.lang.String" start="566" end="567" startBytecode="0" endBytecode="36" sourcefile="String.java" sourcepath="java/lang/String.java"/>
      <Message>Called method new String(byte[])</Message>
    </Method>
    <SourceLine classname="com.alibaba.fescar.common.util.BlobUtils" primary="true" start="66" end="66" startBytecode="24" endBytecode="24" sourcefile="BlobUtils.java" sourcepath="com/alibaba/fescar/common/util/BlobUtils.java" relSourcepath="main\java\com\alibaba\fescar\common\util\BlobUtils.java">
      <Message>At BlobUtils.java:[line 66]</Message>
    </SourceLine>
    <SourceLine classname="com.alibaba.fescar.common.util.BlobUtils" primary="true" start="66" end="66" startBytecode="24" endBytecode="24" sourcefile="BlobUtils.java" sourcepath="com/alibaba/fescar/common/util/BlobUtils.java" relSourcepath="main\java\com\alibaba\fescar\common\util\BlobUtils.java">
      <Message>At BlobUtils.java:[line 66]</Message>
    </SourceLine>
  </BugInstance>
  <BugInstance type="DM_DEFAULT_ENCODING" priority="1" rank="19" abbrev="Dm" category="I18N" instanceHash="3263b98c2d47f5dd97d308c522dbff79" instanceOccurrenceNum="0" instanceOccurrenceMax="0">
    <ShortMessage>Reliance on default encoding</ShortMessage>
    <LongMessage>Found reliance on default encoding in com.alibaba.fescar.common.util.BlobUtils.inputStream2String(InputStream): java.io.ByteArrayOutputStream.toString()</LongMessage>
    <Class classname="com.alibaba.fescar.common.util.BlobUtils" primary="true">
      <SourceLine classname="com.alibaba.fescar.common.util.BlobUtils" sourcefile="BlobUtils.java" sourcepath="com/alibaba/fescar/common/util/BlobUtils.java" relSourcepath="main\java\com\alibaba\fescar\common\util\BlobUtils.java">
        <Message>In BlobUtils.java</Message>
      </SourceLine>
      <Message>In class com.alibaba.fescar.common.util.BlobUtils</Message>
    </Class>
    <Method classname="com.alibaba.fescar.common.util.BlobUtils" name="inputStream2String" signature="(Ljava/io/InputStream;)Ljava/lang/String;" isStatic="true" primary="true">
      <SourceLine classname="com.alibaba.fescar.common.util.BlobUtils" start="80" end="87" startBytecode="0" endBytecode="175" sourcefile="BlobUtils.java" sourcepath="com/alibaba/fescar/common/util/BlobUtils.java" relSourcepath="main\java\com\alibaba\fescar\common\util\BlobUtils.java"/>
      <Message>In method com.alibaba.fescar.common.util.BlobUtils.inputStream2String(InputStream)</Message>
    </Method>
    <Method classname="java.io.ByteArrayOutputStream" name="toString" signature="()Ljava/lang/String;" isStatic="false" role="METHOD_CALLED">
      <SourceLine classname="java.io.ByteArrayOutputStream" start="221" end="221" startBytecode="0" endBytecode="40" sourcefile="ByteArrayOutputStream.java" sourcepath="java/io/ByteArrayOutputStream.java"/>
      <Message>Called method java.io.ByteArrayOutputStream.toString()</Message>
    </Method>
    <SourceLine classname="com.alibaba.fescar.common.util.BlobUtils" primary="true" start="85" end="85" startBytecode="29" endBytecode="29" sourcefile="BlobUtils.java" sourcepath="com/alibaba/fescar/common/util/BlobUtils.java" relSourcepath="main\java\com\alibaba\fescar\common\util\BlobUtils.java">
      <Message>At BlobUtils.java:[line 85]</Message>
    </SourceLine>
    <SourceLine classname="com.alibaba.fescar.common.util.BlobUtils" primary="true" start="85" end="85" startBytecode="29" endBytecode="29" sourcefile="BlobUtils.java" sourcepath="com/alibaba/fescar/common/util/BlobUtils.java" relSourcepath="main\java\com\alibaba\fescar\common\util\BlobUtils.java">
      <Message>At BlobUtils.java:[line 85]</Message>
    </SourceLine>
  </BugInstance>
  <BugInstance type="DM_DEFAULT_ENCODING" priority="1" rank="19" abbrev="Dm" category="I18N" instanceHash="8d15e1656968be14cc39a55de4fb4d21" instanceOccurrenceNum="0" instanceOccurrenceMax="0">
    <ShortMessage>Reliance on default encoding</ShortMessage>
    <LongMessage>Found reliance on default encoding in com.alibaba.fescar.common.util.BlobUtils.string2blob(String): String.getBytes()</LongMessage>
    <Class classname="com.alibaba.fescar.common.util.BlobUtils" primary="true">
      <SourceLine classname="com.alibaba.fescar.common.util.BlobUtils" sourcefile="BlobUtils.java" sourcepath="com/alibaba/fescar/common/util/BlobUtils.java" relSourcepath="main\java\com\alibaba\fescar\common\util\BlobUtils.java">
        <Message>In BlobUtils.java</Message>
      </SourceLine>
      <Message>In class com.alibaba.fescar.common.util.BlobUtils</Message>
    </Class>
    <Method classname="com.alibaba.fescar.common.util.BlobUtils" name="string2blob" signature="(Ljava/lang/String;)Ljava/sql/Blob;" isStatic="true" primary="true">
      <SourceLine classname="com.alibaba.fescar.common.util.BlobUtils" start="43" end="50" startBytecode="0" endBytecode="116" sourcefile="BlobUtils.java" sourcepath="com/alibaba/fescar/common/util/BlobUtils.java" relSourcepath="main\java\com\alibaba\fescar\common\util\BlobUtils.java"/>
      <Message>In method com.alibaba.fescar.common.util.BlobUtils.string2blob(String)</Message>
    </Method>
    <Method classname="java.lang.String" name="getBytes" signature="()[B" isStatic="false" role="METHOD_CALLED">
      <SourceLine classname="java.lang.String" start="958" end="958" startBytecode="0" endBytecode="37" sourcefile="String.java" sourcepath="java/lang/String.java"/>
      <Message>Called method String.getBytes()</Message>
    </Method>
    <SourceLine classname="com.alibaba.fescar.common.util.BlobUtils" primary="true" start="48" end="48" startBytecode="11" endBytecode="11" sourcefile="BlobUtils.java" sourcepath="com/alibaba/fescar/common/util/BlobUtils.java" relSourcepath="main\java\com\alibaba\fescar\common\util\BlobUtils.java">
      <Message>At BlobUtils.java:[line 48]</Message>
    </SourceLine>
    <SourceLine classname="com.alibaba.fescar.common.util.BlobUtils" primary="true" start="48" end="48" startBytecode="11" endBytecode="11" sourcefile="BlobUtils.java" sourcepath="com/alibaba/fescar/common/util/BlobUtils.java" relSourcepath="main\java\com\alibaba\fescar\common\util\BlobUtils.java">
      <Message>At BlobUtils.java:[line 48]</Message>
    </SourceLine>
  </BugInstance>
  <BugInstance type="DLS_DEAD_LOCAL_STORE" priority="2" rank="17" abbrev="DLS" category="STYLE" instanceHash="a0a4decc31f1b10d4a1183350422a2df" instanceOccurrenceNum="0" instanceOccurrenceMax="0" cweid="563">
    <ShortMessage>Dead store to local variable</ShortMessage>
    <LongMessage>Dead store to e in com.alibaba.fescar.common.util.NetUtilTest.testToStringAddress()</LongMessage>
    <Class classname="com.alibaba.fescar.common.util.NetUtilTest" primary="true">
      <SourceLine classname="com.alibaba.fescar.common.util.NetUtilTest" sourcefile="NetUtilTest.java" sourcepath="com/alibaba/fescar/common/util/NetUtilTest.java" relSourcepath="test\java\com\alibaba\fescar\common\util\NetUtilTest.java">
        <Message>In NetUtilTest.java</Message>
      </SourceLine>
      <Message>In class com.alibaba.fescar.common.util.NetUtilTest</Message>
    </Class>
    <Method classname="com.alibaba.fescar.common.util.NetUtilTest" name="testToStringAddress" signature="()V" isStatic="false" primary="true">
      <SourceLine classname="com.alibaba.fescar.common.util.NetUtilTest" start="53" end="57" startBytecode="0" endBytecode="12" sourcefile="NetUtilTest.java" sourcepath="com/alibaba/fescar/common/util/NetUtilTest.java" relSourcepath="test\java\com\alibaba\fescar\common\util\NetUtilTest.java"/>
      <Message>In method com.alibaba.fescar.common.util.NetUtilTest.testToStringAddress()</Message>
    </Method>
    <LocalVariable name="e" register="1" pc="11" role="LOCAL_VARIABLE_NAMED">
      <Message>Local variable named e</Message>
    </LocalVariable>
    <SourceLine classname="com.alibaba.fescar.common.util.NetUtilTest" primary="true" start="53" end="53" startBytecode="11" endBytecode="11" sourcefile="NetUtilTest.java" sourcepath="com/alibaba/fescar/common/util/NetUtilTest.java" relSourcepath="test\java\com\alibaba\fescar\common\util\NetUtilTest.java">
      <Message>At NetUtilTest.java:[line 53]</Message>
    </SourceLine>
    <SourceLine classname="com.alibaba.fescar.common.util.NetUtilTest" primary="true" start="53" end="53" startBytecode="11" endBytecode="11" sourcefile="NetUtilTest.java" sourcepath="com/alibaba/fescar/common/util/NetUtilTest.java" relSourcepath="test\java\com\alibaba\fescar\common\util\NetUtilTest.java">
      <Message>At NetUtilTest.java:[line 53]</Message>
    </SourceLine>
    <Property name="edu.umd.cs.findbugs.detect.DeadLocalStoreProperty.BASE_VALUE" value="true"/>
    <Property name="edu.umd.cs.findbugs.detect.DeadLocalStoreProperty.LOCAL_NAME" value="e"/>
    <Property name="edu.umd.cs.findbugs.detect.DeadLocalStoreProperty.METHOD_RESULT" value="true"/>
    <Property name="edu.umd.cs.findbugs.detect.DeadLocalStoreProperty.NO_LOADS" value="true"/>
  </BugInstance>
  <BugInstance type="INT_VACUOUS_BIT_OPERATION" priority="2" rank="17" abbrev="INT" category="STYLE" instanceHash="4a79b23cbfe82704a71f0d5d004002e5" instanceOccurrenceNum="0" instanceOccurrenceMax="0">
    <ShortMessage>Vacuous bit mask operation on integer value</ShortMessage>
    <LongMessage>Vacuous lor operation on r in com.alibaba.fescar.common.util.NetUtilTest.testToLong1()</LongMessage>
    <Class classname="com.alibaba.fescar.common.util.NetUtilTest" primary="true">
      <SourceLine classname="com.alibaba.fescar.common.util.NetUtilTest" sourcefile="NetUtilTest.java" sourcepath="com/alibaba/fescar/common/util/NetUtilTest.java" relSourcepath="test\java\com\alibaba\fescar\common\util\NetUtilTest.java">
        <Message>In NetUtilTest.java</Message>
      </SourceLine>
      <Message>In class com.alibaba.fescar.common.util.NetUtilTest</Message>
    </Class>
    <Method classname="com.alibaba.fescar.common.util.NetUtilTest" name="testToLong1" signature="()V" isStatic="false" primary="true">
      <SourceLine classname="com.alibaba.fescar.common.util.NetUtilTest" start="129" end="138" startBytecode="0" endBytecode="169" sourcefile="NetUtilTest.java" sourcepath="com/alibaba/fescar/common/util/NetUtilTest.java" relSourcepath="test\java\com\alibaba\fescar\common\util\NetUtilTest.java"/>
      <Message>In method com.alibaba.fescar.common.util.NetUtilTest.testToLong1()</Message>
    </Method>
    <String value="lor">
      <Message>Value lor</Message>
    </String>
    <LocalVariable name="r" register="2" pc="60" role="LOCAL_VARIABLE_NAMED">
      <Message>Local variable named r</Message>
    </LocalVariable>
    <SourceLine classname="com.alibaba.fescar.common.util.NetUtilTest" primary="true" start="135" end="135" startBytecode="60" endBytecode="60" sourcefile="NetUtilTest.java" sourcepath="com/alibaba/fescar/common/util/NetUtilTest.java" relSourcepath="test\java\com\alibaba\fescar\common\util\NetUtilTest.java">
      <Message>At NetUtilTest.java:[line 135]</Message>
    </SourceLine>
    <SourceLine classname="com.alibaba.fescar.common.util.NetUtilTest" primary="true" start="135" end="135" startBytecode="60" endBytecode="60" sourcefile="NetUtilTest.java" sourcepath="com/alibaba/fescar/common/util/NetUtilTest.java" relSourcepath="test\java\com\alibaba\fescar\common\util\NetUtilTest.java">
      <Message>At NetUtilTest.java:[line 135]</Message>
    </SourceLine>
  </BugInstance>
  <BugInstance type="DM_DEFAULT_ENCODING" priority="1" rank="19" abbrev="Dm" category="I18N" instanceHash="9483bb1473471785be6558a1322bcf54" instanceOccurrenceNum="0" instanceOccurrenceMax="0">
    <ShortMessage>Reliance on default encoding</ShortMessage>
    <LongMessage>Found reliance on default encoding in com.alibaba.fescar.common.util.StringUtils.blob2string(Blob): new String(byte[])</LongMessage>
    <Class classname="com.alibaba.fescar.common.util.StringUtils" primary="true">
      <SourceLine classname="com.alibaba.fescar.common.util.StringUtils" sourcefile="StringUtils.java" sourcepath="com/alibaba/fescar/common/util/StringUtils.java" relSourcepath="main\java\com\alibaba\fescar\common\util\StringUtils.java">
        <Message>In StringUtils.java</Message>
      </SourceLine>
      <Message>In class com.alibaba.fescar.common.util.StringUtils</Message>
    </Class>
    <Method classname="com.alibaba.fescar.common.util.StringUtils" name="blob2string" signature="(Ljava/sql/Blob;)Ljava/lang/String;" isStatic="true" primary="true">
      <SourceLine classname="com.alibaba.fescar.common.util.StringUtils" start="68" end="72" startBytecode="0" endBytecode="86" sourcefile="StringUtils.java" sourcepath="com/alibaba/fescar/common/util/StringUtils.java" relSourcepath="main\java\com\alibaba\fescar\common\util\StringUtils.java"/>
      <Message>In method com.alibaba.fescar.common.util.StringUtils.blob2string(Blob)</Message>
    </Method>
    <Method classname="java.lang.String" name="&lt;init&gt;" signature="([B)V" isStatic="false" role="METHOD_CALLED">
      <SourceLine classname="java.lang.String" start="566" end="567" startBytecode="0" endBytecode="36" sourcefile="String.java" sourcepath="java/lang/String.java"/>
      <Message>Called method new String(byte[])</Message>
    </Method>
    <SourceLine classname="com.alibaba.fescar.common.util.StringUtils" primary="true" start="72" end="72" startBytecode="24" endBytecode="24" sourcefile="StringUtils.java" sourcepath="com/alibaba/fescar/common/util/StringUtils.java" relSourcepath="main\java\com\alibaba\fescar\common\util\StringUtils.java">
      <Message>At StringUtils.java:[line 72]</Message>
    </SourceLine>
    <SourceLine classname="com.alibaba.fescar.common.util.StringUtils" primary="true" start="72" end="72" startBytecode="24" endBytecode="24" sourcefile="StringUtils.java" sourcepath="com/alibaba/fescar/common/util/StringUtils.java" relSourcepath="main\java\com\alibaba\fescar\common\util\StringUtils.java">
      <Message>At StringUtils.java:[line 72]</Message>
    </SourceLine>
  </BugInstance>
  <BugInstance type="DM_DEFAULT_ENCODING" priority="1" rank="19" abbrev="Dm" category="I18N" instanceHash="de2082f75363603ec1808a0197cfb645" instanceOccurrenceNum="0" instanceOccurrenceMax="0">
    <ShortMessage>Reliance on default encoding</ShortMessage>
    <LongMessage>Found reliance on default encoding in com.alibaba.fescar.common.util.StringUtils.inputStream2String(InputStream): java.io.ByteArrayOutputStream.toString()</LongMessage>
    <Class classname="com.alibaba.fescar.common.util.StringUtils" primary="true">
      <SourceLine classname="com.alibaba.fescar.common.util.StringUtils" sourcefile="StringUtils.java" sourcepath="com/alibaba/fescar/common/util/StringUtils.java" relSourcepath="main\java\com\alibaba\fescar\common\util\StringUtils.java">
        <Message>In StringUtils.java</Message>
      </SourceLine>
      <Message>In class com.alibaba.fescar.common.util.StringUtils</Message>
    </Class>
    <Method classname="com.alibaba.fescar.common.util.StringUtils" name="inputStream2String" signature="(Ljava/io/InputStream;)Ljava/lang/String;" isStatic="true" primary="true">
      <SourceLine classname="com.alibaba.fescar.common.util.StringUtils" start="83" end="88" startBytecode="0" endBytecode="126" sourcefile="StringUtils.java" sourcepath="com/alibaba/fescar/common/util/StringUtils.java" relSourcepath="main\java\com\alibaba\fescar\common\util\StringUtils.java"/>
      <Message>In method com.alibaba.fescar.common.util.StringUtils.inputStream2String(InputStream)</Message>
    </Method>
    <Method classname="java.io.ByteArrayOutputStream" name="toString" signature="()Ljava/lang/String;" isStatic="false" role="METHOD_CALLED">
      <SourceLine classname="java.io.ByteArrayOutputStream" start="221" end="221" startBytecode="0" endBytecode="40" sourcefile="ByteArrayOutputStream.java" sourcepath="java/io/ByteArrayOutputStream.java"/>
      <Message>Called method java.io.ByteArrayOutputStream.toString()</Message>
    </Method>
    <SourceLine classname="com.alibaba.fescar.common.util.StringUtils" primary="true" start="88" end="88" startBytecode="29" endBytecode="29" sourcefile="StringUtils.java" sourcepath="com/alibaba/fescar/common/util/StringUtils.java" relSourcepath="main\java\com\alibaba\fescar\common\util\StringUtils.java">
      <Message>At StringUtils.java:[line 88]</Message>
    </SourceLine>
    <SourceLine classname="com.alibaba.fescar.common.util.StringUtils" primary="true" start="88" end="88" startBytecode="29" endBytecode="29" sourcefile="StringUtils.java" sourcepath="com/alibaba/fescar/common/util/StringUtils.java" relSourcepath="main\java\com\alibaba\fescar\common\util\StringUtils.java">
      <Message>At StringUtils.java:[line 88]</Message>
    </SourceLine>
  </BugInstance>
  <BugInstance type="DM_DEFAULT_ENCODING" priority="1" rank="19" abbrev="Dm" category="I18N" instanceHash="1e4cc1756bedc05dee419898ede7349c" instanceOccurrenceNum="0" instanceOccurrenceMax="0">
    <ShortMessage>Reliance on default encoding</ShortMessage>
    <LongMessage>Found reliance on default encoding in com.alibaba.fescar.common.util.StringUtils.string2blob(String): String.getBytes()</LongMessage>
    <Class classname="com.alibaba.fescar.common.util.StringUtils" primary="true">
      <SourceLine classname="com.alibaba.fescar.common.util.StringUtils" sourcefile="StringUtils.java" sourcepath="com/alibaba/fescar/common/util/StringUtils.java" relSourcepath="main\java\com\alibaba\fescar\common\util\StringUtils.java">
        <Message>In StringUtils.java</Message>
      </SourceLine>
      <Message>In class com.alibaba.fescar.common.util.StringUtils</Message>
    </Class>
    <Method classname="com.alibaba.fescar.common.util.StringUtils" name="string2blob" signature="(Ljava/lang/String;)Ljava/sql/Blob;" isStatic="true" primary="true">
      <SourceLine classname="com.alibaba.fescar.common.util.StringUtils" start="54" end="57" startBytecode="0" endBytecode="76" sourcefile="StringUtils.java" sourcepath="com/alibaba/fescar/common/util/StringUtils.java" relSourcepath="main\java\com\alibaba\fescar\common\util\StringUtils.java"/>
      <Message>In method com.alibaba.fescar.common.util.StringUtils.string2blob(String)</Message>
    </Method>
    <Method classname="java.lang.String" name="getBytes" signature="()[B" isStatic="false" role="METHOD_CALLED">
      <SourceLine classname="java.lang.String" start="958" end="958" startBytecode="0" endBytecode="37" sourcefile="String.java" sourcepath="java/lang/String.java"/>
      <Message>Called method String.getBytes()</Message>
    </Method>
    <SourceLine classname="com.alibaba.fescar.common.util.StringUtils" primary="true" start="57" end="57" startBytecode="11" endBytecode="11" sourcefile="StringUtils.java" sourcepath="com/alibaba/fescar/common/util/StringUtils.java" relSourcepath="main\java\com\alibaba\fescar\common\util\StringUtils.java">
      <Message>At StringUtils.java:[line 57]</Message>
    </SourceLine>
    <SourceLine classname="com.alibaba.fescar.common.util.StringUtils" primary="true" start="57" end="57" startBytecode="11" endBytecode="11" sourcefile="StringUtils.java" sourcepath="com/alibaba/fescar/common/util/StringUtils.java" relSourcepath="main\java\com\alibaba\fescar\common\util\StringUtils.java">
      <Message>At StringUtils.java:[line 57]</Message>
    </SourceLine>
  </BugInstance>
  <BugInstance type="DM_DEFAULT_ENCODING" priority="1" rank="19" abbrev="Dm" category="I18N" instanceHash="d508e17aab1aa3e0a5dcb056393335c8" instanceOccurrenceNum="0" instanceOccurrenceMax="0">
    <ShortMessage>Reliance on default encoding</ShortMessage>
    <LongMessage>Found reliance on default encoding in com.alibaba.fescar.common.util.StringUtilsTest.testBlob2string(): String.getBytes()</LongMessage>
    <Class classname="com.alibaba.fescar.common.util.StringUtilsTest" primary="true">
      <SourceLine classname="com.alibaba.fescar.common.util.StringUtilsTest" sourcefile="StringUtilsTest.java" sourcepath="com/alibaba/fescar/common/util/StringUtilsTest.java" relSourcepath="test\java\com\alibaba\fescar\common\util\StringUtilsTest.java">
        <Message>In StringUtilsTest.java</Message>
      </SourceLine>
      <Message>In class com.alibaba.fescar.common.util.StringUtilsTest</Message>
    </Class>
    <Method classname="com.alibaba.fescar.common.util.StringUtilsTest" name="testBlob2string" signature="()V" isStatic="false" primary="true">
      <SourceLine classname="com.alibaba.fescar.common.util.StringUtilsTest" start="71" end="76" startBytecode="0" endBytecode="172" sourcefile="StringUtilsTest.java" sourcepath="com/alibaba/fescar/common/util/StringUtilsTest.java" relSourcepath="test\java\com\alibaba\fescar\common\util\StringUtilsTest.java"/>
      <Message>In method com.alibaba.fescar.common.util.StringUtilsTest.testBlob2string()</Message>
    </Method>
    <Method classname="java.lang.String" name="getBytes" signature="()[B" isStatic="false" role="METHOD_CALLED">
      <SourceLine classname="java.lang.String" start="958" end="958" startBytecode="0" endBytecode="37" sourcefile="String.java" sourcepath="java/lang/String.java"/>
      <Message>Called method String.getBytes()</Message>
    </Method>
    <SourceLine classname="com.alibaba.fescar.common.util.StringUtilsTest" primary="true" start="73" end="73" startBytecode="41" endBytecode="41" sourcefile="StringUtilsTest.java" sourcepath="com/alibaba/fescar/common/util/StringUtilsTest.java" relSourcepath="test\java\com\alibaba\fescar\common\util\StringUtilsTest.java">
      <Message>At StringUtilsTest.java:[line 73]</Message>
    </SourceLine>
    <SourceLine classname="com.alibaba.fescar.common.util.StringUtilsTest" primary="true" start="73" end="73" startBytecode="41" endBytecode="41" sourcefile="StringUtilsTest.java" sourcepath="com/alibaba/fescar/common/util/StringUtilsTest.java" relSourcepath="test\java\com\alibaba\fescar\common\util\StringUtilsTest.java">
      <Message>At StringUtilsTest.java:[line 73]</Message>
    </SourceLine>
  </BugInstance>
  <BugInstance type="DM_DEFAULT_ENCODING" priority="1" rank="19" abbrev="Dm" category="I18N" instanceHash="cbd4f72cb6abfab525ad890986f9419d" instanceOccurrenceNum="0" instanceOccurrenceMax="0">
    <ShortMessage>Reliance on default encoding</ShortMessage>
    <LongMessage>Found reliance on default encoding in com.alibaba.fescar.common.util.StringUtilsTest.testString2blob(): String.getBytes()</LongMessage>
    <Class classname="com.alibaba.fescar.common.util.StringUtilsTest" primary="true">
      <SourceLine classname="com.alibaba.fescar.common.util.StringUtilsTest" sourcefile="StringUtilsTest.java" sourcepath="com/alibaba/fescar/common/util/StringUtilsTest.java" relSourcepath="test\java\com\alibaba\fescar\common\util\StringUtilsTest.java">
        <Message>In StringUtilsTest.java</Message>
      </SourceLine>
      <Message>In class com.alibaba.fescar.common.util.StringUtilsTest</Message>
    </Class>
    <Method classname="com.alibaba.fescar.common.util.StringUtilsTest" name="testString2blob" signature="()V" isStatic="false" primary="true">
      <SourceLine classname="com.alibaba.fescar.common.util.StringUtilsTest" start="57" end="62" startBytecode="0" endBytecode="191" sourcefile="StringUtilsTest.java" sourcepath="com/alibaba/fescar/common/util/StringUtilsTest.java" relSourcepath="test\java\com\alibaba\fescar\common\util\StringUtilsTest.java"/>
      <Message>In method com.alibaba.fescar.common.util.StringUtilsTest.testString2blob()</Message>
    </Method>
    <Method classname="java.lang.String" name="getBytes" signature="()[B" isStatic="false" role="METHOD_CALLED">
      <SourceLine classname="java.lang.String" start="958" end="958" startBytecode="0" endBytecode="37" sourcefile="String.java" sourcepath="java/lang/String.java"/>
      <Message>Called method String.getBytes()</Message>
    </Method>
    <SourceLine classname="com.alibaba.fescar.common.util.StringUtilsTest" primary="true" start="60" end="60" startBytecode="64" endBytecode="64" sourcefile="StringUtilsTest.java" sourcepath="com/alibaba/fescar/common/util/StringUtilsTest.java" relSourcepath="test\java\com\alibaba\fescar\common\util\StringUtilsTest.java">
      <Message>At StringUtilsTest.java:[line 60]</Message>
    </SourceLine>
    <SourceLine classname="com.alibaba.fescar.common.util.StringUtilsTest" primary="true" start="60" end="60" startBytecode="64" endBytecode="64" sourcefile="StringUtilsTest.java" sourcepath="com/alibaba/fescar/common/util/StringUtilsTest.java" relSourcepath="test\java\com\alibaba\fescar\common\util\StringUtilsTest.java">
      <Message>At StringUtilsTest.java:[line 60]</Message>
    </SourceLine>
  </BugInstance>
  <BugCategory category="BAD_PRACTICE">
    <Description>Bad practice</Description>
  </BugCategory>
  <BugCategory category="PERFORMANCE">
    <Description>Performance</Description>
  </BugCategory>
  <BugCategory category="STYLE">
    <Description>Dodgy code</Description>
  </BugCategory>
  <BugCategory category="I18N">
    <Description>Internationalization</Description>
  </BugCategory>
  <BugPattern type="DLS_DEAD_LOCAL_STORE" abbrev="DLS" category="STYLE">
    <ShortDescription>Dead store to local variable</ShortDescription>
    <Details><![CDATA[

<p>
This instruction assigns a value to a local variable,
but the value is not read or used in any subsequent instruction.
Often, this indicates an error, because the value computed is never
used.
</p>
<p>
Note that Sun's javac compiler often generates dead stores for
final local variables.  Because FindBugs is a bytecode-based tool,
there is no easy way to eliminate these false positives.
</p>

    ]]></Details>
  </BugPattern>
  <BugPattern type="DMI_RANDOM_USED_ONLY_ONCE" abbrev="DMI" category="BAD_PRACTICE">
    <ShortDescription>Random object created and used only once</ShortDescription>
    <Details><![CDATA[

<p> This code creates a java.util.Random object, uses it to generate one random number, and then discards
the Random object. This produces mediocre quality random numbers and is inefficient.
If possible, rewrite the code so that the Random object is created once and saved, and each time a new random number
is required invoke a method on the existing Random object to obtain it.
</p>

<p>If it is important that the generated Random numbers not be guessable, you <em>must</em> not create a new Random for each random
number; the values are too easily guessable. You should strongly consider using a java.security.SecureRandom instead
(and avoid allocating a new SecureRandom for each random number needed).
</p>

    ]]></Details>
  </BugPattern>
  <BugPattern type="ME_MUTABLE_ENUM_FIELD" abbrev="ME" category="BAD_PRACTICE">
    <ShortDescription>Enum field is public and mutable</ShortDescription>
    <Details><![CDATA[

  <p>A mutable public field is defined inside a public enum, thus can be changed by malicious code or by accident from another package.
  Though mutable enum fields may be used for lazy initialization, it's a bad practice to expose them to the outer world.
  Consider declaring this field final and/or package-private.</p>

    ]]></Details>
  </BugPattern>
  <BugPattern type="SS_SHOULD_BE_STATIC" abbrev="SS" category="PERFORMANCE">
    <ShortDescription>Unread field: should this field be static?</ShortDescription>
    <Details><![CDATA[

  <p> This class contains an instance final field that
   is initialized to a compile-time static value.
   Consider making the field static.</p>

    ]]></Details>
  </BugPattern>
  <BugPattern type="INT_VACUOUS_BIT_OPERATION" abbrev="INT" category="STYLE">
    <ShortDescription>Vacuous bit mask operation on integer value</ShortDescription>
    <Details><![CDATA[

<p> This is an integer bit operation (and, or, or exclusive or) that doesn't do any useful work
(e.g., <code>v & 0xffffffff</code>).

</p>

    ]]></Details>
  </BugPattern>
  <BugPattern type="DM_DEFAULT_ENCODING" abbrev="Dm" category="I18N">
    <ShortDescription>Reliance on default encoding</ShortDescription>
    <Details><![CDATA[

<p> Found a call to a method which will perform a byte to String (or String to byte) conversion, and will assume that the default platform encoding is suitable. This will cause the application behaviour to vary between platforms. Use an alternative API and specify a charset name or Charset object explicitly.  </p>

      ]]></Details>
  </BugPattern>
  <BugCode abbrev="SS">
    <Description>Unread field should be static</Description>
  </BugCode>
  <BugCode abbrev="DMI" cweid="440">
    <Description>Dubious method invocation</Description>
  </BugCode>
  <BugCode abbrev="ME">
    <Description>Mutable enum field</Description>
  </BugCode>
  <BugCode abbrev="Dm">
    <Description>Dubious method used</Description>
  </BugCode>
  <BugCode abbrev="DLS" cweid="563">
    <Description>Dead local store</Description>
  </BugCode>
  <BugCode abbrev="INT">
    <Description>Suspicious integer expression</Description>
  </BugCode>
  <Errors errors="0" missingClasses="0"></Errors>
  <FindBugsSummary timestamp="Wed, 17 Apr 2019 05:34:55 -0500" total_classes="33" referenced_classes="132" total_bugs="18" total_size="826" num_packages="5" java_version="1.8.0_152-release" vm_version="25.152-b28" cpu_seconds="15.97" clock_seconds="49.96" peak_mbytes="1874.58" alloc_mbytes="2320.00" gc_seconds="0.13" priority_2="9" priority_1="9">
    <FileStats path="com/alibaba/fescar/common/Constants.java" bugCount="0" size="7"/>
    <FileStats path="com/alibaba/fescar/common/XID.java" bugCount="0" size="27"/>
    <FileStats path="com/alibaba/fescar/common/XIDTest.java" bugCount="1" size="25" bugHash="b7531d0b36fe15e7d172d76d218877a6"/>
    <FileStats path="com/alibaba/fescar/common/exception/EurekaRegistryException.java" bugCount="0" size="13"/>
    <FileStats path="com/alibaba/fescar/common/exception/FrameworkErrorCode.java" bugCount="3" size="51" bugHash="c5b775a1b7482475d6402b6d1554bce9"/>
    <FileStats path="com/alibaba/fescar/common/exception/FrameworkException.java" bugCount="0" size="44"/>
    <FileStats path="com/alibaba/fescar/common/exception/FrameworkExceptionTest.java" bugCount="0" size="66"/>
    <FileStats path="com/alibaba/fescar/common/exception/Message.java" bugCount="0" size="23"/>
    <FileStats path="com/alibaba/fescar/common/exception/NotSupportYetException.java" bugCount="0" size="13"/>
    <FileStats path="com/alibaba/fescar/common/exception/ShouldNeverHappenException.java" bugCount="0" size="13"/>
    <FileStats path="com/alibaba/fescar/common/loader/ChineseHello.java" bugCount="0" size="5"/>
    <FileStats path="com/alibaba/fescar/common/loader/EnglishHello.java" bugCount="0" size="5"/>
    <FileStats path="com/alibaba/fescar/common/loader/EnhancedServiceLoader.java" bugCount="0" size="115"/>
    <FileStats path="com/alibaba/fescar/common/loader/EnhancedServiceLoaderTest.java" bugCount="1" size="34" bugHash="f52c0be75067be13efed20dcafaf5481"/>
    <FileStats path="com/alibaba/fescar/common/loader/EnhancedServiceNotFoundException.java" bugCount="0" size="19"/>
    <FileStats path="com/alibaba/fescar/common/loader/FrenchHello.java" bugCount="0" size="5"/>
    <FileStats path="com/alibaba/fescar/common/loader/Hello.java" bugCount="0" size="2"/>
    <FileStats path="com/alibaba/fescar/common/loader/LoadLevel.java" bugCount="0" size="3"/>
    <FileStats path="com/alibaba/fescar/common/thread/NamedThreadFactory.java" bugCount="0" size="24"/>
    <FileStats path="com/alibaba/fescar/common/thread/NamedThreadFactoryTest.java" bugCount="0" size="16"/>
    <FileStats path="com/alibaba/fescar/common/thread/RejectedPolicys.java" bugCount="0" size="19"/>
    <FileStats path="com/alibaba/fescar/common/thread/RejectedPolicysTest.java" bugCount="3" size="59" bugHash="b6212ddc793337a426d0fc6688437bfb"/>
    <FileStats path="com/alibaba/fescar/common/util/BlobUtils.java" bugCount="3" size="24" bugHash="1f2bf5c66c830b923323d7899f4321c9"/>
    <FileStats path="com/alibaba/fescar/common/util/BlobUtilsTest.java" bugCount="0" size="14"/>
    <FileStats path="com/alibaba/fescar/common/util/NetUtil.java" bugCount="0" size="87"/>
    <FileStats path="com/alibaba/fescar/common/util/NetUtilTest.java" bugCount="2" size="64" bugHash="c79fd778dfc398bee3aef84cda98f67d"/>
    <FileStats path="com/alibaba/fescar/common/util/StringUtils.java" bugCount="3" size="20" bugHash="bb12178ce4f1ddf0e7c3e396eb66e10d"/>
    <FileStats path="com/alibaba/fescar/common/util/StringUtilsTest.java" bugCount="2" size="29" bugHash="c7fe7dc2a60763904bb3917b96495c71"/>
    <PackageStats package="com.alibaba.fescar.common" total_bugs="1" total_types="3" total_size="59" priority_1="1">
      <ClassStats class="com.alibaba.fescar.common.Constants" sourceFile="Constants.java" interface="false" size="7" bugs="0"/>
      <ClassStats class="com.alibaba.fescar.common.XID" sourceFile="XID.java" interface="false" size="27" bugs="0"/>
      <ClassStats class="com.alibaba.fescar.common.XIDTest" sourceFile="XIDTest.java" interface="false" size="25" bugs="1" priority_1="1"/>
    </PackageStats>
    <PackageStats package="com.alibaba.fescar.common.exception" total_bugs="3" total_types="7" total_size="223" priority_2="3">
      <ClassStats class="com.alibaba.fescar.common.exception.EurekaRegistryException" sourceFile="EurekaRegistryException.java" interface="false" size="13" bugs="0"/>
      <ClassStats class="com.alibaba.fescar.common.exception.FrameworkErrorCode" sourceFile="FrameworkErrorCode.java" interface="false" size="51" bugs="3" priority_2="3"/>
      <ClassStats class="com.alibaba.fescar.common.exception.FrameworkException" sourceFile="FrameworkException.java" interface="false" size="44" bugs="0"/>
      <ClassStats class="com.alibaba.fescar.common.exception.FrameworkExceptionTest" sourceFile="FrameworkExceptionTest.java" interface="false" size="66" bugs="0"/>
      <ClassStats class="com.alibaba.fescar.common.exception.Message" sourceFile="Message.java" interface="false" size="23" bugs="0"/>
      <ClassStats class="com.alibaba.fescar.common.exception.NotSupportYetException" sourceFile="NotSupportYetException.java" interface="false" size="13" bugs="0"/>
      <ClassStats class="com.alibaba.fescar.common.exception.ShouldNeverHappenException" sourceFile="ShouldNeverHappenException.java" interface="false" size="13" bugs="0"/>
    </PackageStats>
    <PackageStats package="com.alibaba.fescar.common.loader" total_bugs="1" total_types="9" total_size="188" priority_2="1">
      <ClassStats class="com.alibaba.fescar.common.loader.ChineseHello" sourceFile="ChineseHello.java" interface="false" size="5" bugs="0"/>
      <ClassStats class="com.alibaba.fescar.common.loader.EnglishHello" sourceFile="EnglishHello.java" interface="false" size="5" bugs="0"/>
      <ClassStats class="com.alibaba.fescar.common.loader.EnhancedServiceLoader" sourceFile="EnhancedServiceLoader.java" interface="false" size="101" bugs="0"/>
      <ClassStats class="com.alibaba.fescar.common.loader.EnhancedServiceLoader$1" sourceFile="EnhancedServiceLoader.java" interface="false" size="14" bugs="0"/>
      <ClassStats class="com.alibaba.fescar.common.loader.EnhancedServiceLoaderTest" sourceFile="EnhancedServiceLoaderTest.java" interface="false" size="34" bugs="1" priority_2="1"/>
      <ClassStats class="com.alibaba.fescar.common.loader.EnhancedServiceNotFoundException" sourceFile="EnhancedServiceNotFoundException.java" interface="false" size="19" bugs="0"/>
      <ClassStats class="com.alibaba.fescar.common.loader.FrenchHello" sourceFile="FrenchHello.java" interface="false" size="5" bugs="0"/>
      <ClassStats class="com.alibaba.fescar.common.loader.Hello" sourceFile="Hello.java" interface="true" size="2" bugs="0"/>
      <ClassStats class="com.alibaba.fescar.common.loader.LoadLevel" sourceFile="LoadLevel.java" interface="true" size="3" bugs="0"/>
    </PackageStats>
    <PackageStats package="com.alibaba.fescar.common.thread" total_bugs="3" total_types="8" total_size="118" priority_2="3">
      <ClassStats class="com.alibaba.fescar.common.thread.NamedThreadFactory" sourceFile="NamedThreadFactory.java" interface="false" size="24" bugs="0"/>
      <ClassStats class="com.alibaba.fescar.common.thread.NamedThreadFactoryTest" sourceFile="NamedThreadFactoryTest.java" interface="false" size="16" bugs="0"/>
      <ClassStats class="com.alibaba.fescar.common.thread.RejectedPolicys" sourceFile="RejectedPolicys.java" interface="false" size="5" bugs="0"/>
      <ClassStats class="com.alibaba.fescar.common.thread.RejectedPolicys$1" sourceFile="RejectedPolicys.java" interface="false" size="14" bugs="0"/>
      <ClassStats class="com.alibaba.fescar.common.thread.RejectedPolicysTest" sourceFile="RejectedPolicysTest.java" interface="false" size="26" bugs="3" priority_2="3"/>
      <ClassStats class="com.alibaba.fescar.common.thread.RejectedPolicysTest$1" sourceFile="RejectedPolicysTest.java" interface="false" size="13" bugs="0"/>
      <ClassStats class="com.alibaba.fescar.common.thread.RejectedPolicysTest$2" sourceFile="RejectedPolicysTest.java" interface="false" size="8" bugs="0"/>
      <ClassStats class="com.alibaba.fescar.common.thread.RejectedPolicysTest$3" sourceFile="RejectedPolicysTest.java" interface="false" size="12" bugs="0"/>
    </PackageStats>
    <PackageStats package="com.alibaba.fescar.common.util" total_bugs="10" total_types="6" total_size="238" priority_2="2" priority_1="8">
      <ClassStats class="com.alibaba.fescar.common.util.BlobUtils" sourceFile="BlobUtils.java" interface="false" size="24" bugs="3" priority_1="3"/>
      <ClassStats class="com.alibaba.fescar.common.util.BlobUtilsTest" sourceFile="BlobUtilsTest.java" interface="false" size="14" bugs="0"/>
      <ClassStats class="com.alibaba.fescar.common.util.NetUtil" sourceFile="NetUtil.java" interface="false" size="87" bugs="0"/>
      <ClassStats class="com.alibaba.fescar.common.util.NetUtilTest" sourceFile="NetUtilTest.java" interface="false" size="64" bugs="2" priority_2="2"/>
      <ClassStats class="com.alibaba.fescar.common.util.StringUtils" sourceFile="StringUtils.java" interface="false" size="20" bugs="3" priority_1="3"/>
      <ClassStats class="com.alibaba.fescar.common.util.StringUtilsTest" sourceFile="StringUtilsTest.java" interface="false" size="29" bugs="2" priority_1="2"/>
    </PackageStats>
    <FindBugsProfile>
      <ClassProfile name="edu.umd.cs.findbugs.FindBugs2" totalMilliseconds="169" invocations="2" avgMicrosecondsPerInvocation="84898" maxMicrosecondsPerInvocation="156940" standardDeviationMircosecondsPerInvocation="72041"/>
      <ClassProfile name="edu.umd.cs.findbugs.classfile.engine.ClassDataAnalysisEngine" totalMilliseconds="91" invocations="851" avgMicrosecondsPerInvocation="107" maxMicrosecondsPerInvocation="339" standardDeviationMircosecondsPerInvocation="36"/>
      <ClassProfile name="edu.umd.cs.findbugs.classfile.engine.ClassInfoAnalysisEngine" totalMilliseconds="90" invocations="849" avgMicrosecondsPerInvocation="106" maxMicrosecondsPerInvocation="2562" standardDeviationMircosecondsPerInvocation="213"/>
      <ClassProfile name="edu.umd.cs.findbugs.detect.FindNullDerefsInvolvingNonShortCircuitEvaluation" totalMilliseconds="34" invocations="33" avgMicrosecondsPerInvocation="1047" maxMicrosecondsPerInvocation="33708" standardDeviationMircosecondsPerInvocation="5773"/>
      <ClassProfile name="edu.umd.cs.findbugs.detect.FieldItemSummary" totalMilliseconds="32" invocations="132" avgMicrosecondsPerInvocation="245" maxMicrosecondsPerInvocation="2747" standardDeviationMircosecondsPerInvocation="483"/>
      <ClassProfile name="edu.umd.cs.findbugs.detect.FindNoSideEffectMethods" totalMilliseconds="27" invocations="132" avgMicrosecondsPerInvocation="211" maxMicrosecondsPerInvocation="2626" standardDeviationMircosecondsPerInvocation="404"/>
      <ClassProfile name="edu.umd.cs.findbugs.OpcodeStack$JumpInfoFactory" totalMilliseconds="25" invocations="469" avgMicrosecondsPerInvocation="55" maxMicrosecondsPerInvocation="600" standardDeviationMircosecondsPerInvocation="75"/>
      <ClassProfile name="edu.umd.cs.findbugs.classfile.engine.bcel.IsNullValueDataflowFactory" totalMilliseconds="11" invocations="163" avgMicrosecondsPerInvocation="70" maxMicrosecondsPerInvocation="1701" standardDeviationMircosecondsPerInvocation="158"/>
    </FindBugsProfile>
  </FindBugsSummary>
  <ClassFeatures></ClassFeatures>
  <History></History>
</BugCollection>
