<?xml version="1.0" encoding="UTF-8"?>
<?xml-stylesheet type="text/xsl" href="http://findbugs.sourceforge.net/xsl/default.xsl"?>

<BugCollection version="3.0.1" sequence="0" timestamp="1555683642324" analysisTimestamp="1555683641819" release="">
  <Project projectName="fescar-all[fescar-spring]">
    <Jar>C:\Users\Subhodip_PC\Desktop\PROJECT\Seta_Downloads\seata-0.3.0\spring\target\classes\com\alibaba\fescar\spring\annotation\GlobalLock.class</Jar>
    <Jar>C:\Users\Subhodip_PC\Desktop\PROJECT\Seta_Downloads\seata-0.3.0\spring\target\classes\com\alibaba\fescar\spring\annotation\GlobalTransactional.class</Jar>
    <Jar>C:\Users\Subhodip_PC\Desktop\PROJECT\Seta_Downloads\seata-0.3.0\spring\target\classes\com\alibaba\fescar\spring\annotation\GlobalTransactionalInterceptor$1.class</Jar>
    <Jar>C:\Users\Subhodip_PC\Desktop\PROJECT\Seta_Downloads\seata-0.3.0\spring\target\classes\com\alibaba\fescar\spring\annotation\GlobalTransactionalInterceptor$2.class</Jar>
    <Jar>C:\Users\Subhodip_PC\Desktop\PROJECT\Seta_Downloads\seata-0.3.0\spring\target\classes\com\alibaba\fescar\spring\annotation\GlobalTransactionalInterceptor$3.class</Jar>
    <Jar>C:\Users\Subhodip_PC\Desktop\PROJECT\Seta_Downloads\seata-0.3.0\spring\target\classes\com\alibaba\fescar\spring\annotation\GlobalTransactionalInterceptor.class</Jar>
    <Jar>C:\Users\Subhodip_PC\Desktop\PROJECT\Seta_Downloads\seata-0.3.0\spring\target\classes\com\alibaba\fescar\spring\annotation\GlobalTransactionScanner.class</Jar>
    <Jar>C:\Users\Subhodip_PC\Desktop\PROJECT\Seta_Downloads\seata-0.3.0\spring\target\classes\com\alibaba\fescar\spring\annotation\MethodDesc.class</Jar>
    <Jar>C:\Users\Subhodip_PC\Desktop\PROJECT\Seta_Downloads\seata-0.3.0\spring\target\test-classes\com\alibaba\fescar\spring\annotation\Business.class</Jar>
    <Jar>C:\Users\Subhodip_PC\Desktop\PROJECT\Seta_Downloads\seata-0.3.0\spring\target\test-classes\com\alibaba\fescar\spring\annotation\BusinessImpl.class</Jar>
    <Jar>C:\Users\Subhodip_PC\Desktop\PROJECT\Seta_Downloads\seata-0.3.0\spring\target\test-classes\com\alibaba\fescar\spring\annotation\BusinessProxy.class</Jar>
    <Jar>C:\Users\Subhodip_PC\Desktop\PROJECT\Seta_Downloads\seata-0.3.0\spring\target\test-classes\com\alibaba\fescar\spring\annotation\GlobalTransactionScannerTest.class</Jar>
    <AuxClasspathEntry>C:/Users/Subhodip_PC/Desktop/PROJECT/Seta_Downloads/seata-0.3.0/common/target/classes</AuxClasspathEntry>
    <AuxClasspathEntry>C:/Users/Subhodip_PC/Desktop/PROJECT/Seta_Downloads/seata-0.3.0/common/target/test-classes</AuxClasspathEntry>
    <AuxClasspathEntry>C:/Users/Subhodip_PC/Desktop/PROJECT/Seta_Downloads/seata-0.3.0/config/target/classes</AuxClasspathEntry>
    <AuxClasspathEntry>C:/Users/Subhodip_PC/Desktop/PROJECT/Seta_Downloads/seata-0.3.0/config/target/test-classes</AuxClasspathEntry>
    <AuxClasspathEntry>C:/Users/Subhodip_PC/Desktop/PROJECT/Seta_Downloads/seata-0.3.0/tm/target/classes</AuxClasspathEntry>
    <AuxClasspathEntry>C:/Users/Subhodip_PC/Desktop/PROJECT/Seta_Downloads/seata-0.3.0/tm/target/test-classes</AuxClasspathEntry>
    <AuxClasspathEntry>C:/Users/Subhodip_PC/Desktop/PROJECT/Seta_Downloads/seata-0.3.0/spring/target/classes</AuxClasspathEntry>
    <AuxClasspathEntry>C:/Users/Subhodip_PC/Desktop/PROJECT/Seta_Downloads/seata-0.3.0/spring/target/test-classes</AuxClasspathEntry>
    <AuxClasspathEntry>C:/Users/Subhodip_PC/Desktop/PROJECT/Seta_Downloads/seata-0.3.0/core/target/classes</AuxClasspathEntry>
    <AuxClasspathEntry>C:/Users/Subhodip_PC/Desktop/PROJECT/Seta_Downloads/seata-0.3.0/core/target/test-classes</AuxClasspathEntry>
    <AuxClasspathEntry>C:/Users/Subhodip_PC/Desktop/PROJECT/Seta_Downloads/seata-0.3.0/discovery/target/classes</AuxClasspathEntry>
    <AuxClasspathEntry>C:/Users/Subhodip_PC/Desktop/PROJECT/Seta_Downloads/seata-0.3.0/discovery/target/test-classes</AuxClasspathEntry>
    <AuxClasspathEntry>C:/Users/Subhodip_PC/Desktop/PROJECT/Seta_Downloads/seata-0.3.0/rm-datasource/target/classes</AuxClasspathEntry>
    <AuxClasspathEntry>C:/Users/Subhodip_PC/Desktop/PROJECT/Seta_Downloads/seata-0.3.0/rm-datasource/target/test-classes</AuxClasspathEntry>
    <SrcDir>C:/Users/Subhodip_PC/Desktop/PROJECT/Seta_Downloads/seata-0.3.0/spring/src/main/java</SrcDir>
    <SrcDir>C:/Users/Subhodip_PC/Desktop/PROJECT/Seta_Downloads/seata-0.3.0/spring/src/test/java</SrcDir>
  </Project>
  <Errors errors="0" missingClasses="0"></Errors>
  <FindBugsSummary timestamp="Wed, 17 Apr 2019 05:35:06 -0500" total_classes="12" referenced_classes="54" total_bugs="0" total_size="273" num_packages="1" java_version="1.8.0_152-release" vm_version="25.152-b28" cpu_seconds="15.50" clock_seconds="49.15" peak_mbytes="1875.25" alloc_mbytes="2320.00" gc_seconds="0.10">
    <FileStats path="com/alibaba/fescar/spring/annotation/Business.java" bugCount="0" size="2"/>
    <FileStats path="com/alibaba/fescar/spring/annotation/BusinessImpl.java" bugCount="0" size="8"/>
    <FileStats path="com/alibaba/fescar/spring/annotation/BusinessProxy.java" bugCount="0" size="14"/>
    <FileStats path="com/alibaba/fescar/spring/annotation/GlobalLock.java" bugCount="0" size="1"/>
    <FileStats path="com/alibaba/fescar/spring/annotation/GlobalTransactionScanner.java" bugCount="0" size="121"/>
    <FileStats path="com/alibaba/fescar/spring/annotation/GlobalTransactionScannerTest.java" bugCount="0" size="17"/>
    <FileStats path="com/alibaba/fescar/spring/annotation/GlobalTransactional.java" bugCount="0" size="3"/>
    <FileStats path="com/alibaba/fescar/spring/annotation/GlobalTransactionalInterceptor.java" bugCount="0" size="89"/>
    <FileStats path="com/alibaba/fescar/spring/annotation/MethodDesc.java" bugCount="0" size="18"/>
    <PackageStats package="com.alibaba.fescar.spring.annotation" total_bugs="0" total_types="12" total_size="273">
      <ClassStats class="com.alibaba.fescar.spring.annotation.Business" sourceFile="Business.java" interface="true" size="2" bugs="0"/>
      <ClassStats class="com.alibaba.fescar.spring.annotation.BusinessImpl" sourceFile="BusinessImpl.java" interface="false" size="8" bugs="0"/>
      <ClassStats class="com.alibaba.fescar.spring.annotation.BusinessProxy" sourceFile="BusinessProxy.java" interface="false" size="14" bugs="0"/>
      <ClassStats class="com.alibaba.fescar.spring.annotation.GlobalLock" sourceFile="GlobalLock.java" interface="true" size="1" bugs="0"/>
      <ClassStats class="com.alibaba.fescar.spring.annotation.GlobalTransactionScanner" sourceFile="GlobalTransactionScanner.java" interface="false" size="121" bugs="0"/>
      <ClassStats class="com.alibaba.fescar.spring.annotation.GlobalTransactionScannerTest" sourceFile="GlobalTransactionScannerTest.java" interface="false" size="17" bugs="0"/>
      <ClassStats class="com.alibaba.fescar.spring.annotation.GlobalTransactional" sourceFile="GlobalTransactional.java" interface="true" size="3" bugs="0"/>
      <ClassStats class="com.alibaba.fescar.spring.annotation.GlobalTransactionalInterceptor" sourceFile="GlobalTransactionalInterceptor.java" interface="false" size="59" bugs="0"/>
      <ClassStats class="com.alibaba.fescar.spring.annotation.GlobalTransactionalInterceptor$1" sourceFile="GlobalTransactionalInterceptor.java" interface="false" size="11" bugs="0"/>
      <ClassStats class="com.alibaba.fescar.spring.annotation.GlobalTransactionalInterceptor$2" sourceFile="GlobalTransactionalInterceptor.java" interface="false" size="15" bugs="0"/>
      <ClassStats class="com.alibaba.fescar.spring.annotation.GlobalTransactionalInterceptor$3" sourceFile="GlobalTransactionalInterceptor.java" interface="false" size="4" bugs="0"/>
      <ClassStats class="com.alibaba.fescar.spring.annotation.MethodDesc" sourceFile="MethodDesc.java" interface="false" size="18" bugs="0"/>
    </PackageStats>
    <FindBugsProfile>
      <ClassProfile name="edu.umd.cs.findbugs.FindBugs2" totalMilliseconds="195" invocations="2" avgMicrosecondsPerInvocation="97745" maxMicrosecondsPerInvocation="190081" standardDeviationMircosecondsPerInvocation="92336"/>
      <ClassProfile name="edu.umd.cs.findbugs.classfile.engine.ClassDataAnalysisEngine" totalMilliseconds="159" invocations="449" avgMicrosecondsPerInvocation="354" maxMicrosecondsPerInvocation="990" standardDeviationMircosecondsPerInvocation="92"/>
      <ClassProfile name="edu.umd.cs.findbugs.classfile.engine.ClassInfoAnalysisEngine" totalMilliseconds="47" invocations="447" avgMicrosecondsPerInvocation="105" maxMicrosecondsPerInvocation="2055" standardDeviationMircosecondsPerInvocation="213"/>
    </FindBugsProfile>
  </FindBugsSummary>
  <ClassFeatures></ClassFeatures>
  <History></History>
</BugCollection>
