<?xml version="1.0" encoding="UTF-8"?>
<?xml-stylesheet type="text/xsl" href="http://findbugs.sourceforge.net/xsl/default.xsl"?>

<BugCollection version="3.0.1" sequence="0" timestamp="1555683640597" analysisTimestamp="1555683640278" release="">
  <Project projectName="fescar-all[fescar-dubbo]">
    <Jar>C:\Users\Subhodip_PC\Desktop\PROJECT\Seta_Downloads\seata-0.3.0\dubbo\target\classes\com\alibaba\fescar\dubbo\TransactionPropagationFilter.class</Jar>
    <AuxClasspathEntry>C:/Users/Subhodip_PC/Desktop/PROJECT/Seta_Downloads/seata-0.3.0/common/target/classes</AuxClasspathEntry>
    <AuxClasspathEntry>C:/Users/Subhodip_PC/Desktop/PROJECT/Seta_Downloads/seata-0.3.0/common/target/test-classes</AuxClasspathEntry>
    <AuxClasspathEntry>C:/Users/Subhodip_PC/Desktop/PROJECT/Seta_Downloads/seata-0.3.0/dubbo/target/classes</AuxClasspathEntry>
    <AuxClasspathEntry>C:/Users/Subhodip_PC/Desktop/PROJECT/Seta_Downloads/seata-0.3.0/config/target/classes</AuxClasspathEntry>
    <AuxClasspathEntry>C:/Users/Subhodip_PC/Desktop/PROJECT/Seta_Downloads/seata-0.3.0/config/target/test-classes</AuxClasspathEntry>
    <AuxClasspathEntry>C:/Users/Subhodip_PC/Desktop/PROJECT/Seta_Downloads/seata-0.3.0/tm/target/classes</AuxClasspathEntry>
    <AuxClasspathEntry>C:/Users/Subhodip_PC/Desktop/PROJECT/Seta_Downloads/seata-0.3.0/tm/target/test-classes</AuxClasspathEntry>
    <AuxClasspathEntry>C:/Users/Subhodip_PC/Desktop/PROJECT/Seta_Downloads/seata-0.3.0/core/target/classes</AuxClasspathEntry>
    <AuxClasspathEntry>C:/Users/Subhodip_PC/Desktop/PROJECT/Seta_Downloads/seata-0.3.0/core/target/test-classes</AuxClasspathEntry>
    <AuxClasspathEntry>C:/Users/Subhodip_PC/Desktop/PROJECT/Seta_Downloads/seata-0.3.0/discovery/target/classes</AuxClasspathEntry>
    <AuxClasspathEntry>C:/Users/Subhodip_PC/Desktop/PROJECT/Seta_Downloads/seata-0.3.0/discovery/target/test-classes</AuxClasspathEntry>
    <SrcDir>C:/Users/Subhodip_PC/Desktop/PROJECT/Seta_Downloads/seata-0.3.0/dubbo/src/main/java</SrcDir>
    <SrcDir>C:/Users/Subhodip_PC/Desktop/PROJECT/Seta_Downloads/seata-0.3.0/dubbo/src/main/resources</SrcDir>
  </Project>
  <Errors errors="0" missingClasses="0"></Errors>
  <FindBugsSummary timestamp="Wed, 17 Apr 2019 05:35:06 -0500" total_classes="1" referenced_classes="11" total_bugs="0" total_size="30" num_packages="1" java_version="1.8.0_152-release" vm_version="25.152-b28" cpu_seconds="16.03" clock_seconds="49.87" peak_mbytes="1874.92" alloc_mbytes="2320.00" gc_seconds="0.11">
    <FileStats path="com/alibaba/fescar/dubbo/TransactionPropagationFilter.java" bugCount="0" size="30"/>
    <PackageStats package="com.alibaba.fescar.dubbo" total_bugs="0" total_types="1" total_size="30">
      <ClassStats class="com.alibaba.fescar.dubbo.TransactionPropagationFilter" sourceFile="TransactionPropagationFilter.java" interface="false" size="30" bugs="0"/>
    </PackageStats>
    <FindBugsProfile>
      <ClassProfile name="edu.umd.cs.findbugs.FindBugs2" totalMilliseconds="140" invocations="2" avgMicrosecondsPerInvocation="70133" maxMicrosecondsPerInvocation="136571" standardDeviationMircosecondsPerInvocation="66438"/>
      <ClassProfile name="edu.umd.cs.findbugs.classfile.engine.ClassDataAnalysisEngine" totalMilliseconds="97" invocations="318" avgMicrosecondsPerInvocation="306" maxMicrosecondsPerInvocation="969" standardDeviationMircosecondsPerInvocation="84"/>
      <ClassProfile name="edu.umd.cs.findbugs.classfile.engine.ClassInfoAnalysisEngine" totalMilliseconds="46" invocations="318" avgMicrosecondsPerInvocation="144" maxMicrosecondsPerInvocation="2328" standardDeviationMircosecondsPerInvocation="304"/>
    </FindBugsProfile>
  </FindBugsSummary>
  <ClassFeatures></ClassFeatures>
  <History></History>
</BugCollection>
