<?xml version="1.0" encoding="UTF-8"?>
<?xml-stylesheet type="text/xsl" href="http://findbugs.sourceforge.net/xsl/default.xsl"?>

<BugCollection version="3.0.1" sequence="0" timestamp="1555582685260" analysisTimestamp="1555582684831" release="">
  <Project projectName="fitnesse-20190416[fitnesse.buildSrc.main]">
    <Jar>C:\Users\Subhodip_PC\Desktop\PROJECT\Fitnesse_Downloads\fitnesse-20190416\buildSrc\out\production\classes\LessCompiler.class</Jar>
    <Jar>C:\Users\Subhodip_PC\Desktop\PROJECT\Fitnesse_Downloads\fitnesse-20190416\buildSrc\out\production\classes\WikiFileListBuilder.class</Jar>
    <Jar>C:\Users\Subhodip_PC\Desktop\PROJECT\Fitnesse_Downloads\fitnesse-20190416\buildSrc\out\production\classes\WikiFileListBuilderTask$_setFiles_closure1.class</Jar>
    <Jar>C:\Users\Subhodip_PC\Desktop\PROJECT\Fitnesse_Downloads\fitnesse-20190416\buildSrc\out\production\classes\WikiFileListBuilderTask$_setFiles_closure2$_closure3.class</Jar>
    <Jar>C:\Users\Subhodip_PC\Desktop\PROJECT\Fitnesse_Downloads\fitnesse-20190416\buildSrc\out\production\classes\WikiFileListBuilderTask$_setFiles_closure2.class</Jar>
    <Jar>C:\Users\Subhodip_PC\Desktop\PROJECT\Fitnesse_Downloads\fitnesse-20190416\buildSrc\out\production\classes\WikiFileListBuilderTask.class</Jar>
    <AuxClasspathEntry>C:/Users/Subhodip_PC/Desktop/PROJECT/Fitnesse_Downloads/fitnesse-20190416/buildSrc/out/production/classes</AuxClasspathEntry>
    <SrcDir>C:/Users/Subhodip_PC/Desktop/PROJECT/Fitnesse_Downloads/fitnesse-20190416/buildSrc/src/main/groovy</SrcDir>
    <SrcDir>C:/Users/Subhodip_PC/Desktop/PROJECT/Fitnesse_Downloads/fitnesse-20190416/buildSrc/src/main/java</SrcDir>
    <SrcDir>C:/Users/Subhodip_PC/Desktop/PROJECT/Fitnesse_Downloads/fitnesse-20190416/buildSrc/src/main/resources</SrcDir>
  </Project>
  <Errors errors="0" missingClasses="0"></Errors>
  <FindBugsSummary timestamp="Thu, 18 Apr 2019 04:59:16 -0500" total_classes="6" referenced_classes="22" total_bugs="0" total_size="196" num_packages="1" java_version="1.8.0_152-release" vm_version="25.152-b28" cpu_seconds="360.58" clock_seconds="699.30" peak_mbytes="1586.28" alloc_mbytes="2320.00" gc_seconds="9.83">
    <FileStats path="LessCompiler.groovy" bugCount="0" size="31"/>
    <FileStats path="WikiFileListBuilder.groovy" bugCount="0" size="82"/>
    <FileStats path="WikiFileListBuilderTask.groovy" bugCount="0" size="83"/>
    <PackageStats package="" total_bugs="0" total_types="6" total_size="196">
      <ClassStats class="LessCompiler" sourceFile="LessCompiler.groovy" interface="false" size="31" bugs="0"/>
      <ClassStats class="WikiFileListBuilder" sourceFile="WikiFileListBuilder.groovy" interface="false" size="82" bugs="0"/>
      <ClassStats class="WikiFileListBuilderTask" sourceFile="WikiFileListBuilderTask.groovy" interface="false" size="44" bugs="0"/>
      <ClassStats class="WikiFileListBuilderTask$_setFiles_closure1" sourceFile="WikiFileListBuilderTask.groovy" interface="false" size="13" bugs="0"/>
      <ClassStats class="WikiFileListBuilderTask$_setFiles_closure2" sourceFile="WikiFileListBuilderTask.groovy" interface="false" size="14" bugs="0"/>
      <ClassStats class="WikiFileListBuilderTask$_setFiles_closure2$_closure3" sourceFile="WikiFileListBuilderTask.groovy" interface="false" size="12" bugs="0"/>
    </PackageStats>
    <FindBugsProfile>
      <ClassProfile name="edu.umd.cs.findbugs.classfile.engine.ClassInfoAnalysisEngine" totalMilliseconds="92" invocations="415" avgMicrosecondsPerInvocation="223" maxMicrosecondsPerInvocation="14339" standardDeviationMircosecondsPerInvocation="988"/>
      <ClassProfile name="edu.umd.cs.findbugs.FindBugs2" totalMilliseconds="79" invocations="2" avgMicrosecondsPerInvocation="39917" maxMicrosecondsPerInvocation="69949" standardDeviationMircosecondsPerInvocation="30032"/>
      <ClassProfile name="edu.umd.cs.findbugs.classfile.engine.ClassDataAnalysisEngine" totalMilliseconds="41" invocations="417" avgMicrosecondsPerInvocation="100" maxMicrosecondsPerInvocation="323" standardDeviationMircosecondsPerInvocation="48"/>
      <ClassProfile name="edu.umd.cs.findbugs.classfile.engine.bcel.UnconditionalValueDerefDataflowFactory" totalMilliseconds="21" invocations="81" avgMicrosecondsPerInvocation="265" maxMicrosecondsPerInvocation="14570" standardDeviationMircosecondsPerInvocation="1611"/>
      <ClassProfile name="edu.umd.cs.findbugs.detect.FieldItemSummary" totalMilliseconds="13" invocations="22" avgMicrosecondsPerInvocation="592" maxMicrosecondsPerInvocation="2680" standardDeviationMircosecondsPerInvocation="775"/>
      <ClassProfile name="edu.umd.cs.findbugs.classfile.engine.bcel.IsNullValueDataflowFactory" totalMilliseconds="11" invocations="81" avgMicrosecondsPerInvocation="137" maxMicrosecondsPerInvocation="1205" standardDeviationMircosecondsPerInvocation="232"/>
    </FindBugsProfile>
  </FindBugsSummary>
  <ClassFeatures></ClassFeatures>
  <History></History>
</BugCollection>
