<?xml version="1.0" encoding="UTF-8"?>
<?xml-stylesheet type="text/xsl" href="http://findbugs.sourceforge.net/xsl/default.xsl"?>

<BugCollection version="3.0.1" sequence="0" timestamp="1555669835068" analysisTimestamp="1555669834363" release="">
  <Project projectName="fitnesse-20190202[fitnesse.buildSrc.main]">
    <Jar>C:\Users\Subhodip_PC\Desktop\New folder\fitnesse-20190202\buildSrc\out\production\classes\LessCompiler.class</Jar>
    <Jar>C:\Users\Subhodip_PC\Desktop\New folder\fitnesse-20190202\buildSrc\out\production\classes\WikiFileListBuilder.class</Jar>
    <Jar>C:\Users\Subhodip_PC\Desktop\New folder\fitnesse-20190202\buildSrc\out\production\classes\WikiFileListBuilderTask$_setFiles_closure1.class</Jar>
    <Jar>C:\Users\Subhodip_PC\Desktop\New folder\fitnesse-20190202\buildSrc\out\production\classes\WikiFileListBuilderTask$_setFiles_closure2$_closure3.class</Jar>
    <Jar>C:\Users\Subhodip_PC\Desktop\New folder\fitnesse-20190202\buildSrc\out\production\classes\WikiFileListBuilderTask$_setFiles_closure2.class</Jar>
    <Jar>C:\Users\Subhodip_PC\Desktop\New folder\fitnesse-20190202\buildSrc\out\production\classes\WikiFileListBuilderTask.class</Jar>
    <AuxClasspathEntry>C:/Users/Subhodip_PC/Desktop/New folder/fitnesse-20190202/buildSrc/out/production/classes</AuxClasspathEntry>
    <SrcDir>C:/Users/Subhodip_PC/Desktop/New folder/fitnesse-20190202/buildSrc/src/main/groovy</SrcDir>
  </Project>
  <Errors errors="0" missingClasses="0"></Errors>
  <FindBugsSummary timestamp="Fri, 19 Apr 2019 05:30:32 -0500" total_classes="6" referenced_classes="22" total_bugs="0" total_size="196" num_packages="1" java_version="1.8.0_152-release" vm_version="25.152-b28" cpu_seconds="129.86" clock_seconds="72.74" peak_mbytes="1172.68" alloc_mbytes="2320.00" gc_seconds="3.41">
    <FileStats path="LessCompiler.groovy" bugCount="0" size="31"/>
    <FileStats path="WikiFileListBuilder.groovy" bugCount="0" size="82"/>
    <FileStats path="WikiFileListBuilderTask.groovy" bugCount="0" size="83"/>
    <PackageStats package="" total_bugs="0" total_types="6" total_size="196">
      <ClassStats class="LessCompiler" sourceFile="LessCompiler.groovy" interface="false" size="31" bugs="0"/>
      <ClassStats class="WikiFileListBuilder" sourceFile="WikiFileListBuilder.groovy" interface="false" size="82" bugs="0"/>
      <ClassStats class="WikiFileListBuilderTask" sourceFile="WikiFileListBuilderTask.groovy" interface="false" size="44" bugs="0"/>
      <ClassStats class="WikiFileListBuilderTask$_setFiles_closure1" sourceFile="WikiFileListBuilderTask.groovy" interface="false" size="13" bugs="0"/>
      <ClassStats class="WikiFileListBuilderTask$_setFiles_closure2" sourceFile="WikiFileListBuilderTask.groovy" interface="false" size="14" bugs="0"/>
      <ClassStats class="WikiFileListBuilderTask$_setFiles_closure2$_closure3" sourceFile="WikiFileListBuilderTask.groovy" interface="false" size="12" bugs="0"/>
    </PackageStats>
    <FindBugsProfile>
      <ClassProfile name="edu.umd.cs.findbugs.classfile.engine.ClassInfoAnalysisEngine" totalMilliseconds="99" invocations="416" avgMicrosecondsPerInvocation="239" maxMicrosecondsPerInvocation="14183" standardDeviationMircosecondsPerInvocation="976"/>
      <ClassProfile name="edu.umd.cs.findbugs.FindBugs2" totalMilliseconds="78" invocations="2" avgMicrosecondsPerInvocation="39407" maxMicrosecondsPerInvocation="64570" standardDeviationMircosecondsPerInvocation="25163"/>
      <ClassProfile name="edu.umd.cs.findbugs.classfile.engine.ClassDataAnalysisEngine" totalMilliseconds="48" invocations="418" avgMicrosecondsPerInvocation="116" maxMicrosecondsPerInvocation="607" standardDeviationMircosecondsPerInvocation="62"/>
      <ClassProfile name="edu.umd.cs.findbugs.classfile.engine.bcel.IsNullValueDataflowFactory" totalMilliseconds="43" invocations="81" avgMicrosecondsPerInvocation="533" maxMicrosecondsPerInvocation="13187" standardDeviationMircosecondsPerInvocation="1583"/>
      <ClassProfile name="edu.umd.cs.findbugs.detect.FieldItemSummary" totalMilliseconds="26" invocations="22" avgMicrosecondsPerInvocation="1187" maxMicrosecondsPerInvocation="5639" standardDeviationMircosecondsPerInvocation="1662"/>
      <ClassProfile name="edu.umd.cs.findbugs.OpcodeStack$JumpInfoFactory" totalMilliseconds="25" invocations="219" avgMicrosecondsPerInvocation="116" maxMicrosecondsPerInvocation="1164" standardDeviationMircosecondsPerInvocation="145"/>
      <ClassProfile name="edu.umd.cs.findbugs.classfile.engine.bcel.TypeDataflowFactory" totalMilliseconds="22" invocations="81" avgMicrosecondsPerInvocation="273" maxMicrosecondsPerInvocation="3597" standardDeviationMircosecondsPerInvocation="476"/>
      <ClassProfile name="edu.umd.cs.findbugs.classfile.engine.bcel.UnconditionalValueDerefDataflowFactory" totalMilliseconds="19" invocations="81" avgMicrosecondsPerInvocation="244" maxMicrosecondsPerInvocation="2950" standardDeviationMircosecondsPerInvocation="506"/>
      <ClassProfile name="edu.umd.cs.findbugs.detect.FindNoSideEffectMethods" totalMilliseconds="19" invocations="22" avgMicrosecondsPerInvocation="888" maxMicrosecondsPerInvocation="5048" standardDeviationMircosecondsPerInvocation="1351"/>
      <ClassProfile name="edu.umd.cs.findbugs.classfile.engine.bcel.ValueNumberDataflowFactory" totalMilliseconds="19" invocations="83" avgMicrosecondsPerInvocation="234" maxMicrosecondsPerInvocation="2574" standardDeviationMircosecondsPerInvocation="406"/>
      <ClassProfile name="edu.umd.cs.findbugs.ba.npe.NullDerefAndRedundantComparisonFinder" totalMilliseconds="18" invocations="81" avgMicrosecondsPerInvocation="229" maxMicrosecondsPerInvocation="2569" standardDeviationMircosecondsPerInvocation="446"/>
      <ClassProfile name="edu.umd.cs.findbugs.classfile.engine.bcel.CFGFactory" totalMilliseconds="14" invocations="81" avgMicrosecondsPerInvocation="176" maxMicrosecondsPerInvocation="912" standardDeviationMircosecondsPerInvocation="172"/>
      <ClassProfile name="edu.umd.cs.findbugs.detect.SynchronizingOnContentsOfFieldToProtectField" totalMilliseconds="13" invocations="6" avgMicrosecondsPerInvocation="2242" maxMicrosecondsPerInvocation="12177" standardDeviationMircosecondsPerInvocation="4445"/>
      <ClassProfile name="edu.umd.cs.findbugs.detect.CalledMethods" totalMilliseconds="12" invocations="22" avgMicrosecondsPerInvocation="567" maxMicrosecondsPerInvocation="3303" standardDeviationMircosecondsPerInvocation="860"/>
      <ClassProfile name="edu.umd.cs.findbugs.detect.FindRefComparison$SpecialTypeAnalysis" totalMilliseconds="12" invocations="60" avgMicrosecondsPerInvocation="206" maxMicrosecondsPerInvocation="2113" standardDeviationMircosecondsPerInvocation="303"/>
    </FindBugsProfile>
  </FindBugsSummary>
  <ClassFeatures></ClassFeatures>
  <History></History>
</BugCollection>
